detalhe_incidente;tipo_incidente;detalhe_limpo
resetar senha sumir vario função sap sap;Erro;resetar senha sumir vario função
samippp inoperante sistema samippp;Corretiva;inoperante
instalação programa essencial operação motivo novo computador instalação programa operacional;Nova instalação;instalação programa essencial operação motivo novo computador instalação programa operacional
olá srs bom dia solicito liberação transação abaixo desde agradeço;Melhorias;liberação transação abaixo desde agradeço
chamar referente email sobre ajustir intervalo linha arcon Wolleson santo enviar outubro cassio pereirar cc diego marialvar Gabrielly azevedo assunto ajustir intervalo linha arcon bom tarde cássio conforme conversar enviar horário intervalo linha planta arcon ajustir sistema intervalo dia almoço intervalo tarde condensadora condensador evaporadora evaporadora kit acessório compressor qualquer dúvida favor informar ajustir intervalo linha arcon;Melhorias;chamar referente email sobre ajustir intervalo arcon wolleson santo enviar outubro assunto ajustir intervalo arcon conforme conversar enviar horário intervalo planta arcon ajustir intervalo almoço intervalo condensadora condensador evaporadora evaporadora kit acessório compressor qualquer dúvida informar ajustir intervalo arcon
bom tarde leandro número serie duplicar dentro de esse lote material favor realizar ajustir gabrielly processar att cassio pereirar duplicação serial lote;Erro;leandro número serie duplicar dentro lote material realizar ajustir gabrielly processar att cassio pereirar duplicação serial lote
forçar apontamento produto ac splitr komeco anexo numero evaporadora parar desde sistema sisap;Corretiva;forçar apontamento produto komeco anexo numero evaporadora parar desde
sistema falha horário impactar produção causar parada linha unidade evaporadora condensadora sistema falha intermitente;Erro;falha horário impactar produção causar parada unidade evaporadora condensadora falha intermitente
criar acesso sisap funcionário abaixo drt augusto plabyo rodrigues oliveira cpf sisap tela técnico reparo acesso sisap técnico reparo;Nova instalação;criar funcionário abaixo tela técnico reparo técnico reparo
criar usuário rede funcionário abaixo nome david Fernandes Correa cargo separador material criação usuário rede;Nova instalação;criar rede funcionário abaixo nome cargo separador material criação rede
criar usuário rede funcionário abaixo nome elia caldeirar neto cargo separador material criação usuário rede;Nova instalação;criar rede funcionário abaixo nome elia caldeirar neto cargo separador material criação rede
criar usuário rede funcionário abaixo nome wanderson Silva Maciel cargo separador material criação usuário rede;Nova instalação;criar rede funcionário abaixo nome cargo separador material criação rede
criar usuário rede funcionário abaixo nome jucelino anjo muniz cargo técnico Conserto criação usuário rede;Nova instalação;criar rede funcionário abaixo nome anjo muniz cargo técnico criação rede
descrição problema criar usuário rede acesso sisap funcionário abaixo drt nome Manoel Pedro Silva neto cargo reserva linha criação usuário rede;Nova instalação;descrição criar rede funcionário abaixo drt nome neto cargo reserva criação rede
criar usuário rede acesso sisap tela técnico drt nome luanderson santo pacheco cargo técnico Conserto criação usuário rede acesso sisap;Nova instalação;criar rede tela técnico nome cargo técnico criação rede
ajustar horário intervalo linha início término intervalo manhã evap cond evap cond almoço evap cond evap cond intervalo tarde evap cond evap cond ajustir horário linha arcon;Melhorias;ajustar horário intervalo início término intervalo manhã evap cond evap cond almoço evap cond evap cond intervalo evap cond evap cond ajustir horário arcon
criar usuário rede acesso sisap funcionário abaixo drt nome augusto plabyo rodrigues oliveira função técnico Conserto criação usuário rede acesso sisap;Nova instalação;criar rede funcionário abaixo drt nome função técnico criação rede
não conseguir forçar apontamento pa produção dia faltar conjunto meta dia tinahm conjunto poder apontar resumo arcon apontamento resumo arcon;Corretiva;conseguir forçar apontamento produção faltar conjunto meta tinahm conjunto poder apontar resumo arcon apontamento resumo arcon
sisap não possível clicar botão envio parada linha necessário atualizar lista envio planto arcon não envio parada linha sisap;Corretiva;possível clicar botão envio parada necessário atualizar lista envio planto arcon envio parada
criar usuário rede felipe Silva Alves nascimento drt função reserva linha criação usuário rede;Nova instalação;criar rede nascimento drt função reserva criação rede
criar usuário rede acesso sisap natanael maciel nascimento drt função separador material cpf criação usuário rede;Nova instalação;criar rede natanael maciel nascimento drt função separador material cpf criação rede
criar usário sisap funcionário abaixo alia luists drt luis felipe tavar Silva função líder produção copiar acesso gabriellysa criação usuário rede;Nova instalação;criar usário funcionário abaixo alia função líder produção copiar gabriellysa criação rede
rasp ficar desligado minuto ligar novamente posto amarrar painel falha rede rasp;Corretiva;ficar desligado minuto ligar novamente amarrar painel falha rede
rasp ficar desligar minuto ligar novamente posto teeste hipot falha rede rasp;Corretiva;ficar desligar minuto ligar novamente falha rede
realização número series anexo ler errar número série linha piloto;Erro;realização número series anexo ler errar número série piloto
liberação autorização etiqueta ordem produção placa usuário ne atalia pp acesso autorização etiqueta ordem produção usuário em atália PP;Erro;liberação autorização etiqueta ordem produção placa atalia autorização etiqueta ordem produção atália
amarração ordem produção status contingência aplicação contingência programação programação aplicação contingência;Melhorias;amarração ordem produção status contingência aplicação contingência programação programação aplicação contingência
gerar ap leitura placa Skd ne princ mont geração ap modelo;Erro;gerar leitura placa skd princ mont geração modelo
favor preciso habilitar sisap função amarração fase usuário priscilabsr habilitação sisap função amarração fase;Erro;preciso habilitar função amarração fase priscilabsr habilitação função amarração fase
analise plano produção linho rede cadastro linha rede;Avaliação_Técnica;analise plano produção linho rede cadastro rede
necessário disponibilizar cadastro tabela processo subcontratação sistema sap conforme detalhe anexo cadastro unidade processo subcontratação sap;Corretiva;necessário disponibilizar cadastro tabela processo subcontratação conforme detalhe anexo cadastro unidade processo subcontratação
solicitar instalação autorização uso sistema máquina colaborador abaixo wellington Sidney Silva Costa analista sgi jr tallyta faria matio controle qualidade sgi instalação fazer necessário ter vista necessidade autorização frota veículo prestador serviço coplast coleta transporte resíduo gerar semp tcl arcon instalação;Nova instalação;solicitar instalação autorização uso máquina colaborador abaixo analista faria matio controle qualidade sgi instalação fazer necessário ter vista necessidade autorização frota veículo prestador serviço coplast coleta transporte resíduo gerar semp tcl arcon instalação
solicitar instalação sistema máquina colaborador abaixo planto arcondicionar wellington Sidney Silva Costa analista sgi jr tallyta faria matio controle qualidade sgi instalação sistema portar net;Nova instalação;solicitar instalação máquina colaborador abaixo planto arcondicionar wellington analista faria matio controle qualidade sgi instalação portar net
não com si visualizar pedido sap liberação transação sap;Corretiva;visualizar pedido liberação transação
faltar algum defeito sisap conforme realidade processo arcon solicitar inclusão item conforme lista anexo desde agradeço atualização lista defeito sistema sisap;Melhorias;faltar algum defeito conforme realidade processo arcon solicitar inclusão item conforme lista anexo desde agradeço atualização lista defeito
não conseguir rastrear tec reparo produto retrabalhar hoje existir acesso geral solicitar cada téc acesso individual ver anexo nome desde agradeço cadastro técnico reparo sistema sisap;Melhorias;conseguir rastrear tec reparo produto retrabalhar hoje existir geral solicitar cada téc individual ver anexo nome desde agradeço cadastro técnico reparo
problema leitura etiqueta Caixa Eletrica posto embalagem linha Caixa Eletrica amarração Evap problema leitura etq Caixa Eletrica;Corretiva;leitura etiqueta caixa eletrica embalagem caixa eletrica amarração evap leitura etq caixa eletrica
ajustir sequenciamento posto evap atender projeto Caixa Eletrica ajustir sequenciamento posto evap;Melhorias;ajustir sequenciamento evap atender projeto caixa eletrica ajustir sequenciamento evap
adicionar melhoria tela impressão imprimir etq final Evap mostrar lado opção impressão etq Caixa Eletrica acordo ne cx eletrica lista tecnico ap Evap adicionar tambem melhoria conteudo etiqueta Caixa Eletrica final descrição adicionar ap melhoria tela impressão proj cx Eletrica;Melhorias;adicionar melhoria tela impressão imprimir etq final evap mostrar lado opção impressão etq caixa eletrica acordo eletrica lista tecnico evap adicionar tambem melhoria conteudo etiqueta caixa eletrica final descrição adicionar melhoria tela impressão proj eletrica
solicitar permissão cadastro item sisap espelhar permissão usuário fernandot cadastro item;Melhorias;solicitar permissão cadastro item espelhar permissão fernandot cadastro item
solicitar criação linha kit acessório sistema sisap modo permitir rastreabilidade item garantir prosseguimento adequado atividade criação linha kit acessório;Nova instalação;solicitar criação kit acessório modo permitir rastreabilidade item garantir prosseguimento adequado atividade criação kit acessório
solicitar novo senha entrada sistema sap user sap;Avaliação_Técnica;solicitar novo senha entrada user
atualização versão mesmo não disponível utilização pc necessitar urgência devido demanda atividade setor atualização planoedp;Nova instalação;atualização versão disponível utilização necessitar urgência devido demanda atividade setor atualização planoedp
solicitar reabertura lote inspeção posto oba devido lançamento errar reprovação realizar qualidade lote constar liberar dia produto reprovar reabertura inspeção posto oba;Erro;solicitar reabertura lote inspeção oba devido lançamento errar reprovação realizar qualidade lote constar liberar produto reprovar reabertura inspeção oba
criar movimento copia diferenciar movs scrap produção qualidade criar cópia mov;Melhorias;criar movimento copia diferenciar movs scrap produção qualidade criar cópia mov
solicitar atualização relatório oba conforme documento anexar acesso possível inclusão procedimento critério relatório pôr oba atualização relatório oba;Melhorias;solicitar atualização relatório oba conforme documento anexar possível inclusão procedimento critério relatório pôr oba atualização relatório oba
bom dia solicitar exclusão inclusão pallet posto oba reprovar indevidamente time qualidade ajustir liberação ajustir pallet reprovação indevido oba;Corretiva;solicitar exclusão inclusão pallet oba reprovar indevidamente time qualidade ajustir liberação ajustir pallet reprovação indevido oba
solicitar retorno plano controle numerador excluir indevidamente usuário marcost retornar plano controle excluir indevidamente usuário marcost;Corretiva;solicitar retorno plano controle numerador excluir indevidamente marcost retornar plano controle excluir indevidamente marcost
bom tarde solicitar autorização abertura parada linha sistema sisap autorização abertura parada linha;Avaliação_Técnica;solicitar autorização abertura parada autorização abertura parada
tipo manutenção alterar key user processo transação sim justifique caso usuário andreiamf centro custo requisição aprovar usuário usuário ir criar requisição ser aprovar usuário euduardogc ronilsonb francisco gestor ir aprovar nível alçada acima gerente qualidade gerente industrial eason xueyx higino Soares suprimento Miguel marialvar di diretor industrial Paulo sandrini dco neuso sato df controller Pedro Carvalho presidência Carlos li felipe hennel fay caso usuário gildeniceaa centro custo requisição aprovar usuário usuário ir criar requisição ser aprovar usuário amandagm gestor ir aprovar nível alçada acima gerente facilitie provisoriamente Paulo sandrini suprimento Miguel marialvar di diretor industrial Paulo sandrini dco neuso sato df controller Pedro Carvalho presidência Carlos li felipe hennel fay outro informação mudança estruturo autorização sap;Melhorias;tipo manutenção alterar key user processo transação sim justifique caso andreiamf centro custo requisição aprovar criar requisição aprovar gestor aprovar nível alçada acima gerente qualidade gerente industrial eason xueyx higino suprimento diretor industrial controller presidência caso gildeniceaa centro custo requisição aprovar criar requisição aprovar amandagm gestor aprovar nível alçada acima gerente facilitie provisoriamente suprimento diretor industrial controller presidência outro informação mudança estruturo autorização
solicitar reparo sisap quanto lançamento defeito posto técnico não permitir realizar lançamento defeito tão pouco desassociação placa painel sisap não permitir lançamento defeito posto técnico;Corretiva;solicitar reparo quanto lançamento defeito técnico permitir realizar lançamento defeito tão pouco desassociação placa painel permitir lançamento defeito técnico
solicitar limpeza ns anexado desassociação painel rejeitar problema qualidade modelo limpeza banco dado problema qualidade;Corretiva;solicitar limpeza anexado desassociação painel rejeitar qualidade modelo limpeza banco qualidade
lançamento indevido defeito tv led semp vide anexo solicitar exclusão defeito lançamento indevido defeito exclusão;Erro;lançamento indevido defeito led semp vide anexo solicitar exclusão defeito lançamento indevido defeito exclusão
solicitar retirada defeito vide anexo duplicar sistema sisap duplicação defeito;Corretiva;solicitar retirada defeito vide anexo duplicar duplicação defeito
solicitar limpeza banco dado defeito qualidade material documento abrir qualidade devir tratativo vide anexo limpeza banco dado problema qualidade;Corretiva;solicitar limpeza banco defeito qualidade material documento abrir qualidade devir tratativo vide anexo limpeza banco qualidade
solicitar limpeza base dado devido lançamento indevir posto teste processo vide anexo lançamento indevido defeito exclusão;Corretiva;solicitar limpeza base devido lançamento indevir teste processo vide anexo lançamento indevido defeito exclusão
solicitar inclusão dado kit acessório base pedestal aparelho vide anexo pois produzir sem registro de este dado sisap não registrar kit acessório base pedestal;Corretiva;solicitar inclusão kit acessório base pedestal aparelho vide anexo pois produzir registro registrar kit acessório base pedestal
solicitar exclusão ns abaixo lançamento defeito indevido lançamento indevido defeito exclusão;Erro;solicitar exclusão abaixo lançamento defeito indevido lançamento indevido defeito exclusão
solicitar exclusão lançamento defeito abaixo pois lançar indevidamente obrigar lançamento indevido defeito exclusão;Erro;solicitar exclusão lançamento defeito abaixo pois lançar indevidamente obrigar lançamento indevido defeito exclusão
solicitar exclusão abaixo pois tratar lançamento indever exclusão lançamento indevir;Erro;solicitar exclusão abaixo pois tratar lançamento indever exclusão lançamento indevir
solicitar visualização cadastro capacidade menu pm check capacidade produção durante processo produção visualização cadastro capacidade;Erro;solicitar visualização cadastro capacidade menu check capacidade produção durante processo produção visualização cadastro capacidade
registrar solicitação pedir via teams exclusão defeito seguinte numero serie walter santo walter santo apagar registro defeito;Corretiva;registrar pedir via teams exclusão defeito seguinte numero serie apagar registro defeito
solicitar exclusão número série abaixo relatório técnico pois lançar forma errado excusão defeito lançar incorreto;Erro;solicitar exclusão número série abaixo relatório técnico pois lançar forma errado excusão defeito lançar incorreto
solicitar exclusão defeito relatório técnico ns abaixo lançar forma incorreto excusão defeito lançar incorreto;Erro;solicitar exclusão defeito relatório técnico abaixo lançar forma incorreto excusão defeito lançar incorreto
solicitar exclusão ns montar aparelho pedido ordem exclusão em s;Corretiva;solicitar exclusão montar aparelho pedido ordem exclusão
solicitar exclusão relatório técnico lançar indevidamente exclusão em s relatório técnico;Corretiva;solicitar exclusão relatório técnico lançar indevidamente exclusão relatório técnico
solicitar exclusão ns anexar apenas relatório técnico devido lançamento incorreto exclusão em s relatório técnico;Corretiva;solicitar exclusão anexar apenas relatório técnico devido lançamento incorreto exclusão relatório técnico
solicitar exclusão ns abaixo apenas relatório técnico lançar incorretamente exclusão em s relatório técnico;Corretiva;solicitar exclusão abaixo apenas relatório técnico lançar incorretamente exclusão relatório técnico
solicitar exlusão ns somente relatório técnico abaixo lançar devido problema qualidade reportar mesmo não dever contabilizar indicador qualiade excusão defeito lançamento desconsiderar;Corretiva;solicitar exlusão somente relatório técnico abaixo lançar devido qualidade reportar dever contabilizar indicador qualiade excusão defeito lançamento desconsiderar
solicitar exclusão ns abaixo apenas relatório técnico sisap devido lançamento incorreto exclusão em s relatório técnico;Corretiva;solicitar exclusão abaixo apenas relatório técnico devido lançamento incorreto exclusão relatório técnico
solicitar criação usuário apela sistema sisap tecnico eletronico ii assumur novo função drt Renato Guimaraes hosanah cpf criação usuário Guimaraes hosanah;Nova instalação;solicitar criação apela tecnico eletronico assumur novo função drt hosanah cpf criação guimaraes hosanah
solicitar criação usuário sisap técnico produção el max Silva Maia drt cpf criação usuário max Silva Maia;Nova instalação;solicitar criação técnico produção max silva maia drt cpf criação max silva maia
solicitar exclusão defeito relatório técnico ns pois realizar lançamento indevido exclusão em s relatório técnico;Corretiva;solicitar exclusão defeito relatório técnico pois realizar lançamento indevido exclusão relatório técnico
necessidade permissão pois tentanto acessar sistema primeira vez permissão plano edp;Nova instalação;necessidade permissão pois tentanto acessar primeira vez permissão plano edp
nao autoriizar mexer em esse sistema permissão plano edp;Nova instalação;nao autoriizar mexer permissão plano edp
impressão etiqueta pci principal iac tentar imprimir ne linha piloto sistema impressão não exibir descrição de esse ne ne piloto sem descrição;Melhorias;impressão etiqueta pci principal iac tentar imprimir piloto impressão exibir descrição piloto descrição
problema realizar preenchimento aprovação checklists melhoria sipap checklist;Melhorias;realizar preenchimento aprovação checklists melhoria sipap checklist
embalar forma equivocar placa modelo op op ser op diferente modelo diferente momento leitura sisap não bloquear favor verificar possibilidade resetar registro embalagem de esse placa ser embalar op correta erro embalagem;Corretiva;embalar forma equivocar placa modelo diferente modelo diferente momento leitura bloquear possibilidade resetar registro embalagem placa embalar correta erro embalagem
liberação usuário victorsf função exercer preciso utilizar sistema enviar relatório diário saída tcl semp entrada pa hine liberação sistema portaria;Avaliação_Técnica;liberação victorsf função exercer preciso utilizar enviar relatório diário saída tcl semp entrada hine liberação portaria
solicitar liberação permissão alteração acesspr pe cp;Corretiva;solicitar liberação permissão alteração acesspr
发件人 vanessa Gonçalves 发送时间 收件人 李昕凝 抄送 elaine oliveirar 黄景淇 lucas batista Pedro dallecio eduardo maregar 主题 falta orçamento fssc oi nadine bom dia tudo bem conta centro custo abaixo fssc divergente sap conseguir verificar porque valor não subir fssc área precisar entrar pedido fssc não constar orçamento disponível contar centro sap falta orçamento fssc novo centro custo;Avaliação_Técnica;batista falta orçamento fssc nadine tudo bem conta centro custo abaixo fssc divergente conseguir porque valor subir fssc área precisar entrar pedido fssc constar orçamento disponível contar centro falta orçamento fssc novo centro custo
não conseguir abrir arquivo sem Internet sem Internet;Corretiva;conseguir abrir arquivo internet internet
teams não receber mensagem teams inoperante;Corretiva;teams receber mensagem teams inoperante
implementar leitura qr coder dois base pedestal durante embalagem amarrar Código ean caixa embalagem cb kit acess cb tv qr coder dois base pedestal modelo produzir mf configuração estação passagem embalagem sisap mf;Melhorias;implementar leitura coder dois base pedestal durante embalagem amarrar código ean caixa embalagem kit acess coder dois base pedestal modelo produzir configuração estação passagem embalagem
implementação posto inspeção etiqueta identificação sub conjunto tampa amarrar código barra etiqueta controle produto linha nota sistema funcionamento linha mf acréscimo pôr inspeção etiq etiq produto;Melhorias;implementação inspeção etiqueta identificação sub conjunto tampa amarrar código barra etiqueta controle produto nota funcionamento acréscimo pôr inspeção etiq etiq produto
mudança dado qr coder algum modelo dar novo neç rate labelç xxxxxx modeloç xxxxxxxxx leitura etq identificação novo padrão;Melhorias;mudança coder algum modelo dar novo neç rate labelç xxxxxx xxxxxxxxx leitura etq identificação novo padrão
etiqueta pci rede formato skd não ser possível imprimir etiqueta homologação dado sistema impressão;Corretiva;etiqueta pci rede formato skd possível imprimir etiqueta homologação impressão
solicitar acesso usuario ismaelss acesso sistema portaria;Avaliação_Técnica;solicitar usuario ismaelss portaria
ajustir processo aprovação rc po centro custo engenharer cajamar contar razão grupo compra eqa engenharia manau atualmente despesa orçar centro custo engenharia cajamar precisar disponibilidade grupo compra eqa nota simulação realizar area teste t eduardo romero tratativo ver teams usuário tiagoc ajustir transação sistema sap;Melhorias;ajustir processo aprovação centro custo engenharer cajamar contar razão grupo compra eqa engenharia manau atualmente despesa orçar centro custo engenharia cajamar precisar disponibilidade grupo compra eqa nota simulação realizar area teste ver teams tiagoc ajustir transação
computador atual demonstrar problema utilização liga desligar pois antigo lento solicitação computador;Melhorias;computador atual demonstrar utilização liga desligar pois antigo lento computador
bom dia favor verificar pc erro stopcode desligar frequentemente entrar conforme imagem anexo computador desligar;Corretiva;erro stopcode desligar frequentemente entrar conforme imagem anexo computador desligar
preciso acesso cadastro capacidade aceessoa cadastro capacidade;Melhorias;preciso cadastro capacidade aceessoa cadastro capacidade
instalação sistema samippa computador virtual mãozinhar instalação sistema;Nova instalação;instalação samippa computador virtual mãozinhar instalação
retirar contagem índice defeito referente caixa embalagem Evap alteração sisap;Corretiva;retirar contagem índice defeito referente caixa embalagem evap alteração
programa samipp não conseguir acessar dar erro samippp não abrir;Corretiva;programa samipp conseguir acessar dar erro samippp abrir
necessito ter acesso pasta endereço indústria investimento acesso pasta;Corretiva;necessito ter pasta endereço indústria investimento pasta
mudança formato doc ppp novo formato samippp mudança formato doc ppp;Melhorias;mudança formato doc ppp novo formato samippp mudança formato doc ppp
idw off line linha idw off line;Corretiva;idw off line idw off line
idw off line não conseguir acompanhar desempenho maquina idw off line;Corretiva;idw off line conseguir acompanhar desempenho maquina idw off line
smd iac idw off line impossibilitar acompanhar desempenho maquina idw off line;Corretiva;smd iac idw off line impossibilitar acompanhar desempenho maquina idw off line
idw off linar impossibilitar acompanhar eficiência linha idw off line;Corretiva;idw off linar impossibilitar acompanhar eficiência idw off line
registro solicitação realizar presencialmente desbloqueio etiqueta conforme anexo abaixo desbloqueio etiqueta ne;Erro;registro realizar presencialmente desbloqueio etiqueta conforme anexo abaixo desbloqueio etiqueta
ne novo etiqueta rede não visível realizar impressão ne novo etiqueta rede não visível realizar impressão;Melhorias;novo etiqueta rede visível realizar impressão novo etiqueta rede visível realizar impressão
solicitar ajustir prox letra atual v range impressão etq estourar range milhão;Corretiva;solicitar ajustir prox letra atual range impressão etq estourar range milhão
registro solicitação realizar via whatsapp teams solicitação erro imprimir etiqueta rede ne aparecer etiqueta impresse ne problema impressao;Erro;registro realizar via whatsapp teams erro imprimir etiqueta rede aparecer etiqueta impresse impressao
descrever solicitação solicitar reabrir po linha fazer flag campo n avalar flag po;Melhorias;descrever solicitar reabrir fazer flag campo avalar flag
Background azul fixar mudar cor amarelo colocar aviso ordem divergência Folha cabeçalho marca diagonal item somente azul pertencer divergência melhoria tela ordem alimentação;Melhorias;background azul fixar mudar cor amarelo colocar aviso ordem divergência folha cabeçalho marca diagonal item somente azul pertencer divergência melhoria tela ordem alimentação
criação rotina sistema sisap verificação divergência ordem alimentação comparação programa sistema sipap plataforma flexa siplace pro inclusão comparacao programa sipap;Melhorias;criação rotina verificação divergência ordem alimentação comparação programa sipap plataforma flexa siplace pro inclusão comparacao programa sipap
criação perfil igual funcionário fabio ferreiro eng acesso sistema Metro legar;Melhorias;criação perfil igual funcionário metro legar
plano edp inoperante atividade programação alteração ordem alimentação parar prioridade alto atividade paralisado plano edp;Erro;inoperante atividade programação alteração ordem alimentação parar prioridade alto atividade paralisado
arquivo extraír maquina formatação sipap geração ordem alimentação comparação programa maquina ordem produção op alteração arquivo programa original maquina smt fuji asm cm sipap;Melhorias;arquivo extraír maquina formatação sipap geração ordem alimentação comparação programa maquina ordem produção alteração arquivo programa original maquina smt fuji asm sipap
inclusão comparação programa ne posição mecânico sistema ordem alimentação sistema sap comparar ne não efetivo comparação programa sipap;Melhorias;inclusão comparação programa posição mecânico ordem alimentação comparar efetivo comparação programa sipap
preciso funcionário vitor nunes Robert drt uso sistema sipap sisap perfil funcionário abaixo silvio Silva santo drt isaia correo Souza drt alteracao perfil prod perfil eng;Nova instalação;preciso funcionário uso sipap perfil funcionário abaixo santo drt isaia correo souza drt alteracao perfil prod perfil eng
corrigir sistema idw usuário isaia correo Wander balieiro instalacao idw;Corretiva;corrigir idw isaia correo balieiro instalacao idw
modulo ordem alimentação opção lista detalhamento preciso alteração campo código ciclo padrão código aumentar quantidade caracter aceitar caracter ciclo padrão aceitar numero decimal imagem melhoria modulo ordem alimentação opção lista detalhamento;Melhorias;modulo ordem alimentação opção lista detalhamento preciso alteração campo código ciclo padrão código aumentar quantidade caracter aceitar caracter ciclo padrão aceitar numero decimal imagem melhoria modulo ordem alimentação opção lista detalhamento
modulo ordem alimentação opção ordem alimentação preciso clicar opção exportar arquivo gerar atualmente salva exporto download preciso disponibilizar opção exportar determinado caminho exemplo tv folha auditoria auditoria programa ver abrir janela onde usuário poder informar local salvo arquivo imagem preciso disponibilizar opção exportar local determinar;Melhorias;modulo ordem alimentação opção ordem alimentação preciso clicar opção exportar arquivo gerar atualmente salva exporto download preciso disponibilizar opção exportar determinado caminho exemplo folha auditoria auditoria programa ver abrir janela onde poder informar local salvo arquivo imagem preciso disponibilizar opção exportar local determinar
implementação chamado necessário ajustir relatório ordem produção indicar disponível imagem ajustir relatório ordem produção código ciclo;Melhorias;implementação chamado necessário ajustir relatório ordem produção indicar disponível imagem ajustir relatório ordem produção código ciclo
analisar arquivo carga maquina pci princ orde alim cm responsável criar novo versão ordem alimentação importar arquivo aparecer tela erro não deixar prosseguir próximo etapa manutenção ordem alimentação imagem analise debug importação arquivo ordem alimentação;Erro;arquivo carga maquina pci princ orde alim responsável criar novo versão ordem alimentação importar arquivo aparecer tela erro deixar prosseguir próximo etapa manutenção ordem alimentação imagem analise debug importação arquivo ordem alimentação
check imc auditor componente imc basear ordem produção versão layout posto linha adaptação solução atual iac ordem alimentação gerar engenharia iniciar abastecimento componente posto trabalho linha check imc auditor componente imc;Corretiva;check imc auditor componente imc basear ordem produção versão layout adaptação solução atual iac ordem alimentação gerar engenharia iniciar abastecimento componente trabalho check imc auditor componente imc
desenvolvimento funcionalidade vinculação amarração leitura etiqueta caixa painel vinculação etiqueta ud endereçamento estoque confirmação pagamento linha mf novo funcionalidade confirmação ud fase mf;Melhorias;desenvolvimento funcionalidade vinculação amarração leitura etiqueta caixa painel vinculação etiqueta endereçamento estoque confirmação pagamento novo funcionalidade confirmação fase
conforme informar ticket anterior referente projeto abrir ticket registrar processo homologação melhoria sistema após efetivo validação uso produção estarer realizar reunião alinhamento área envolver produção engenharia pcp dti definirmo próximo etapa obrigado homologação check imc auditor componente imc;Melhorias;conforme informar ticket anterior referente projeto abrir ticket registrar processo homologação melhoria após efetivo validação uso produção estarer realizar reunião alinhamento área envolver produção engenharia definirmo próximo etapa homologação check imc auditor componente imc
conforme conversar silvio presencialmente durante visita produção chamado anterior homologação concluir realizar registro hora atividade mês agosto chamado abrir registro melhoria solicitar parte produção sistema atualmente apenas demanda específico relacionar disponibilidade painel ainda sendoanalisado internamente dti melhoria check imc auditor componente Imc;Melhorias;conforme conversar presencialmente durante visita produção chamado anterior homologação concluir realizar registro hora atividade mês agosto chamado abrir registro melhoria solicitar parte produção atualmente apenas demanda específico relacionar disponibilidade painel ainda sendoanalisado internamente dti melhoria check imc auditor componente imc
ajuste correção módulo ordem alimentação sipap ajustir data ultimo alteração data corrente alteração ajustir campo Código nomdocldc não acumular prefixo ajustir poder mover componente etapa feeder diferente sipap ajuste ordem alimentação;Corretiva;ajuste correção módulo ordem alimentação sipap ajustir data ultimo alteração data corrente alteração ajustir campo código nomdocldc acumular prefixo ajustir poder mover componente etapa feeder diferente sipap ajuste ordem alimentação
bom dia chamado abrir registro correção melhoria solicitar parte produção sistema auditor componente imc atividade relacionar sistema mês outubro registrar em este ticket qualquer dúvida entr contato obrigado melhoria check imc auditor componente Imc;Melhorias;chamado abrir registro correção melhoria solicitar parte produção auditor componente imc atividade relacionar mês outubro registrar ticket qualquer dúvida entr contato melhoria check imc auditor componente imc
incluir cadastro referente linha iac criação linha iac emb duplo;Nova instalação;incluir cadastro referente iac criação iac emb duplo
acrescentar ordem alimentação campo tela cadastrar quantidade ponto ordem alimentação cadastro ponto;Melhorias;acrescentar ordem alimentação campo tela cadastrar quantidade ponto ordem alimentação cadastro ponto
implementar lógico importar arquivo máquina nxtr linha submódulo mapa alimentação sipap molde importação ja existente nxt cm siplace dado dever importar partir planilha formato excel dever seguir padrão dado exportar máquina sipap importação arquivo nxtr mapa alimentação;Melhorias;implementar lógico importar arquivo máquina nxtr submódulo mapa alimentação sipap molde importação existente nxt siplace dever importar partir planilha formato excel dever seguir padrão exportar máquina sipap importação arquivo nxtr mapa alimentação
login posto linha montagem login posto produção;Corretiva;login montagem login produção
log liberação quarentena pm gmt sistema topdesk departamento outro informe departamento dcq urgência solicitação alto descrição processo atual liberação fazer forma manual sistema sap chamar abrir porque projeto juntamente leandro pagan aí pedir abrir frequência processo diário tempo médio gastar execução manual min sistema aplicativo envolver sap integração sap sim informe modulo qm reduzir erro sim economizar tempo sim aumentar conformidade sim outro não benefício esperar liberar material ter histórico serial liberado restrição regra específico preciso ter histórico serial cond liberar hora data liberação possível login liberar acesso necessário relatorio log liberação quarentena;Melhorias;log liberação quarentena topdesk departamento outro informe departamento dcq urgência alto descrição processo atual liberação fazer forma manual chamar abrir porque projeto juntamente pedir abrir frequência processo diário tempo médio gastar execução manual min aplicativo envolver integração sim informe modulo reduzir erro sim economizar tempo sim aumentar conformidade sim outro benefício esperar liberar material ter histórico serial liberado restrição regra específico preciso ter histórico serial cond liberar hora data liberação possível login liberar necessário relatorio log liberação quarentena
registro solicitação fazer via teams solicitar apoio apontar item seguinte ordem criar ambiente t sap evap cond ac;Avaliação_Técnica;registro fazer via teams solicitar apoio apontar item seguinte ordem criar ambiente
liberar inspetor aprovar lote qualidade coletor novo inspetor autodu;Melhorias;liberar inspetor aprovar lote qualidade coletor novo inspetor autodu
desbloquear usuario adolfocs ser bloquear;Corretiva;desbloquear usuario adolfocs bloquear
solicitar ver atualizar novo versão sistema jit onlinar atualização novo versão jit onlinar;Nova instalação;solicitar ver atualizar novo versão jit onlinar atualização novo versão jit onlinar
atualização sistema jit onlinar jit onlinar;Avaliação_Técnica;atualização jit onlinar jit onlinar
não reconhecer rede rede;Erro;reconhecer rede rede
site jit onlinar inoperante jit onlinar;Erro;site inoperante
solicitar criar usuário josemc jit onlinar;Nova instalação;solicitar criar josemc jit onlinar
favor criar acesso jit onlinar fornecedor flex Cnpj acesso jit onlinar;Nova instalação;criar jit onlinar fornecedor flex cnpj jit onlinar
favor criar acesso jit onlinar fornecedor ventto Cnpj acesso jit onlinar;Nova instalação;criar jit onlinar fornecedor ventto jit onlinar
estagiaria agora funcionário normal ponto ir ponto estagiaria ainda novo drt drt estagiario ponto beatriz Souza;Erro;estagiaria agora funcionário normal ponto ponto estagiaria ainda novo drt drt estagiario ponto
solicitar liberação colaborador abaixo acompanhamento entrada saída booking carreta contêiner sistema portaria módulo fiscal sebastiaos josemc acesso sistema portaria módulo fiscal;Nova instalação;solicitar liberação colaborador abaixo acompanhamento entrada saída booking carreta contêiner portaria módulo fiscal sebastiaos josemc portaria módulo fiscal
prezar bom dia hoje manhã sistema ponto amanhecer assim lembrar período fechamento seguir erro benner;Erro;prezar hoje manhã ponto amanhecer assim lembrar período fechamento seguir erro benner
ajustir horário painel produção novo horário atendimento decreto governo covid ajustir horário;Melhorias;ajustir horário painel produção novo horário atendimento decreto governo covid ajustir horário
gerar relatório peso ne modelo kit acessório arcon facilitar ajustir balança peso modelo geração kit;Melhorias;gerar relatório peso modelo kit acessório arcon facilitar ajustir balança peso modelo geração kit
disponibilizar acesso reimpressão boleto posto embalagem linha arcon acesso reimpressão boleto;Melhorias;disponibilizar reimpressão boleto embalagem arcon reimpressão boleto
usuário não conseguir carregar lista ne compressor campo item adicionar novo cadastro corriger incluir família compressor view detalhamento item não conseguir cadastrar compressor;Melhorias;conseguir carregar lista compressor campo item adicionar novo cadastro corriger incluir família compressor view detalhamento item conseguir cadastrar compressor
tratamento impressão etiqueta trane tratamento impressão etiqueta trane;Corretiva;tratamento impressão etiqueta trane tratamento impressão etiqueta trane
acesso novo usuário Metro adriano Carolino sup engenharia acesso Metro;Melhorias;novo metro engenharia metro
solicitar alteração perfil usuário Adrianosc perfil usuário francimarrl atualização perfil sistema Metro;Melhorias;solicitar alteração perfil adrianosc perfil francimarrl atualização perfil metro
modelo produzir ac não apontar automaticamente sistema sisap ac splitr tcl op data apontamento ac arcon pendente;Erro;modelo produzir apontar automaticamente splitr tcl data apontamento arcon pendente
solicitar retira botão importar sap telha principal detalhamento item pois prejudicar apontamento automático ac zerar quantidade produto palete correção detalhamento item;Corretiva;solicitar retira botão importar telha principal detalhamento item pois prejudicar apontamento automático zerar quantidade produto palete correção detalhamento item
solicitar criação posto linha linha ac piso teto arconr ac arcon Evap arcon cond semelhante linha existente criação linha posto piso teto;Nova instalação;solicitar criação piso evap arcon cond semelhante existente criação piso teto
erro executar transação tipo movimento usuário jairh permissão acesso;Corretiva;erro executar transação tipo movimento jairh permissão
ajustir nomenclatura etiq prod modelo evap cond diferenciar modelo sw ex correto Evap atual Evap quantidade caracter não permitir acrescentar correção nomenclatura etiq prod modelo;Melhorias;ajustir nomenclatura etiq prod modelo evap cond diferenciar modelo correto evap atual evap quantidade caracter permitir acrescentar correção nomenclatura etiq prod modelo
instalação etqproduto note usuário sandreyr fernandot ativação etqproduto;Nova instalação;instalação etqproduto note sandreyr fernandot ativação etqproduto
liberação acesso imprimir etiqueta anatel arcon usuário Sandreym fernandot diegocm diegog gabrielsb acesso impressão etiqueta anatelr arcon;Nova instalação;liberação imprimir etiqueta anatel arcon sandreym fernandot diegocm diegog gabrielsb impressão etiqueta anatelr arcon
usuário tiagopn erro sem autorização concluir transação conforme anexo precisar de esse transação dar continuidade atividade sap erro transação;Erro;tiagopn erro autorização concluir transação conforme anexo precisar transação dar continuidade atividade erro transação
erro entrar transação usuário marcost erro transação;Melhorias;erro entrar transação marcost erro transação
usuário tiagoc não conseguir abrir requisição conforme anexo falha autorização;Erro;conseguir abrir requisição conforme anexo falha autorização
perfil relatório cadastro material facilitar criação requisição permissão;Melhorias;perfil relatório cadastro material facilitar criação requisição permissão
sisap não importar dado algum modelo sap detalhamento item modelo importar dado sap sisap;Erro;importar algum modelo detalhamento item modelo importar
usuário andre oliveirar necessitar ter perfil acesso sisap usuário mark Martins alteração;Corretiva;necessitar ter perfil mark martins alteração
apontamento x grupo roteiro versão produção João mende ciente de este atividade apontamento x grupo roteiro versão produção;Corretiva;apontamento grupo roteiro versão produção joão mende ciente atividade apontamento grupo roteiro versão produção
solicitar ajustir horário trabalho sisap linha kit acessório arcon objetivo evitar leitura outro turno ajustir horário linha kit ac;Corretiva;solicitar ajustir horário trabalho kit acessório arcon objetivo evitar leitura outro turno ajustir horário kit
solicitar cadastro novo item copper tube detalhamento item pois novo item não aparecer cadastro cadastro modelo detalhamento item;Erro;solicitar cadastro novo item copper tube detalhamento item pois novo item aparecer cadastro cadastro modelo detalhamento item
transação não funcionando não consiger olhar posição erro sap;Erro;transação funcionando consiger olhar posição erro
não consigar salvar cadastrar item sistema;Erro;consigar salvar cadastrar item
ser sap não reconhecer sap;Corretiva;reconhecer
sem acesso outlook outlook;Erro;outlook outlook
configurar sistema uso funcionáriamayra Ketlen nascimento barboso Loginmayranb configuração novo usuário;Melhorias;configurar uso funcionáriamayra nascimento barboso configuração novo
necessitar lançamento automático entrada nota serviço processo importação mesmo apropriem crédito cofim pis pois ir apropriar de esse crédito apuração imposto seguir anexo configuração dever ficar criar código impor ir apropriação crédito pis cofim lançamento pis cofins entrada importação;Melhorias;necessitar lançamento automático entrada nota serviço processo importação apropriem crédito cofim pis pois apropriar crédito apuração imposto seguir anexo configuração dever ficar criar código impor apropriação crédito lançamento pis cofins entrada importação
docum apresentar rejeição schema xml favor verificar motivo verificação nfe rejeição schema xml;Avaliação_Técnica;docum apresentar rejeição schema xml motivo verificação nfe rejeição schema xml
abap chamado pm gmt ronaldo duarte pedido diretoria financeiro precisar automatizar contabilização exclusão tributo abaixo base pis cofim icms pis cofim automatização dever ocorrer empresa grupo ser dever funcionalidade utilização não de este possibilidade ademal não haver qualquer alteração informação nota fiscal tão somente contabilização anexo planilha exemplo chegar valor dever desonerar automatizar contabilização exclusão tributo bc pis cofim;Melhorias;abap chamado gmt ronaldo duarte pedido diretoria financeiro precisar automatizar contabilização exclusão tributo abaixo base pis cofim icms pis cofim automatização dever ocorrer empresa grupo dever funcionalidade utilização possibilidade ademal qualquer alteração informação nota fiscal tão somente contabilização anexo planilha exemplo chegar valor dever desonerar automatizar contabilização exclusão tributo
gerar planilha aquisição interno fornecedor estabelecer zfm cfop desde início operação semp tcl ind arcon informação produto ncm poder estabelecer alíquota ipi de este conforme exemplo abaixo emissão data entrada fornecedor Cnpj insc estadual cfop ne material ncm qtd total bc icms icms isenta icms outro icms bc ipi ipi isenta ipi outro ipi chave geração relatório entrada semp tcl tv arcon;Melhorias;gerar planilha aquisição interno fornecedor estabelecer desde início operação semp tcl ind arcon informação produto ncm poder estabelecer alíquota ipi conforme exemplo abaixo emissão data entrada fornecedor insc estadual cfop material ncm qtd total isenta icms outro isenta ipi outro ipi chave geração relatório entrada semp tcl arcon
favor liberar acesso t usuário me ichele maia acesso t;Melhorias;liberar ichele maia
conforme michele maia abaixo fazer melhoria seidor validar agora necessário atualizar área prd request seguir michele michele maia enviar abril mauricio capuano cc ronaldo duarte assunto request prod prioridade alto mauricio bom dia gentileza transportar request ambiente produção ceg validar criação atenciosamente atualização request seidor;Melhorias;conforme abaixo fazer melhoria seidor validar agora necessário atualizar área prd request seguir michele enviar assunto request prod prioridade alto transportar request ambiente produção ceg validar criação atenciosamente atualização request seidor
informação complementar devolução venda pa não sair data emissão favor acrescentar eliminar observação mercadoria saírá armazém xxx ver entrada erro observação devolução venda ver ag;Erro;informação complementar devolução venda sair data emissão acrescentar eliminar observação mercadoria saírá armazém xxx ver entrada erro observação devolução venda ver
abap am gmt ronaldo duarte remessa armazém fedex saindo numero ato declaratório incorreto favor configurar emissão remessa armazém código criar operação conforme configuração fazer sap colocar evidência anexo erro informação complementar remessa fedex;Melhorias;abap gmt ronaldo duarte remessa armazém fedex saindo numero ato declaratório incorreto configurar emissão remessa armazém código criar operação conforme configuração fazer colocar evidência anexo erro informação complementar remessa fedex
transferência ag filial cfop código ipi saindo configurar saia alterar valor coluna ipi sair errar bc outro correto bc excluir conforme evidência anexo erro transferência armazém x filial;Erro;transferência filial cfop código ipi saindo configurar saia alterar valor coluna ipi sair errar outro correto excluir conforme evidência anexo erro transferência armazém filial
definir todo saída armazém geral ag dever emitir serie controle área fiscal emissão dci bom esclarecimento futuro fiscalização sefaz receita federal por identificamo emissão loja fronteiriça duty free intercompany lojinhar sair ag mesmo sair serie favor alterar sair serie todo outro saída ag erro serie emissão ver ag;Erro;definir todo saída armazém geral dever emitir serie controle área fiscal emissão dci esclarecimento futuro fiscalização sefaz receita federal identificamo emissão loja fronteiriça duty free intercompany lojinhar sair sair serie alterar sair serie todo outro saída erro serie emissão ver
saída importação todo emissão sair incorreto virtude quantidade unidade saír igual quantidade unidade medida estatístico arquivo xml pois maioria caso divergente conforme exemplo abaixo poder verificar bom maneira conseguir alterar campo evitar erro emissão erro emissão exportação;Erro;saída importação todo emissão sair incorreto virtude quantidade unidade saír igual quantidade unidade medida estatístico arquivo xml pois maioria caso divergente conforme exemplo abaixo poder maneira conseguir alterar campo evitar erro emissão erro emissão exportação
geração dci mensal valor insumo não converter ocasionar valor errôneo recolhimento imposto federal suspender ii ipi pis cofins conforme exemplo anexo erro geração dci conversão;Erro;geração dci mensal valor insumo converter ocasionar valor errôneo recolhimento imposto federal suspender conforme exemplo anexo erro geração dci conversão
hoje dar problema site sefaz empresa poder paralisar operação falta emissão precisar ter possibilidade emissão contingência situação prever legislação fiscal desenvolvimento emissão contingência;Avaliação_Técnica;hoje dar site sefaz empresa poder paralisar operação falta emissão precisar ter possibilidade emissão contingência situação prever legislação fiscal desenvolvimento emissão contingência
abap ajustir observação nf pm gmt ronaldo duarte não existir hoje sap parametrização emissão transferência Centro precisar desenvolver parametrização sap emissão transferência Centro;Melhorias;observação existir hoje parametrização emissão transferência centro precisar desenvolver parametrização emissão transferência centro
solicitar bloqueio entrada conhecimento transporte empresa arcon tv partir dia poder efetuar fechamento solicitar ainda desbloqueio partir dia voltar entrar normalmente bloquei entrada fechamento fiscal;Melhorias;solicitar bloqueio entrada conhecimento transporte empresa arcon partir poder efetuar fechamento solicitar ainda desbloqueio partir voltar entrar normalmente bloquei entrada fechamento fiscal
abap am gmt ronaldo duarte nota energia dado terceiro lançar sap semp tcl industrio tv precisar estornar miro mesmo dever por não lançar sap nota pois energia apartamento chinês estorno miro;Erro;abap gmt ronaldo duarte nota energia terceiro lançar semp tcl industrio precisar estornar miro dever lançar nota pois energia apartamento chinês estorno miro
chamar pm gmt ronaldo duarte hoje não existir relatório variável campo nº pedido solicitar acrescentar pois precisar apresentar relatório amarrar respectivo pedido ano fiscalização prefeitura melhoria relatório ztdfr sair relatório numero pedir;Melhorias;chamar hoje existir relatório variável campo pedido solicitar acrescentar pois precisar apresentar relatório amarrar respectivo pedido ano fiscalização prefeitura melhoria relatório ztdfr sair relatório numero pedir
configurar sap categoria nfe yb entrada complemento valor lançamento writter parametrização sap lançamento entrada complementar valor;Melhorias;configurar categoria nfe entrada complemento valor lançamento writter parametrização lançamento entrada complementar valor
chamar abap corrigir transação am gmt ronaldo duarte alterar entrada automático retorno simbólico industrialização Cst icms ipi conforme exemplo Anexo reção cst cfop entrada automático sap;Erro;chamar abap corrigir transação gmt alterar entrada automático retorno simbólico industrialização conforme exemplo anexo reção cst cfop entrada automático
solicitar relatório venda zfm período agosto dezembro stcl industrio tv cfop layout relatório emissão cfop Cnpj razão social estado município material qtd valor contábil base icms icms icms st isento ipi bc pis aliq pis valor pis bc cofins aliq cofins valor cofins relatório faturamento zfm stcl industrio tv;Melhorias;solicitar relatório venda zfm período agosto dezembro stcl industrio cfop layout relatório emissão cfop razão social estado município material qtd valor contábil base icms icms isento pis cofins aliq cofins valor cofins relatório faturamento zfm stcl industrio
analise correção retorno subcontratação sem utilização produção fazer carta correção fornecedor anexo empresa arcon analise correção;Corretiva;analise correção retorno subcontratação utilização produção fazer carta correção fornecedor anexo empresa arcon analise correção
configuração geral hana campo onde valor em fnum branco configuração hano ferramentar synchro;Melhorias;configuração geral hana campo onde valor fnum branco configuração hano ferramentar
todo mês área fiscal abrir demanda ti solicitar bloqueio escrituração livro fiscal entrada conhecimento entrar automaticamente ver grc poder efetuar fechamento fiscal solicitar operação bloqueio ficar responsabilidade departamento fiscal bem liberação após fechamento área fiscal ter controle bloqueio entrada livro fiscal;Melhorias;todo mês área fiscal abrir demanda solicitar bloqueio escrituração livro fiscal entrada conhecimento entrar automaticamente ver grc poder efetuar fechamento fiscal solicitar operação bloqueio ficar responsabilidade departamento fiscal bem liberação após fechamento área fiscal ter controle bloqueio entrada livro fiscal
hoje não existir nenhum código imposto sobre frete creditar apenas icms solicitar criação utilizar parâmetro código impor fa exceção somente dever escriturar crédito icms criação código impor sob frete crédito somente icms;Erro;hoje existir nenhum código imposto sobre frete creditar apenas icms solicitar criação utilizar parâmetro código impor exceção somente dever escriturar crédito icms criação código impor sob frete crédito somente icms
hoje ir fazer entrada miro nota serviço não vir preenchir automático campo cfop categoria nota caso dever cfop aa entrada local cfop aa entrada interestadual categoria nota yg todo solicitar vir preenchir automaticamente campo cfop categoria existir demanda em esse sentido abrir olegário fechar sem resolver problema exemplo anexo preenchimento automático campo cfop categoria miro;Melhorias;hoje fazer entrada miro nota serviço vir preenchir automático campo cfop categoria nota caso dever cfop entrada local cfop entrada interestadual categoria nota todo solicitar vir preenchir automaticamente campo cfop categoria existir demanda sentido abrir olegário fechar resolver exemplo anexo preenchimento automático campo cfop categoria miro
função sefaz am intermitente desde diversos nf emitir Am ficar sem processamento nf sem processamento intermitência sefaz am;Erro;função sefaz intermitente desde diversos emitir ficar processamento processamento intermitência sefaz
erro emissão nota fiscal importação empresa Anexo tela erro erro emissão;Erro;erro emissão nota fiscal importação empresa anexo tela erro erro emissão
sefaz Am colocar novo validador base autorizar muito emitida ser rejeitar virtude conter aspa espaço branco xml solicitar correção definitivo evitar numero grande rejeição problema rejeição sefaz;Erro;sefaz colocar novo validador base autorizar emitida rejeitar virtude conter aspa espaço branco xml solicitar correção definitivo evitar numero grande rejeição rejeição sefaz
complemento pm gmt eduardo romero simao alteração endereço depósito fechar centro devido observaçâo nota fiscal alteração endereço devido obs nfe;Melhorias;complemento alteração endereço depósito fechar centro devido nota fiscal alteração endereço devido obs nfe
documento campo dado status doc saindo tela necessito campo descrição autorizar retirada erro sped synchro erro entrada doc;Erro;documento campo status doc saindo tela necessito campo descrição autorizar retirada erro sped synchro erro entrada doc
fornecedor enviar xml junto pdf sistema não carregar grc consequentemente não enviar vtin xml lançamento entrada ocasionar retrabalho analista enviar novamente somente xml recebimento xml entrada vtin;Corretiva;fornecedor enviar xml junto pdf carregar grc consequentemente enviar lançamento entrada ocasionar retrabalho analista enviar novamente somente xml recebimento xml entrada vtin
divergência prazo vencimento pedido virtude fornecedor atender regra pagamento departamento financeiro situação ocasionar retrabalho analista pois alterar todo vencimento hora fazer miro vencimento entrada miro;Corretiva;divergência prazo vencimento pedido virtude fornecedor atender regra pagamento departamento financeiro situação ocasionar retrabalho analista pois alterar todo vencimento hora fazer miro vencimento entrada miro
basi am gmt ronaldo duarte sistema emitir erroneamente dois entrada importação insumo único di mesmo informação qtds valor erro ocasionar fechamento mensal diferença fiscal estoque anexo evidência gerada emissão duplicidade importação;Corretiva;basi gmt ronaldo duarte emitir erroneamente dois entrada importação insumo único informação qtds valor erro ocasionar fechamento mensal diferença fiscal estoque anexo evidência gerada emissão duplicidade importação
chamar abap am gmt ronaldo duarte valor item transferência ainda não custo fechar linha piloto dever pegar preço padrão mês anterior cadastrar sap porém pegar outro valor desconhecer origem favor corrigir erro solicito ainda sistema acuse em esse transferência divergência acima preço padrão preço media móvel cadastro erro valor transferência Centro;Melhorias;chamar abap gmt ronaldo duarte valor item transferência ainda custo fechar piloto dever pegar preço padrão mês anterior cadastrar porém pegar outro valor desconhecer origem corrigir erro ainda acuse transferência divergência acima preço padrão preço media móvel cadastro erro valor transferência centro
programa não fazer conversão corretar unidade medida di unidade consumo lista técnico comforme poder verificar exemplo anexo erro conversão unidade medida geração;Erro;programa fazer conversão corretar unidade medida unidade consumo lista técnico comforme poder exemplo anexo erro conversão unidade medida geração
relacionar chamado pm gmt eduardo maregar relacionar pm gmt eduardo maregar relacionar chamado am gmt ronaldo duarte entrada subcontratação transação ordem item dever obedecer padrão sap sequencia item igual xml ordenação padrão sap sequencia item sap igual xml erro;Erro;relacionar chamado relacionar relacionar chamado gmt ronaldo duarte entrada subcontratação transação ordem item dever obedecer padrão sequencia item igual xml ordenação padrão sequencia item igual xml erro
entrada armazenagem extra prestador serviço super terminal sair código tributação iss errar favor alterar código correto sem incidência iss copia anexo erro entrada;Erro;entrada armazenagem extra prestador serviço super terminal sair código tributação iss errar alterar código correto incidência iss copia anexo erro entrada
verificar relação parecer problema talvez poder tratar conjunto am gmt ronaldo duarte entrada transferência empresa Centro pci centro tv através transação transferência planta placa saindo escrituração sap sequencia item iniciar etc correto dever sequencia conforme restante outro entrada divergência numeração dar erro geração sped fiscal anexo seguir evidência sequencia item transferência pci tv;Corretiva;relação parecer talvez poder tratar conjunto gmt ronaldo duarte entrada transferência empresa centro pci centro transação transferência planta placa saindo escrituração sequencia item iniciar etc correto dever sequencia conforme restante outro entrada divergência numeração dar erro geração sped fiscal anexo seguir evidência sequencia item transferência pci
entrada retorno físico deposito fechar através transação retorno físico matéria primo produto acabar saindo escrituração sap sequencia item iniciar etc correto dever sequencia conforme entrada retorno simbólico divergência numeração dar erro geração sped fiscal anexo seguir evidência sequencia item retorno físico;Corretiva;entrada retorno físico deposito fechar transação retorno físico matéria primo produto acabar saindo escrituração sequencia item iniciar etc correto dever sequencia conforme entrada retorno simbólico divergência numeração dar erro geração sped fiscal anexo seguir evidência sequencia item retorno físico
geração movimentação empresa baixa estoque empresa baixa estoque;Avaliação_Técnica;geração movimentação empresa baixa estoque empresa baixa estoque
relatório fiscal saída emprês relatório fsical saída;Melhorias;relatório fiscal saída emprês relatório fsical saída
item devolução venda entrar mesmo ordem venda vez faturar acordo ordem ocasionado centena erro sped fiscal precisar entrada devolução venda escriturar sap sempre sequencia inicial conforme todo outro entrada escriturado anexo evidência erro erro ordem item sap entrada devolução venda;Erro;item devolução venda entrar ordem venda vez faturar acordo ordem ocasionado centena erro sped fiscal precisar entrada devolução venda escriturar sempre sequencia inicial conforme todo outro entrada escriturado anexo evidência erro erro ordem item entrada devolução venda
cancelar sefaz através guia pagamento serie sefaz acatar cancelamento porém sap não completar processo poder completar processo sap cancelamento reprocessar cancelamento porém sap continuar não concluir processo completar cancelamento sap cancelar sefaz;Erro;cancelar sefaz guia pagamento serie sefaz acatar cancelamento porém completar processo poder completar processo cancelamento reprocessar cancelamento porém continuar concluir processo completar cancelamento cancelar sefaz
basi pm gmt ronaldo duarte criar transação código cfop ab complemento valor transferência colocar campo finalidade emissão complementar atendimento dar continuidade teste complementar transferência pci criação cfop ambiente qas t;Melhorias;basi criar transação código cfop complemento valor transferência colocar campo finalidade emissão complementar atendimento dar continuidade teste complementar transferência pci criação cfop ambiente qas
basi am gmt eduardo romero simao basi pm gmt ronaldo duarte geração valor preço unitário grande valor entrada declaração importação conforme exemplo anexo erro valor unitário geração;Erro;basi gmt eduardo romero simao basi geração valor preço unitário grande valor entrada declaração importação conforme exemplo anexo erro valor unitário geração
conclusão emissão exportação referente doc precisar alterar unidade medida estatístico tributável unidade alterar unidade medida estatístico tributável doc;Erro;conclusão emissão exportação referente doc precisar alterar unidade medida estatístico tributável unidade alterar unidade medida estatístico tributável doc
conclusão emissão exportação referente doc precisar alterar unidade medida estatístico tributável bairro unidade tributário un unidade comercializar pc bairro huizhar alterar unidade medida estatístico tributável doc;Erro;conclusão emissão exportação referente doc precisar alterar unidade medida estatístico tributável bairro unidade tributário unidade comercializar bairro huizhar alterar unidade medida estatístico tributável doc
confirmação dado informar escritório Juridíco ação pis cofim referente ano semp amazonas s analise valor ano;Avaliação_Técnica;confirmação informar escritório juridíco ação pis cofim referente ano semp amazonas analise valor ano
analise estorno par industrio plástico injetar cancelamento estorno analise par;Corretiva;analise estorno par industrio plástico injetar cancelamento estorno analise par
atendimento departamento jurídico necessito reemitir vario nota venda período sistema faturel não aparecer faturar mao impressão emissão espelho nf venda;Erro;atendimento departamento jurídico necessito reemitir vario nota venda período faturel aparecer faturar mao impressão emissão espelho venda
remessa ag apoio sc sair dir fisc icms errar correto saida fisico cfop saido virtual cfop favor alterar erro direito fiscal icms r ag apoio;Erro;apoio sair dir icms errar correto saida fisico saido virtual alterar erro direito fial apoio
solicitar relatório demonstre declaração importação item mesmo todo valor imposto suspender não processo importação relatório onde demonstre valor todo imposto importação;Melhorias;solicitar relatório demonstre declaração importação item todo valor imposto suspender processo importação relatório onde demonstre valor todo imposto importação
solicitar entrada conhecimento ver grc conster cst bc icms dever escriturar livro fiscal entrada cst cst conhecimento incorreto entrada livro fiscal;Melhorias;solicitar entrada conhecimento ver icms dever escriturar livro fiscal entrada cst cst conhecimento incorreto entrada livro fiscal
partir existir obrigatoriedade entrega vários módulo bloco k ser entregar sped fiscal módulo ser desenvolvir desenvolvimento novo módulo bloco k sped fiscal;Adequação de layout;partir existir obrigatoriedade entrega vários módulo bloco entregar sped fiscal módulo desenvolvir desenvolvimento novo módulo bloco sped fiscal
partir existir obrigatoriedade entrega vários módulo bloco k ser entregar sped fiscal módulo ser desenvolvir desenvolvimento novo módulo bloco k sped fiscal;Adequação de layout;partir existir obrigatoriedade entrega vários módulo bloco entregar sped fiscal módulo desenvolvir desenvolvimento novo módulo bloco sped fiscal
hora fazer miro item fazer indivudual correto dois ne agrupar miro unificar item ne;Erro;hora fazer miro item fazer indivudual correto dois agrupar miro unificar item
dividir carga automático dado atual sped fiscal processo pessoa mercadoria inventário empresa carga automático;Corretiva;dividir carga automático atual sped fiscal processo pessoa mercadoria inventário empresa carga automático
providenciar alteração abaixo emissão saída produto televisor ar condicionado observação tv atualmente sair resolução suframar alterar portaria suframar observação arcon atualmente sair resolucao suframar alterar portaria suframar alteração observação emissão produto tv ar condicionado;Melhorias;providenciar alteração abaixo emissão saída produto televisor condicionado observação atualmente sair resolução suframar alterar portaria suframar observação arcon atualmente sair resolucao suframar alterar portaria suframar alteração observação emissão produto condicionado
atualmente tempo resposta emissão importação Centro item levar média minuto solicitar verificar melhoria diminuição de esse tempo tempo resposta sap emissão importação Centro;Melhorias;atualmente tempo resposta emissão importação centro item levar média minuto solicitar melhoria diminuição tempo tempo resposta emissão importação centro
solicitar alteração unidade medida exportação nº doc alterar unidade medida estatístico tributável doc;Corretiva;solicitar alteração unidade medida exportação doc alterar unidade medida estatístico tributável doc
chamar abap pm gmt ronaldo duarte partir dia todo entrada sair relatório escrituração fiscal sem chave eletrônico informo todo documento escriturar sap respectivo chave informo saia normalmente hoje processarr relatório data anterior dia não sair relatório sair sem chave eletrônico entrada;Corretiva;chamar abap gmt ronaldo duarte partir todo entrada sair relatório escrituração fiscal chave eletrônico informo todo documento escriturar respectivo chave informo saia normalmente hoje processarr relatório data anterior sair relatório sair chave eletrônico entrada
alteração unidade medida xml exportação unidade tributário un unidade comercializar pc retirar bairro cadastro exportador bp dar erro sefaz seguida ti entrar alteração xml voltar bairro bp center reenver sefaz autorizar alterar unidade medida estatístico tributável doc arcon;Erro;alteração unidade medida xml exportação unidade tributário unidade comercializar retirar bairro cadastro exportador dar erro sefaz seguida entrar alteração xml voltar bairro center reenver sefaz autorizar alterar unidade medida estatístico tributável
atualização versão bom atendimento geração arquivo atualização versão synchro;Melhorias;atualização versão atendimento geração arquivo atualização versão synchro
abap pm gmt ronaldo duarte favor gerar lista bp onde demonstre campo sem informação numero bairro código município planilha dever constar informação anexo criação listagem bp cadastro incompleto;Melhorias;gerar lista onde demonstre campo informação numero bairro código município planilha dever constar informação anexo criação listagem cadastro incompleto
solicitar colocar maquina usuário michele mayra ronaldo aparecer ademir kete tv sistema nota fiscal lfeu sim sistema legar acesso sistema nota fiscal lfeu sim;Erro;solicitar colocar maquina michele aparecer nota fiscal lfeu sim legar nota fiscal lfeu sim
geração arquivo não trazer entrada item erro geração;Corretiva;geração arquivo trazer entrada item erro geração
envio autorização sefaz mesmo voltar erro anexo favor corrigir erro emissão doc exportação;Erro;envio autorização sefaz voltar erro anexo corrigir erro emissão doc exportação
alterar unidade comercializar pc unidade tributar un corrigir erro tempo execução abap conforme anexo alterar unidade medida estatístico tributável doc;Erro;alterar unidade comercializar unidade tributar corrigir erro tempo execução abap conforme anexo alterar unidade medida estatístico tributável doc
relacionar pm gmt ronaldo duarte solicitar bloquear emissão saída Centro produto acabar cadastro não constar numero bloqueio emissão pa não;Melhorias;relacionar gmt ronaldo duarte solicitar bloquear emissão saída centro produto acabar cadastro constar numero bloqueio emissão
emissão faturamento aliquota pis cofim zero obrigatorio preenchimento Campos base calculo aliquotar bem preenchimento valor pis cofin ponto levantar auditoria delloite notificar alto administração inclusão bc aliq pis cofim aliq zero;Melhorias;emissão faturamento aliquota pis cofim zero obrigatorio preenchimento campos base calculo aliquotar bem preenchimento valor pis cofin ponto levantar auditoria delloite notificar alto administração inclusão
favor colocar trar sap não deixar escriturar sap documento fiscal vez pois mês aparecer ser escriturar seguir anexo relação escriturar duplicidade duplicidade fechamento tv;Erro;colocar trar deixar escriturar documento fiscal vez pois mês aparecer escriturar seguir anexo relação escriturar duplicidade duplicidade fechamento
atendimento deptº jurídico solicitar disponibilizar todo arquivo xml emitir empresa pci centro transferência placa cfop serie período março maio xml transferência pci mar mai;Melhorias;atendimento dept jurídico solicitar disponibilizar todo arquivo xml emitir empresa pci centro transferência placa cfop serie período março maio xml transferência pci mar mai
incluir código relação anexo tabela configuração hanna preenchimento código serviço geração efd contribuição parametrização codigo serviço lei;Melhorias;incluir código relação anexo tabela configuração hanna preenchimento código serviço geração efd contribuição parametrização codigo serviço lei
alterar unidade comercializar pc unidade tributar un corrigir erro tempo execução abap conforme anexo associar cancelar indevidamente problema original solucionar forma paliativo porém chamado necessário sanar problema definitivo teste dever seguir alterar unidade medida estatístico tributável doc;Melhorias;alterar unidade comercializar unidade tributar corrigir erro tempo execução abap conforme anexo associar cancelar indevidamente original solucionar forma paliativo porém chamado necessário sanar definitivo teste dever seguir alterar unidade medida estatístico tributável doc
geração algum item importar não trazer dado importação conforme exemplo anexo erro;Corretiva;geração algum item importar trazer importação conforme exemplo anexo erro
abap am gmt ronaldo duarte entrada retorno simbólico sap carregar valor diferente documento fiscal conforme exemplo anexo erro entrada retorno simbolico cfop tv;Corretiva;abap gmt ronaldo duarte entrada retorno simbólico carregar valor diferente documento fiscal conforme exemplo anexo erro entrada retorno simbolico
abap pm gmt eduardo Romero bom tarde romero cleide existir nota fiscal momento erro preço conforme exemplo abaixo nf item item erro nf subcontratação item;Corretiva;existir nota fiscal momento erro preço conforme exemplo abaixo item item erro subcontratação item
original pm gmt eduardo Romero publicação mp partir maio contribuinte não poder tomar crédito pis cofim sobre valor icms nota fiscal fornecedor tanto precisar alterar parametrização sistema alteração base crédito pis cofim;Melhorias;original publicação partir maio contribuinte poder tomar crédito sobre valor icms nota fiscal fornecedor tanto precisar alterar parametrização alteração base crédito
abap am gmt eduardo Romero anne oliveirar bom tarde romero cleide existir nota fiscal momento erro preço conforme exemplo abaixo nf item item erro nf subcontratação;Corretiva;eduardo oliveirar existir nota fiscal momento erro preço conforme exemplo abaixo item item erro subcontratação
solicitar criação relatório nota fiscal entrada semp amazonas s empresa cfop período agosto outubro layout empresa cfop numnot datemissao datentrar cgcfor nomfor nomestar vlrcontabil basicm vlricm anexo exemplo gerar anteriormente geração relatório entrada semp amazonas s;Melhorias;solicitar criação relatório nota fiscal entrada semp amazonas empresa cfop período agosto outubro layout empresa datentrar cgcfor nomfor nomestar vlrcontabil basicm vlricm anexo exemplo gerar anteriormente geração relatório entrada semp amazonas
alterar unidade medida estatístico tributável doc exportação arcon comercializar pc tributavel kg alterar unidade medida estatístico tributável doc;Erro;alterar unidade medida estatístico tributável doc exportação arcon comercializar tributavel alterar unidade medida estatístico tributável doc
alterar unidade medida estatístico tributável doc exportação tv comercializar pc tributavel kg alterar unidade medida estatístico tributável doc;Corretiva;alterar unidade medida estatístico tributável doc exportação comercializar tributavel alterar unidade medida estatístico tributável doc
basi am gmt ronaldo duarte confecção não trazer informação importação conforme tela erro anexo erro confecção;Corretiva;basi gmt ronaldo duarte confecção trazer informação importação conforme tela erro anexo erro confecção
algum super terminal escriturar sap não constar alíquota valor iss por mesmo contabilizar valor correto seguir relação tv ser colocar aliq valor iss lançamento fiscal igual colocar arcon lançamento aliquota iss valor super terminal;Corretiva;algum super terminal escriturar constar alíquota valor iss contabilizar valor correto seguir relação colocar aliq valor iss lançamento fiscal igual colocar arcon lançamento aliquota iss valor super terminal
inicio Fechamento solicitar bloquear entrada empresa grupo bloqueio entrada;Corretiva;inicio fechamento solicitar bloquear entrada empresa grupo bloqueio entrada
alteração unidade tributário conforme tabelir abaixo informação unidade comercial pc quantidade valor informação unidade tributário kg quantidade valor informação unidade comercial pc quantidade valor quantidade valor quantidade valor quantidade valor informação unidade tributário un quantidade valor quantidade valor informação unidade tributário kg quantidade valor quantidade valor alterar unid medida estatístico tributável doc;Adequação de layout;alteração unidade tributário conforme tabelir abaixo informação unidade comercial quantidade valor informação unidade tributário quantidade valor informação unidade comercial quantidade valor quantidade valor quantidade valor quantidade valor informação unidade tributário quantidade valor quantidade valor informação unidade tributário quantidade valor quantidade valor alterar unid medida estatístico tributável doc
emissão complemento pci ocorrer erro valor anexo emissão complemento preço pci;Avaliação_Técnica;emissão complemento pci ocorrer erro valor anexo emissão complemento preço pci
emitir nota fiscal processo apresentar erro anexo tempo resposta sap emissão importação Centro;Erro;emitir nota fiscal processo apresentar erro anexo tempo resposta emissão importação centro
entrada aquisição insumo local cfop dever gerar sap base calculo valor pis cofim bem contabilização lançamento custo lançamento pis cofins sap entrada insumo local cfop;Melhorias;entrada aquisição insumo local cfop dever gerar base calculo valor bem contabilização lançamento custo lançamento pis cofins entrada insumo local cfop
abap pm gmt eduardo maregar relacionar chamado am gmt ronaldo duarte fazer alteração semp tcl tcl semp junto órgão federal estadual municipal empresa tv arcon diante exposto solicitar mudança logo tv arcon semp tcl tcl semp alteração semp tcl tcl semp logo;Melhorias;relacionar chamado gmt ronaldo duarte fazer alteração semp tcl tcl semp junto órgão federal estadual municipal empresa arcon diante exposto solicitar mudança logo arcon semp tcl tcl semp alteração semp tcl tcl semp logo
atualização sap identificar não sair informação complementar remessa subcontratação numero pedido compra anexo exemplo antes saia saindo agora falta numero pedido remessa industrialização;Corretiva;atualização identificar sair informação complementar remessa subcontratação numero pedido compra anexo exemplo antes saia saindo agora falta numero pedido remessa industrialização
emitir nf exportação unidade tributável comercial diferente sistema dever respeitar cada subida nfe nf exportação unidade;Melhorias;emitir exportação unidade tributável comercial diferente dever respeitar cada subida nfe exportação unidade
lançamento miro valor liquido vir sem desconto icms ocasionar valor grande lançamento miro conforme exemplo anexo erro miro forn ancae tv;Erro;lançamento miro valor liquido vir desconto icms ocasionar valor grande lançamento miro conforme exemplo anexo erro miro forn ancae
original am gmt eduardo Romero inserir dar adicional informação complementar texto nota fiscal transferência bem mercadoria não sujeitar incidência icms tratar Adc emitir forma operacionalizar transferência crédito icms somente natureza operação transferencia interestadual operação manau Paulo Paulo manau portanto matriz filial cfop cfop desde não envolver armazém geral ser somente deposito porque icms estar depositante ajustir observação transferência peça;Melhorias;original inserir dar adicional informação complementar texto nota fiscal transferência bem mercadoria sujeitar incidência icms tratar adc emitir forma operacionalizar transferência crédito icms somente natureza operação transferencia interestadual operação manau portanto matriz filial desde envolver armazém geral somente deposito porque icms depositante ajustir observação transferência peça
solicitar criação código categoria emissão complementar remessa armazem geral empresa condicionador ar criação codigo categoria complementar arcon;Erro;solicitar criação código categoria emissão complementar remessa armazem geral empresa condicionador criação codigo categoria complementar arcon
carregamento vtin lançamento venda fornecedor componel pedido carregar não vir correto pegar outro pedido subcontratação não nada ver dar entrada algum caso não aparecer nem numero pedido associar erro entrada componel vtin;Corretiva;carregamento lançamento venda fornecedor componel pedido carregar vir correto pegar outro pedido subcontratação nada ver dar entrada algum caso aparecer numero pedido associar erro entrada componel
não conseguir gerar arquivo scoa Centro virtude mudança cnpj ag multilog Centro mudar cnpj erro geração Scoa Centro virtude mudança cnpj ag;Erro;conseguir gerar arquivo scoa centro virtude mudança cnpj multilog centro mudar cnpj erro geração scoa centro virtude mudança cnpj
não conseguir emitir devolução compra fornecedor componel seguir erro anexo erro emissão devolução compra componel;Erro;conseguir emitir devolução compra fornecedor componel seguir erro anexo erro emissão devolução compra componel
dci não trazer bom item pi sem ppb arconr dci não trazer bom item pi sem ppb arcon;Erro;dci trazer item ppb arconr dci trazer item ppb arcon
abap pm gmt eduardo Romero original conforme solicitação ronaldo retirar observação local entrega transferência produto material ajustir obs nota fiscal transferênciar;Melhorias;original conforme retirar observação local entrega transferência produto material ajustir obs nota fiscal transferênciar
configurar empresa emissão nfe devolução compra empresa configurar empresa emissão dev compra emp;Corretiva;configurar empresa emissão nfe devolução compra empresa configurar empresa emissão dev compra emp
nfe multilog não carregar sped virtude pessoal multilog colocar informação nota devolução não pra colocar nf doc não carregar arquivo sped;Corretiva;nfe multilog carregar virtude pessoal multilog colocar informação nota devolução pra colocar carregar arquivo
favor acrescentar saída produto acabar Centro arcon observação produzir zona franco portaria suframar anexo falta observação saida pa arcon Centro;Corretiva;acrescentar saída produto acabar centro arcon observação produzir zona franco portaria suframar anexo falta observação saida arcon centro
transferência emitir Centro pci centro tv não ser escriturado tv processo ocorrer forma automático desde mês passado ocorrendo tipo erro anexo listagem emitir julho não dar entrada transferência pci não escriturando tv forma automático;Corretiva;transferência emitir centro pci centro escriturado processo ocorrer forma automático desde mês passado ocorrendo tipo erro anexo listagem emitir julho dar entrada transferência pci escriturando forma automático
utilização material revendar programa não trazer tipo dci pi c ppb nacional pi s ppb erro geração dci;Corretiva;utilização material revendar programa trazer tipo dci ppb nacional ppb erro geração dci
mudança lay out dia sefaz acrescer algum informação solicitar desenvolvimento campo programa preenchimento informação tal mudança constar formulário anexo dever entrar produção dia mês atualização lay out dia sefaz;Adequação de layout;mudança lay out sefaz acrescer algum informação solicitar desenvolvimento campo programa preenchimento informação tal mudança constar formulário anexo dever entrar produção mês atualização lay out sefaz
erro hora emissão referente determinação conta conforme ordem venda conforme anexo erro emissão determinação conta;Erro;erro hora emissão referente determinação conta conforme ordem venda conforme anexo erro emissão determinação conta
aps não trazer valor preço unitário nem informação di adição item conforme nf entrada geração arquivo não trazer unitário;Erro;aps trazer valor preço unitário informação adição item conforme entrada geração arquivo trazer unitário
bloqueio fechamento bloqueio entrada;Melhorias;bloqueio fechamento bloqueio entrada
alteração ser efetuar informação unidade comercial pc quantidade valor quantidade valor quantidade valor quantidade valor informação unidade tributário kg quantidade valor quantidade valor quantidade valor quantidade valor alterar unid medida estatístico tributável doc;Corretiva;alteração efetuar informação unidade comercial quantidade valor quantidade valor quantidade valor quantidade valor informação unidade tributário quantidade valor quantidade valor quantidade valor quantidade valor alterar unid medida estatístico tributável doc
vários caso faturamento pa arcon faturamento item por observação sair descrição vários item respectivo não nada ver item faturar seguir exemplo anexo saída pa arcon sair observação errar;Corretiva;vários caso faturamento faturamento item observação sair descrição vários item respectivo nada ver item faturar seguir exemplo anexo saída sair observação errar
erro Código Gtin ean tributário não dar editar colocar numeração conforme evidência abaixo erro emissão exportação;Corretiva;erro código gtin ean tributário dar editar colocar numeração conforme evidência abaixo erro emissão exportação
favor broquear entrada sap virtude fechamento fiscal bloqueio;Adequação de layout;virtude fechamento fiscal bloqueio
não conseguir logar usar usuário senha sistema valida não consigar liberar nota fiscal portaria link antigamente usar link não consigo acessar sistema validamao;Erro;conseguir logar usar senha valida consigar liberar nota fiscal portaria link antigamente usar link consigo acessar validamao
sap doc não status autorizar motivo não carregar sped fiscal autorizar status doc autorizar sap;Corretiva;status autorizar motivo carregar sped fiscal autorizar status doc autorizar
gentileza considerar unidade comercializar unidade medida pc doc ne unidade comercial pc unidade comercial pc alterar unid medida estatístico tributável doc;Corretiva;considerar unidade comercializar unidade medida doc unidade comercial unidade comercial alterar unid medida estatístico tributável doc
favor bloquear entrada mês bloqueio entrada;Melhorias;bloquear entrada mês bloqueio entrada
sefaz instabilidade ontem não processar referir documento importação não aprovar sefaz doc;Corretiva;sefaz instabilidade ontem processar referir documento importação aprovar
abap am gmt ronaldo duarte realizar baixa scrap transação automaticamente emitir precisar desativar emissão porém todo processo baixa dever permanecer sugestão criar novo movimentação retirar obrigatoriedade emissão anexo passo ocorrer hoje retirada emissão baixa sucata perda processo produtivo;Corretiva;abap gmt ronaldo duarte realizar baixa scrap transação automaticamente emitir precisar desativar emissão porém todo processo baixa dever permanecer sugestão criar novo movimentação retirar obrigatoriedade emissão anexo passo ocorrer hoje retirada emissão baixa sucata perda processo produtivo
solicitar bloqueio entrada livro fiscal mês tv arcon bloqueio cte;Melhorias;solicitar bloqueio entrada livro fiscal mês arcon bloqueio cte
erro rejeicao Gtin informar nao informar gtin unidade tributavel erro emissão exportação doc;Corretiva;erro rejeicao informar nao informar tributavel erro emissão exportação doc
favor efetuar bloqueio entrada inicio dia sexta feira bloqueio cte;Melhorias;efetuar bloqueio entrada inicio sexta feira bloqueio cte
rejeição sefaz virtude gtin não informar erro anexo errro emissão d doc Gtin;Corretiva;rejeição sefaz virtude informar erro anexo errro emissão doc gtin
solicitar bloqueio entrada livro fiscal virtude fechamento fiscal bloqueio entrada;Corretiva;solicitar bloqueio entrada livro fiscal virtude fechamento fiscal bloqueio entrada
solicitar bloqueio entrada mês via grc bloqueio entrada;Corretiva;solicitar bloqueio entrada mês via grc bloqueio entrada
solicitar bloqueio entrada tv arcon virtude fechamento bloqueio entrada;Melhorias;solicitar bloqueio entrada arcon virtude fechamento bloqueio entrada
fornecedor unimar deixar enquadrar simples nacional passar ate vario retenção diante exposto solicitar retenção parametrizar escrituração processo entrada importação inclusão novo imposto unimar;Corretiva;fornecedor unimar deixar enquadrar simples nacional passar ate vario retenção diante exposto solicitar retenção parametrizar escrituração processo entrada importação inclusão novo imposto unimar
solicitar bloqueio entrada livro fiscal tv arcon virtude fechamento bloqueio entrada;Corretiva;solicitar bloqueio entrada livro fiscal arcon virtude fechamento bloqueio entrada
pm gmt eduardo Romero original pm gmt ronaldo duarte acrescentar número container informação complementar entrada importação informação complementar importação tv arcon;Melhorias;original acrescentar número container informação complementar entrada importação informação complementar importação arcon
lento entrar programa aps dcre dci favor verificar demora entrar aps dcre dci;Melhorias;lento entrar programa aps dcre dci demora entrar aps dcre dci
ajustar unidade medida tributável xml doc nota fiscal exportação onde sap ne unidade medida cadastrar pc exportação dever considerar kg unidade medida tributário exportação;Corretiva;ajustar unidade medida tributável xml doc nota fiscal exportação onde unidade medida cadastrar exportação dever considerar unidade medida tributário exportação
não aparecer agente frete pn ordem agente frete não preencher ordem;Avaliação_Técnica;aparecer agente frete ordem agente frete preencher ordem
doc ne unidade comercializar pc quantidade valor unitário unidade tributário kg quantidade valor unitário gentileza incluir bairro Hong Kong sciencer park shatin unidade medida tributário exportação;Corretiva;unidade comercializar quantidade valor unitário unidade tributário quantidade valor unitário incluir bairro hong kong sciencer park shatin unidade medida tributário exportação
favor bloquear entrada tv arcon virtude fechamento fiscal bloqueio entrada;Melhorias;bloquear entrada arcon virtude fechamento fiscal bloqueio entrada
criação código imposto devolução compra insumo destaque icms seguir anexo evidência erro erro devolução compra destaque icms;Corretiva;criação código imposto devolução compra insumo destaque icms seguir anexo evidência erro erro devolução compra destaque icms
efetuar parametrização fiscal transação tabela exceção icms grupo operação dat depósito tucunaré parametrização fiscal dat tucunaré;Melhorias;efetuar parametrização fiscal transação tabela exceção icms grupo operação dat depósito tucunaré parametrização fiscal dat tucunaré
bu ac precisar finalizar atualização contrato locação predial hine gerar erro pedir criar carregadaa estratégia liberação grupo comprador coa solicito Código aprovação mudança fluxo grupo coa aprovador contrato sap coa;Melhorias;precisar finalizar atualização contrato locação predial hine gerar erro pedir criar carregadaa estratégia liberação grupo comprador coa aprovação mudança fluxo grupo coa aprovador contrato coa
carga orçamento classe custo transação partir modelo planilha excel encaminhar controladoria contato teams dúvida sobre carga orçamento ano fazer bu ir subir mensalmente subir fev hoje sistema ir reconhecer preciso subir mês gilmar não saber responder pedir procurar time sap entendi time jan de este forma fizemos gisele certo questão agora sistema reconhecer mês fev sistema ler informação descrição mês não coluna certo carga orçamento fevereiro;Avaliação_Técnica;carga orçamento classe custo transação partir modelo planilha excel encaminhar controladoria contato teams dúvida sobre carga orçamento ano fazer subir mensalmente subir fev hoje reconhecer preciso subir mês saber responder pedir procurar time entendi time jan forma fizemos certo questão agora reconhecer mês fev ler informação descrição mês coluna certo carga orçamento fevereiro
relacionar Am gmt eduardo Romero keven guimaraes solicito Código aprovação requisição fluxo grupo coa aprovar requisição grupo coa;Melhorias;relacionar gmt eduardo romero keven guimaraes aprovação requisição fluxo grupo coa aprovar requisição grupo coa
ajustar fluxo aprovação grupo rha sma ar con requisição pedido contrato aprovador sap rha sma;Melhorias;ajustar fluxo aprovação grupo rha sma con requisição pedido contrato aprovador
descrever solicitação upload arquivo excel base orçamento arcon acesso transação perfil gisele carga não completar transação orçamento configuração;Corretiva;descrever upload arquivo excel base orçamento arcon transação perfil completar transação orçamento configuração
descrição solicitação alterar gerente adriano carolino receber rcs pendente nome aureo monteiro desligar início abril revisão ac;Corretiva;descrição alterar gerente receber pendente nome desligar início abril revisão
solução adotar painel sipap contabilizar item produzir ap solução remover ap de este filtro considerar apenas modelo data referência corrente pendência restante filtrar contabilização modelo dat pm gmt ronald Santos figueredo painel sipap apo troca op não contabilizar painel não atualizar apo troca op;Corretiva;solução adotar painel sipap contabilizar item produzir solução remover filtro considerar apenas modelo data referência corrente pendência restante filtrar contabilização modelo dat gmt ronald santos figueredo painel sipap apo troca contabilizar painel atualizar apo troca
analise acontecer atualização lista técnico op sistema check imc lista técnico não item novo pois ocorrer acontecer após fluxo geração lista técnico sistema faltar fazer funcionalidade tipo evento não priorizar entrega execuçâo paliativo solução contingência adicionar registro tabela imc manualmente ver operação insert base produção analise ne constar op não constar lista técnico imc;Melhorias;analise acontecer atualização lista técnico check imc lista técnico item novo pois ocorrer acontecer após fluxo geração lista técnico faltar fazer funcionalidade tipo evento priorizar entrega execuçâo paliativo solução contingência adicionar registro tabela imc manualmente ver operação insert base produção analise constar constar lista técnico imc
projeto embalagem automático giga teste analise ronald melhoria gargalo repositório log ve possibilidade colocar maquina localmente linux servidor analisar futuramente possível colocar projeto northon core funcionar analise melhoria interno aplicação serviço;Melhorias;projeto embalagem automático giga teste analise ronald melhoria gargalo repositório log possibilidade colocar maquina localmente linux servidor futuramente possível colocar projeto northon core funcionar analise melhoria interno aplicação serviço
filtro busca dashboard recrutamento seleção cargo não funcionando ser aplicar corretamente portal rh ajustir filtro dashboard;Melhorias;filtro busca dashboard recrutamento seleção cargo funcionando aplicar corretamente portal ajustir filtro dashboard
atualizar informação geração relatório atendar demanr tempo vaga status tipo mão obra relatório portal rh recrutamento;Melhorias;atualizar informação geração relatório atendar demanr tempo vaga status tipo mão obra relatório portal recrutamento
sistema candidato preencher pretensão salário permitir apenas dígito salarial precisar aumentar dígito relatório portal rh recrutamento;Melhorias;candidato preencher pretensão salário permitir apenas dígito salarial precisar aumentar dígito relatório portal recrutamento
não conseguir anexar mp abrir vaga substituição portal rh corrigir favor nome colaborador escrito colavborador portal rh recrutamento;Corretiva;conseguir anexar abrir vaga substituição portal corrigir nome colaborador escrito colavborador portal recrutamento
conceder permissão usuário rodrigoai estação linha confiabilidade posto técnico permissão acesso;Melhorias;conceder permissão rodrigoai estação confiabilidade técnico permissão
srs solicitar habilitar opção gravar etqproduto solicitar habilitar opção gravar etqproduto;Melhorias;srs solicitar habilitar opção gravar etqproduto solicitar habilitar opção gravar etqproduto
transação filtrar período ecn não constar lista possível erro transação;Avaliação_Técnica;transação filtrar período ecn constar lista possível erro transação
preciso espaço cota pasta sistema espaço cota;Melhorias;preciso espaço cota pasta espaço cota
bloqueei senha errar gostar resete la criar outro desbloqueio sap;Corretiva;bloqueei senha errar gostar resete criar outro desbloqueio
instalaçao programa visulaizaçao desenho tecnico dwg instalaçao dwg visualização desenho tecnico;Nova instalação;instalaçao programa visulaizaçao desenho tecnico dwg instalaçao dwg visualização desenho tecnico
linha setor iac máquina insersor apresentar falha sistema idw registro perda matéria primo utilizar acompanhamento elaboração relatório mesmo linha apresentar registro informação normalmente sistema idw sem registro rejeito;Corretiva;setor iac máquina insersor apresentar falha idw registro perda matéria primo utilizar acompanhamento elaboração relatório apresentar registro informação normalmente idw registro rejeito
novamente problema ação anterior haver resolvir semano idw novamente não registrar quantidade materia primo perder descrição linha setor iac máquina insersor apresentar falha sistema idw registro perda matéria primo utilizar acompanhamento elaboração relatório mesmo linha apresentar registro informação normalmente sistema idw sem registro rejeito;Corretiva;novamente ação anterior resolvir semano idw novamente registrar quantidade materia primo perder descrição setor iac máquina insersor apresentar falha idw registro perda matéria primo utilizar acompanhamento elaboração relatório apresentar registro informação normalmente idw registro rejeito
maquina iac apresentar erro captura dado maquina iac;Melhorias;maquina iac apresentar erro captura maquina iac
linha setor iac máquina insersor apresentar falha sistema idw registro perda matéria primo novamente sistema utilizar acompanhamento elaboração relatório mesmo linha apresentar registro informação normalmente descrição linha setor iac máquina insersor apresentar falha sistema idw registro perda matéria primo utilizar acompanhamento elaboração relatório mesmo linha apresentar registro informação normalmente sistema idw sem registro rejeito;Corretiva;setor iac máquina insersor apresentar falha idw registro perda matéria primo novamente utilizar acompanhamento elaboração relatório apresentar registro informação normalmente descrição setor iac máquina insersor apresentar falha idw registro perda matéria primo utilizar acompanhamento elaboração relatório apresentar registro informação normalmente idw registro rejeito
linhir setor iac máquina insersor apresentar falha sistema idw registro perda matéria primo demais informação produção sistema utilizar acompanhamento elaboração relatório sistema idw sem registro rejeito;Corretiva;linhir setor iac máquina insersor apresentar falha idw registro perda matéria primo demais informação produção utilizar acompanhamento elaboração relatório idw registro rejeito
linhir setor iac máquina insersor apresentar falha sistema idw registro perda matéria primo demais informação produção sistema utilizar acompanhamento elaboração relatório linha apresentar mesmo falha máquina impossibilitar coleta informação sistema idw sem registro rejeito;Corretiva;linhir setor iac máquina insersor apresentar falha idw registro perda matéria primo demais informação produção utilizar acompanhamento elaboração relatório apresentar falha máquina impossibilitar coleta informação idw registro rejeito
linha setor iac máquina insersor apresentar falha sistema idw registro perda matéria primo demais informação produção sistema utilizar acompanhamento elaboração relatório sistema idw sem registro rejeito;Corretiva;setor iac máquina insersor apresentar falha idw registro perda matéria primo demais informação produção utilizar acompanhamento elaboração relatório idw registro rejeito
novamente linha setor iac máquina insersor apresentar falha sistema idw registro perda matéria primo demais informação produção sistema utilizar acompanhamento elaboração relatório linha apresentar mesmo falha máquina impossibilitar coleta informação sistema idw sem registro rejeito;Corretiva;novamente setor iac máquina insersor apresentar falha idw registro perda matéria primo demais informação produção utilizar acompanhamento elaboração relatório apresentar falha máquina impossibilitar coleta informação idw registro rejeito
novamente linha setor iac máquina insersor apresentar falha sistema idw registro perda matéria primo demais informação produção sistema utilizar acompanhamento elaboração relatório sistema idw sem registro rejeito;Corretiva;novamente setor iac máquina insersor apresentar falha idw registro perda matéria primo demais informação produção utilizar acompanhamento elaboração relatório idw registro rejeito
novamente linha setor iac máquina insersor apresentar falha sistema idw registro perda matéria primo demais informação produção sistema utilizar acompanhamento elaboração relatório sistema idw sem registro rejeito;Corretiva;novamente setor iac máquina insersor apresentar falha idw registro perda matéria primo demais informação produção utilizar acompanhamento elaboração relatório idw registro rejeito
linha setor iac máquina insersor apresentar falha sistema idwpar registro perda matéria primo demais informação produção sistema utilizar acompanhamento elaboração relatório sistema idw sem registro rejeito;Corretiva;setor iac máquina insersor apresentar falha idwpar registro perda matéria primo demais informação produção utilizar acompanhamento elaboração relatório idw registro rejeito
solicitar analise divergencia relatorio produção consulta lote mostrar valor resumo produção mostrar outro imagem imagem análise divergencia relatorio produção;Corretiva;solicitar analise divergencia relatorio produção consulta lote mostrar valor resumo produção mostrar outro imagem imagem análise divergencia relatorio produção
melhoria identificar durante teste assistir atividader ajustir tela distribuição PP ajustir fonte dado capacidade ja alteração cadastro capacidade nao refletir tela ajustir fixo agora pegar valor total desagregar mês modelo atividader ajustir tela sequenciamento ajustar modal edição escolher po utilizar adicionar opção inserir manualmente algum modelo consumir saldo algum po sobrar projeto pcp sprint mês dezembro;Avaliação_Técnica;melhoria identificar durante teste assistir atividader ajustir tela distribuição ajustir fonte capacidade alteração cadastro capacidade nao refletir tela ajustir fixo agora pegar valor total desagregar mês modelo atividader ajustir tela sequenciamento ajustar modal edição escolher utilizar adicionar opção inserir manualmente algum modelo consumir saldo algum sobrar projeto pcp sprint mês dezembro
reinstalar sistema idw maquina usuário isaia correo caráter urgência reinstalação sistema idw;Corretiva;reinstalar idw maquina isaia correo caráter urgência reinstalação idw
chamar anterior pm gmt eduardo romero simao inclusao fluxo aprovacao contrato despesa fixa area ti manau estratégia liberação tim;Melhorias;chamar anterior fluxo aprovacao contrato despesa fixa area manau estratégia liberação tim
sistema legar não funcionar erro tentar abri sistema legar não funcionar;Erro;legar funcionar erro tentar abri legar funcionar
ordem alimentação divergência pci princ correção divergência ordem alimentação divergência pci princ;Erro;ordem alimentação divergência pci princ correção divergência ordem alimentação divergência pci princ
ordemr inclusão pci principal correção divergência ordem;Melhorias;ordemr inclusão pci principal correção divergência ordem
ajustir ordem produção item divergência dacodmodelo ajustir ordem produção item divergência;Corretiva;ajustir ordem produção item divergência dacodmodelo ajustir ordem produção item divergência
revisão ajustir op;Corretiva;revisão ajustir
erro inicialização plano edp erro inicialização plano edp;Erro;erro inicialização plano edp erro inicialização plano edp
item substituir posção divergência plano edp;Melhorias;item substituir posção divergência plano edp
acordo solicitação ver ms teams solicitar retirar filtro componentesna regra negocio coletor iac código família componente ordem alimentação ficar disponível coletor alimentador iac componente ordem alimentação ficar disponível coletor;Corretiva;acordo ver teams solicitar retirar filtro componentesna regra negocio coletor iac código família componente ordem alimentação ficar disponível coletor alimentador iac componente ordem alimentação ficar disponível coletor
ativação ponto rede maquina iac ativação ponto;Corretiva;ativação ponto rede maquina iac ativação ponto
poder ajudar acesso lincoln lançamento de esse processo anexo permissão imobilizar;Corretiva;poder ajudar lançamento processo anexo permissão imobilizar
problema salvar arquivo rede cota q espaço rede cota;Corretiva;salvar arquivo rede cota espaço rede cota
olá sistema constar posição branco dep posição inexistente não conseguir fazer exclusão posição afetar criação doc posição inventário posição branco sap;Corretiva;olá constar posição branco dep posição inexistente conseguir fazer exclusão posição afetar criação doc posição inventário posição branco
posição sistema wm branco interferir contagem estoque hine pa sap wm posição branco;Corretiva;posição branco interferir contagem estoque posição branco
campo baixo bestq pm gmt leandro pagan favor deslocar campo status estoque baixo ajustir tela;Corretiva;campo baixo bestq gmt leandro pagan deslocar campo status estoque baixo ajustir tela
raul santo hora voce poder ajudar posição dep constar branco posição pra ter algum estoque posição criar sem autorização sem nenhum uso poder excluir erro inventário posição;Erro;hora voce poder ajudar posição dep constar branco posição pra ter algum estoque posição criar autorização nenhum uso poder excluir erro inventário posição
incluir ambiente homologação forma possar realizar teste simulação sistema não interfirar cenário previamente criar inclusão ambiente homologação sistema scenesim;Melhorias;incluir ambiente homologação forma possar realizar teste simulação interfirar cenário previamente criar inclusão ambiente homologação scenesim
necessitar visão saldo depósito separar po anexo existir comparação relatório atual sap querer controle depósito;Melhorias;necessitar visão saldo depósito separar anexo existir comparação relatório atual querer controle depósito
erro receber nf centro hine processo recebimento nao problema problema recebimento hine;Erro;erro receber centro hine processo recebimento nao recebimento hine
erro orçamentário faturar remessa dat erro faturamento dar;Erro;erro orçamentário faturar remessa dat erro faturamento dar
gráfico capacidade estoque não aparecer linha forma demonstre limite capacidade disponível cálculo recurso ser fazer maneira errado pois politica diminuir diminuir quantidade recurso cálculo fazer dia útil ser fazer errar independente dia colocar necessidade mesmo correção erro;Erro;gráfico capacidade estoque aparecer forma demonstre limite capacidade disponível cálculo recurso fazer maneira errado pois politica diminuir diminuir quantidade recurso cálculo fazer útil fazer errar independente colocar necessidade correção erro
erro usuário realizar transação emitir nf estornada modo standard assim ficar pendente logs impossibilitar faturamento retorno simbolico erro faturamento;Erro;erro realizar transação emitir estornada modo standard assim ficar pendente logs impossibilitar faturamento retorno simbolico erro faturamento
separar processo criação ot separar processo criação ot;Melhorias;separar processo criação separar processo criação
efetuar estorno manual nota fiscal logo após exluir remesso ser fazer ordem remesso retorno agora precisar consertar mesmo nao vir impactar retorno fiscal futuro faturamento correção retorno fiscal;Erro;efetuar estorno manual nota fiscal logo após exluir remesso fazer ordem remesso retorno agora precisar consertar nao vir impactar retorno fiscal futuro faturamento correção retorno fiscal
demonstrar ud não existir não conseguir movimentar material ud inexistente;Erro;demonstrar existir conseguir movimentar material inexistente
correção indicação correta correção indicação;Melhorias;correção indicação correta correção indicação
transação coletor apresentar erro conexão após inserir placa carreta pressionar enter acontecer erro não passar passo seguinte att erro transação coletor;Erro;transação coletor apresentar erro conexão após inserir placa carreta pressionar enter acontecer erro passar passo seguinte att erro transação coletor
bom tarde favor verificar erro estorno doc entrada faturamento hine arcon doc nf nf cancelar pois cfop errar erro estorno doc entrada;Erro;erro estorno doc entrada faturamento cancelar pois cfop errar erro estorno doc entrada
não conseguir emitir nenhum relatório sistema dar runtime sistema jit;Erro;conseguir emitir nenhum relatório dar runtime jit
melhorar sistema conferência leitura faturamento dat conforme fluxo processo anexo leitura carregamento dat;Melhorias;melhorar conferência leitura faturamento dat conforme fluxo processo anexo leitura carregamento dat
acontecer erro hora efetuar entrada nota fiscal cfop informar não existir saldo efetuar retorno olhar tabela transação saldo existir entrada nota subcontratação;Erro;acontecer erro hora efetuar entrada nota fiscal cfop informar existir saldo efetuar retorno olhar tabela transação saldo existir entrada nota subcontratação
conforme conversar jerry acontecer erro momento geração nota fiscal subcontratação erro acontecer não saldo suficiente faturar material consultamos saldo existir erro faturamento subcontratação;Erro;conforme conversar acontecer erro momento geração nota fiscal subcontratação erro acontecer saldo suficiente faturar material consultamos saldo existir erro faturamento subcontratação
ocorrer demora processamento remessa gerar nota envio depósito hines anexo algum registro remessa apresentar problema caso fazer processo dia concluir dia conforme imagem anexo processamento remessa;Corretiva;ocorrer demora processamento remessa gerar nota envio depósito hines anexo algum registro remessa apresentar caso fazer processo concluir conforme imagem anexo processamento remessa
teste ambiente envio matéria primo depósito hines acontecer conta chave bsx conforme mostrar arquivo anexo peçar;Avaliação_Técnica;teste ambiente envio matéria primo depósito hines acontecer conta chave bsx conforme mostrar arquivo anexo peçar
abap am gmt raul Alexandre duarte Maciel momento entrada nota retorno simbólico referenciar errar tabela controle saldo fiscal saldo fiscal ficar errar impedir posteriormente entrada outro nota fiscal não saldo nota remessa problema entrada subcontratação;Erro;abap gmt raul momento entrada nota retorno simbólico referenciar errar tabela controle saldo fiscal saldo fiscal ficar errar impedir posteriormente entrada outro nota fiscal saldo nota remessa entrada subcontratação
ambiente homologação não funcionando dentro de este ambiente todo simulação cadastro tomada decisão tentar entrar ambiente homologação link redirecionar ambiente inicial ser utilizar ambiente teste ambiente homologação scene sim ar;Corretiva;ambiente homologação funcionando dentro ambiente todo simulação cadastro tomada decisão tentar entrar ambiente homologação link redirecionar ambiente inicial utilizar ambiente teste ambiente homologação scene sim
corrigir verificação insu pedido invés lista técnico produto verificar quantidade necessário retorno produção produto final correção programa entrada subcontratação vio xml;Corretiva;corrigir verificação insu pedido invés lista técnico produto quantidade necessário retorno produção produto final correção programa entrada subcontratação vio xml
adequação unidade item solda gr g sistema apresentar erro conversão unidade subcontratação conversão unidade;Adequação de layout;adequação unidade item solda apresentar erro conversão unidade subcontratação conversão unidade
analise fornecedor par preparar layout arquivo xml analise arquivo xml par;Corretiva;analise fornecedor par preparar layout arquivo xml analise arquivo xml par
abap am gmt jerry cascaes correção adequação xml fornecedor par correção adequação xml par;Melhorias;abap gmt jerry cascaes correção adequação xml fornecedor par correção adequação xml par
gostaríamo poder acrescentar range data tela inicial transação acrescentar filtro tela inicial;Melhorias;poder acrescentar range data tela inicial transação acrescentar filtro tela inicial
tipo manutenção adicionar key user processo transação sim justifique colaborador necessitar acesso criação pedido contrato diante de isso fazer necessário criação contrato sap outro informação usuário raulm davidsar manutenção perfil sap;Melhorias;tipo manutenção adicionar key user processo transação sim justifique colaborador necessitar criação pedido contrato diante fazer necessário criação contrato outro informação raulm manutenção perfil
mostrar du tcode tambem verificar etiqueta ler mostrar du tcode;Melhorias;mostrar tcode tambem etiqueta ler mostrar tcode
devido problema qualidade modelo tv led tcl retirar número série dois contêiner carregar trocar outro estoque seguir anexo troca número série gq;Corretiva;devido qualidade modelo led tcl retirar número série dois contêiner carregar trocar outro estoque seguir anexo troca número série
informar ordem número bloqueado dessa forma não conseguir seguir processo tratar diretamento jhon pereirar erro ordem;Erro;informar ordem número bloqueado dessa forma conseguir seguir processo tratar diretamento jhon pereirar erro ordem
criação automático lote atribuição pedido compra abap am gmt nilson Silva implementação gerenciamento validade material partir data fabricação matéria primo gerenciamento validade material;Avaliação_Técnica;criação automático lote atribuição pedido compra abap gmt implementação gerenciamento validade material partir data fabricação matéria primo gerenciamento validade material
criar parâmetro criação em t processo cooper tube conforme realizar iac imc solicitação material cooper tube nt;Melhorias;criar parâmetro criação processo cooper tube conforme realizar iac imc material cooper tube
durante criação ov tipo ta dar erro input emissor ordem diante de isso impossibilitar sequência processo erro criação ov;Erro;durante criação tipo dar erro input emissor ordem diante impossibilitar sequência processo erro criação
efetuar lista preço produto centro não reconhecer devido sistema parametrizar apenas item organização venda erro gerar lista preço;Erro;efetuar lista preço produto centro reconhecer devido parametrizar apenas item organização venda erro gerar lista preço
devido projeto existir necessidade ampliação depósito Centro depósito wm expandir depósito Wm expandir depósito wm configuração depósito wm Centro;Avaliação_Técnica;devido projeto existir necessidade ampliação depósito centro depósito expandir depósito expandir depósito configuração depósito centro
emitir nota anulação remessa industrialização dar entrada nota manualmente migo realizar retorno saldo fornecedor fábrica vincular chave acesso fornecedor retorno subcontratação nota anulação;Erro;emitir nota anulação remessa industrialização dar entrada nota manualmente migo realizar retorno saldo fornecedor fábrica vincular chave fornecedor retorno subcontratação nota anulação
relatorio pegar posição estoque atual verificar ultimo movimentação realizar base tipo movimento utilizar tela seleção exportar material saldo ultimo documento materiao data diferença dia hoje data documento Slow movement fabrica;Melhorias;pegar posição estoque atual ultimo movimentação realizar base tipo movimento utilizar tela seleção exportar material saldo ultimo documento materiao data diferença hoje data documento slow movement fabrica
parâmetro realizar controle demurrage não funcionando assim fornecer informação inacurar documento anexo demonstrar erro comentar relatório controle demurrage;Corretiva;parâmetro realizar controle demurrage funcionando assim fornecer informação inacurar documento anexo demonstrar erro comentar relatório controle demurrage
desenvolvimento urgente aplicação coleta datecode etiqueta tcl leitura etiqueta identificação date coder authenticator;Melhorias;desenvolvimento urgente aplicação coleta datecode etiqueta tcl leitura etiqueta identificação date coder authenticator
basi am gmt raul Alexandre duarte Maciel durante cadastro informação processo aps importr colocar regime não ser possível realizar demais etapa processo reclassificação fornecedor miro nota fiscal migo erro imputação dado;Corretiva;basi gmt raul durante cadastro informação processo colocar regime possível realizar demais etapa processo reclassificação fornecedor miro nota fiscal migo erro imputação
analisar número serie iac imc mf dca processamento dado inicio mês dia compilar dado pesquisa etiqueta fornecedor saber quanto tipo etiqueta existir confecção relatorio dado obter processamento coleta aplicação checkfeeder jan projeto shelflifar;Avaliação_Técnica;número serie iac imc dca processamento inicio mês compilar pesquisa etiqueta fornecedor saber quanto tipo etiqueta existir confecção relatorio obter processamento coleta aplicação checkfeeder jan projeto shelflifar
não ser possível realizar estorno fatura frete processo devido fechamento mensal parado poder apurar ir estornar puxar outro documento hora estornar erro estorno fatura processo;Erro;possível realizar estorno fatura frete processo devido fechamento mensal parado poder apurar estornar puxar outro documento hora estornar erro estorno fatura processo
processo erro estorno fatura erro estorno faturo processo;Corretiva;processo erro estorno fatura erro estorno faturo processo
adequar meio importar automaticamente packing list excell dentro aps importr seguir modelo arquivo importar cadastro packing list aps importr;Adequação de layout;adequar meio importar automaticamente packing list excell dentro seguir modelo arquivo importar cadastro packing list
dar erro fi processo precisar orientação resolver erro processo;Erro;dar erro processo precisar orientação resolver erro processo
wm am gmt raul Alexandre duarte Maciel diante cenário armazenagem material posse after hine fazer necessário criação depósito mm dentro de esse centro segregação material uso produção uso after sale diante de isso favor criar depósito mm porém depósito ter constrole wm atribuer depósito wm existente além necessidade configuração envio material direto Centro depósito fechar envio material depósito fechar criação depósito mm;Melhorias;gmt raul alexandre duarte maciel diante cenário armazenagem material posse after hine fazer necessário criação depósito dentro centro segregação material uso produção uso after sale diante criar depósito porém depósito ter constrole atribuer depósito existente além necessidade configuração envio material direto centro depósito fechar envio material depósito fechar criação depósito
devido novo processo gestão spare Parts fábrica fazer necessário criação depósito mm nível wm controle de esse material ver gestão spare parts diferenciar comparar compra kit solicitar criação de este depósito realizar centro nomenclatura dever atribuer wm existente criação depósito mm spare Parts;Melhorias;devido novo processo gestão spare parts fábrica fazer necessário criação depósito nível controle material ver gestão spare parts diferenciar comparar compra kit solicitar criação depósito realizar centro nomenclatura dever existente criação depósito spare parts
original am gmt eduardo Romero diante cenário armazenagem material posse after hine fazer necessário criação depósito mm dentro de esse centro segregação material uso produção uso after sale diante de isso favor criar depósito mm porém depósito ter constrole wm atribuer depósito wm existente além necessidade configuração envio material direto Centro depósito fechar envio material depósito fechar criação depósito mm wm;Melhorias;original diante cenário armazenagem material posse after hine fazer necessário criação depósito dentro centro segregação material uso produção uso after sale diante criar depósito porém depósito ter constrole atribuer depósito existente além necessidade configuração envio material direto centro depósito fechar envio material depósito fechar criação depósito
wm am gmt raul Alexandre duarte Maciel diante novo processo controle material Slow movement obsoleto fazer necessário criação depósito mm wm depósito criação depósito mm Slow movement obsoleto;Melhorias;gmt raul alexandre duarte maciel diante novo processo controle material slow movement obsoleto fazer necessário criação depósito depósito criação depósito slow movement obsoleto
original pm gmt eduardo Romero diante novo processo controle material Slow movement obsoleto fazer necessário criação depósito mm wm depósito criação depósito mm Slow movement obsoleto wm;Melhorias;original diante novo processo controle material slow movement obsoleto fazer necessário criação depósito depósito criação depósito slow movement obsoleto
erro emitir nf mensagem fatura não lançar porém todo despesa encontrar fatura devidamente lançar conforme abaixo desfazer posteriormente lançar novamente porém não obtiver sucesso momento reclassificar onde apresentar erro erro processo;Erro;erro emitir mensagem fatura lançar porém todo despesa encontrar fatura devidamente lançar coorme abaixo desfazer posteriormente lançar novamente porém obtiver sucesso momento reclassificar onde apresentar erro erro processo
erro comunicação programa samippp envio governo erro samippp;Erro;erro comunicação programa samippp envio governo erro samippp
erro comunicação envio dado sistema sami x faponline integração sistema sami faponline;Erro;erro comunicação envio sami faponline integração sami faponline
hoje sistema tarja amarela alertar etiqueta lir processo além de esse alerta visual colocar sonoro fim minimizar eliminar erro leitura etiqueta duplicar;Melhorias;hoje tarja amarela alertar etiqueta lir processo além alerta visual colocar sonoro fim minimizar eliminar erro leitura etiqueta duplicar
erro fazer alteração geração scrap geração se crap idw;Erro;erro fazer alteração geração scrap geração crap idw
verificar etiqueta danificado ler fase realizar leitura indevido correto fazer reimpressão mesmo favor fazer substituição serial abaixo correção sistema sair entrar leitura indevido;Erro;etiqueta danificado ler fase realizar leitura indevido correto fazer reimpressão fazer substituição serial abaixo correção sair entrar leitura indevido
não conseguir fazer reimpressão referente mês anterior caso processo exemplo caixa danificar necessário fazer reimpressão etiqueta produto substituir antigo reimpressão etiqueta produto;Melhorias;conseguir fazer reimpressão referente mês anterior caso processo exemplo caixa danificar necessário fazer reimpressão etiqueta produto substituir antigo reimpressão etiqueta produto
impressora etqproduto risco etiqueta impressora problema;Corretiva;impressora etqproduto risco etiqueta impressora
inclusão qtd produzida percentual referente perda item relatório geração scrap;Melhorias;inclusão qtd produzida percentual referente perda item relatório geração scrap
bom dia leandro ocorrência não processamento lote material conta de esse tipo erro favor auxiliar atenciosamente cassio pereirar lote pendente;Erro;leandro ocorrência processamento lote material conta tipo erro auxiliar atenciosamente cassio pereirar lote pendente
solicitar acesso transação usuário glauberg poder executar atividade acesso transação;Melhorias;solicitar transação glauberg poder executar atividade transação
caracterir incorreto ano etiqueta número série ver exemplo anexo correção caractere identificar ano;Erro;caracterir incorreto ano etiqueta número série ver exemplo anexo correção caractere identificar ano
error an error occurred While processing Your request erro importação dado resumo produção;Erro;error error occurred while processing your request erro importação resumo produção
bloquear envio impressora não amarrar setor origem devido enviar errar ocasionar perda processo bloqueio envio impressora não amarrar;Melhorias;bloquear envio impressora amarrar setor origem devido enviar errar ocasionar perda processo bloqueio envio impressora amarrar
habilitar usuário fredericoml responder parada linha sisap parar linha;Adequação de layout;habilitar fredericoml responder parada parar
informar motivo solicitação limpar código barro sisap clear barcode;Melhorias;informar motivo limpar código barro clear barcode
alteração layout etiqueta marfinite versão etiqueta longo versão etiqueta similar kit acessório demais justificativa observação entrar contato responsável rafaelly Torres mídia alteração layout etiqueta marfinite;Corretiva;alteração layout etiqueta marfinite versão etiqueta longo versão etiqueta similar kit acessório demais justificativa observação entrar contato responsável rafaelly mídia alteração layout etiqueta marfinite
alteração layout etiqueta kit acessório ter descrição kit fonte letra pouco grande adequação layout conforme possibilidade espaço etiqueta demais justificativa observaçõesentrar contato responsávelrafaelly torr mídia alteração layout etiqueta kit acessório;Adequação de layout;alteração layout etiqueta kit acessório ter descrição kit fonte letra pouco grande adequação layout conforme possibilidade espaço etiqueta demais justificativa observaçõesentrar contato responsávelrafaelly torr mídia alteração layout etiqueta kit acessório
bug após enviar etiqueta kit acessório servidor rabiitmq sisap homolog caso ocorrer após usuário sisap homolog enviar etiqueta kit acessório setar datamatriz impressora primeiro impressão acontecer próximo etiqueta impressas sistema não mandar etiqueta impressora bug após enviar etiqueta kit acessório servidor rabiitmqr;Erro;bug após enviar etiqueta kit acessório servidor rabiitmq caso ocorrer após enviar etiqueta kit acessório setar datamatriz impressora primeiro impressão acontecer próximo etiqueta impressas mandar etiqueta impressora bug após enviar etiqueta kit acessório servidor rabiitmqr
incluir turno contingência relatório produção iac atualmente constar somente turno relatório produção;Melhorias;incluir turno contingência relatório produção iac atualmente constar somente turno relatório produção
correção etiqueta duplicar kit acessorio mesmo repetia serial apo 500 impressão identificar erro código programar corretamente correção etiqueta duplicar kit acessorio;Erro;correção etiqueta duplicar kit acessorio repetia serial apo impressão identificar erro código programar corretamente correção etiqueta duplicar kit acessorio
atualização etiqueta homologação atualização etiqueta homologação;Corretiva;atualização etiqueta homologação atualização etiqueta homologação
dado turno prod contingência não constar relatório iac preciso de esse informação fechar relatório higino relatório produção;Corretiva;turno prod contingência constar relatório iac preciso informação fechar relatório higino relatório produção
caso ordem dat retirar coleta etiqueta fornecedor auditoria componente check imc exceção coleta etiqueta fornecedor;Melhorias;caso ordem dat retirar coleta etiqueta fornecedor auditoria componente check imc exceção coleta etiqueta fornecedor
demandar via teams resumo prod placa produzir m dia consulta lote total produzir divergencia relatório produção;Erro;demandar via teams resumo prod placa produzir consulta lote total produzir divergencia relatório produção
registro solicitação realizar via teams problema tentar embalar pci ne ap imc aparecer erro item não fazer parte ap leitura incorreto problema leitura pci;Erro;registro realizar via teams tentar embalar pci imc aparecer erro item fazer parte leitura incorreto leitura pci
estorno ordem documento duplicar pendência apontamento pendência apontamento;Erro;estorno ordem documento duplicar pendência apontamento pendência apontamento
bom dia preciso espaço servidor pra dar continuidade arquivamento documento espaço insuficiente;Melhorias;preciso espaço servidor pra dar continuidade arquivamento documento espaço insuficiente
original pm gmt eduardo Romero rafael informar conforme anexo bom tarde maregar Time ti acreditar novamente problema usuário sap ir relatar passo conforme abaixo pedido aparecer diretor Manuel Moreira aprovar porém notificação pedir suspenso sem aprovar Manuel aparecer aprovar sap aprovar tentar criar miro miro passar normalmente porém sistema ficar enviar notificação Manuel solicitação aprovar miro pedido estar miro realizar criar outro miro automático observação Manuel não aprovar miro pedido constar aprovar sem ter ser aprovar fato Manuel aprovar automaticamente além de isso algum inconsistência enviar miro Manuel não fssc china ajustir aprovação fa não permitir;Corretiva;original informar conforme anexo maregar time acreditar novamente relatar passo conforme abaixo pedido aparecer diretor aprovar porém notificação pedir suspenso aprovar aparecer aprovar aprovar tentar criar passar normalmente porém ficar enviar notificação aprovar miro pedido miro realizar criar outro miro automático observação aprovar miro pedido constar aprovar ter aprovar fato aprovar automaticamente além algum inconsistência enviar miro fssc china ajustir aprovação permitir
trocar senha sap trocar senha sap;Corretiva;trocar senha trocar senha
instalação mixrh rafael marco beatriz kellen instalação mixrh;Nova instalação;instalação mixrh beatriz kellen instalação mixrh
instalação mixrh refeitório procurar donar Maria instalação mixrh;Nova instalação;instalação mixrh refeitório procurar donar maria instalação mixrh
sistema mix encontrasse problema login dificultar cadastro crachás provisório Mixprd;Erro;mix encontrasse login dificultar cadastro crachás provisório mixprd
instalação sistema Mixprd colaboradora seabrar instalação mixrh;Nova instalação;instalação mixprd colaboradora seabrar instalação mixrh
acessar transação hcp cadastro crachá provisório portar ter problema cadastro cadastro provisório;Corretiva;acessar transação hcp cadastro crachá provisório portar ter cadastro cadastro provisório
solicitar acesso sistema diretório câmera monitoramento acesso diretorio camera;Melhorias;solicitar diretório câmera monitoramento diretorio camera
registro demanda ajustir registro sistema portaria conforme email anexar ajustir registro sistema portario;Corretiva;registro demanda ajustir registro portaria conforme email anexar ajustir registro portario
could you Help download The mapping among account valuation classe plant and so on yesterday i Consult decio he told The best person i should consult is you poder ajudar baixar mapeamento conta classe avaliação planto assim diante ontem consultar décio dizer bom pessoa dever consultar mapeamento conta classe avaliação planto;Avaliação_Técnica;could you help download the mapping among account valuation classe plant and yesterday consult decio told the best person should consult you poder ajudar baixar mapeamento conta classe avaliação planto assim diante ontem consultar dizer pessoa dever consultar mapeamento conta classe avaliação planto
reportr with in the sisap systir containing monthly production summary Withidentify Main board Materials imported are ckd or Skd identify Main board Materials imported are ckd or Skd;Melhorias;reportr with the systir containing monthly production summary withidentify main board materials imported are ckd skd identify main board materials imported are ckd skd
quinn liu enviar janeiro eduardo maregar cc viver ler assunto delete variante hi maregar please help to delete Following variant oms sub process quinn quinn with transaction coder thank delete variant;Avaliação_Técnica;enviar janeiro viver ler assunto delete variante maregar please help delete following variant oms sub process coder thank delete variant
create process po exchange rate report on sap with information from aps process po exchange rate reportr;Melhorias;create process exchange rate report with information from aps process exchange rate reportr
relatorio preço periodo trazer material planto periodo ano preço standard valor estoque inicial relatório preço periodo;Melhorias;periodo trazer material planto periodo ano preço standard valor estoque inicial relatório preço periodo
quinn liu enviar maio eduardo maregar assunto production order cost transaction coder hi maregar like to consult how to check the production cost of production order Which transaction coder can be used if there is related transaction coder can be used please Authorize Access With my sap account quinn thank br production order cost transaction coder to consult;Avaliação_Técnica;enviar maio assunto production order cost transaction coder maregar like consult how check the production cost production order which transaction coder can used there related transaction coder can used please coder consult
implementation of odf order detail form we understand the complexity of migrating The use of sap logistics batch to our current Process Which may Lead to potential losse in production capacity and inventory management Following the hq request it will develop Solution to enhance Traceability of material Stock movement on The warehouse checking material on assembly line to trace Which po consumed that material generate optimized reports to calculate usage of material by po and usar price from po to calculate production order costs Bringing an Better analytical proximityr of unit cost of the production result closer to The costr of raw material instead of using The average stock price benefits The process the Flexibility in planning Stock ce apacity integrated control Between system Impact on material movement process change Good issue and good receipt potential off wrong material feeding defect Tracking Tracking backr to The po sets of manual operational labor on good receipt leadtime reduction cost quality information odf Project;Avaliação_Técnica;implementation odf order detail form understand the complexity migrating the use logistics batch our current process which may lead potential losse production capacity and inventory management following the request will develop solution enhance traceability material stock movement the warehouse checking material assembly line trace which consumed that material generate optimized reports calculate usage material and usar price from calculate production order costs bringing better analytical proximityr unit cost the production result closer the costr raw material instead using the average stock price benefits the process the flexibility planning stock apacity integrated control between system impact material movement process change good issue and good receipt potential off wrong material feeding defect tracking tracking backr the sets manual operational labor good receipt leadtime reduction cost quality information odf project
pls help to confirm What The reason When i approve The po in fssc pls help to confirm What The reason When i approve The po in fssc;Avaliação_Técnica;pls help confirm what the reason when approve the fssc pls help confirm what the reason when approve the fssc
hi joao discussed in teams pls help to develop progr to trackr historical material price change each Time inforercord reportr;Avaliação_Técnica;historical material price change each time inforercord reportr
relacionar chamado desenvolvimento abap pm gmt osvaldo junior desenvolver transação z permitir exibição informação gerencial detalhadas transação z contemplar inicialmente quatro aba cada projetada gerar relatório distinto alv ajustir automático coluna gravar informação tabela específico opção exportação excel mesmo dado visível tela objetivo de este transação prover análises técnica comercial financeiro único ponto acesso costr custo bom monthly cost custo mensal ttl infor registro informação statement extrato mensal relatório financeiro;Melhorias;relacionar chamado desenvolvimento abap gmt desenvolver transação permitir exibição informação gerencial detalhadas transação contemplar inicialmente quatro aba cada projetada gerar relatório distinto alv ajustir automático coluna gravar informação tabela específico opção exportação excel visível tela objetivo transação prover análises técnica comercial financeiro único ponto costr custo monthly cost custo mensal ttl infor registro informação statement extrato mensal relatório financeiro
车明道 enviar agosto eduardo marega thiago tieri decio oliveira cc quinn Liu Pedro Carvalho 胡百阡 杨波 勾亚东 黄泰然 assunto re external sap transactions Access internal audit hi dear decio and Marega ming Good morning i need to download The List of Selected Material Documents i used to used to download The list however i find the input section of material documents shown in picturar i Believe its because we choose to show The section picturar please help to solver thi problem thank sap transactiom Access customizing;Melhorias;enviar agosto oliveira quinn assunto external transactions access internal audit dear decio and marega ming good morning need download the list selected material documents used used download the list however find the input section material documents shown picturar believe its because choose show the section picturar please help solver thi problem thank transactiom access customizing
atividader manutenção três ap sete log insert base alteração op skd setembro;Corretiva;atividader manutenção três sete log insert base alteração skd setembro
atualização resumo produção ajustir pci ckd mont aparecer turno contingencia atualização resumo produção;Corretiva;atualização resumo produção ajustir pci ckd mont aparecer turno contingencia atualização resumo produção
departamento qualidade solicitar inclusão tela validação defeito imputar técnico reparo outro origem fornecedor imput dever validar qualidade garantir somente defeito validar causa fornecedor realmente imputar façam parte quantitativo defeito inclusão atividade sistema sisap;Melhorias;departamento qualidade solicitar inclusão tela validação defeito imputar técnico reparo outro origem fornecedor imput dever validar qualidade garantir somente defeito validar causa fornecedor realmente imputar façam parte quantitativo defeito inclusão atividade
desenvolvimento funcionalidade formulário férias grupo módulo movimentação pessoal portal rh desenvolvimento formulário férias grupo;Avaliação_Técnica;desenvolvimento funcionalidade formulário férias grupo módulo movimentação pessoal portal desenvolvimento formulário férias grupo
falha so logar sisap ambiente homologação dar erro instancia objeto não referenciar falha logar sisap homolog;Erro;falha logar ambiente homologação dar erro instancia objeto referenciar falha logar
chamar referente;Erro;chamar referente
chamar referente;Avaliação_Técnica;chamar referente
preciso alterar registro funcionário cq igualar grupo primário usuário andersonss thiagoam igual usuário fabianfs conforme anexo sisap reconhecer nomeclatura cq permissão específico utilizar cadastro tá gqestá impossibilitar realizar atividade ser necessário alterar via banco diariamente paliativo rodar replicação banco informação voltar ser necessário atuar todo vez alteração registro ad;Corretiva;preciso alterar registro funcionário igualar grupo primário andersonss thiagoam igual fabianfs conforme anexo reconhecer nomeclatura permissão específico utilizar cadastro gqestá impossibilitar realizar atividade necessário alterar via banco diariamente paliativo rodar replicação banco informação voltar necessário atuar todo vez alteração registro
analisar existir algum job atualizar tabela usuário após migração sistema precisar verificar tabela ser atualizar algum usuario encontrar não análise tabela usuário;Corretiva;existir algum job atualizar tabela após migração precisar tabela atualizar algum usuario encontrar análise tabela
usuário rede diariamente preciso ficar fazer update coluna nomdepto cq verifiquei menino infra mao grupo primario cq usuário seguinte select from wherir nomusuario in and update update set nomdepto cq wherar nomusuario in sisap enxerga nomeclatura cq funcionalidade específico reabrir lote melhoria programar futuramente adaptar reconhecer outro departamento ainda não conseguir janela pra aplicar alterir aqui base rolar replicação diario voltar pra gq gostar;Corretiva;rede diariamente preciso ficar fazer update coluna nomdepto verifiquei menino infra mao grupo primario seguinte select from wherir nomusuario and update update set nomdepto wherar nomusuario enxerga nomeclatura funcionalidade específico reabrir lote melhoria programar futuramente adaptar reconhecer outro departamento ainda conseguir janela pra aplicar aqui base rolar replicação diario voltar pra gostar
bom tarde preciso ajuda referente seguinte usuário anderson Silva Carvalho flgativo n tabela usuario conforme seguinte select select from nomusuario andersonsc valer ressaltar colaborador ativo fab momento nao voltar feria afastamento algo tipo departamento domainr user pertencer dprod então update set flgativo s wherir nomusuario andersonsc;Corretiva;preciso ajuda referente seguinte carvalho flgativo tabela usuario conforme seguinte select select from nomusuario andersonsc valer ressaltar colaborador ativo fab momento nao voltar feria afastamento algo tipo departamento domainr user pertencer dprod então update set flgativo wherir nomusuario andersonsc
criação login operador topdesk funcionario mauricio Costa araujo ti desenvolvimento criação login operador topdesk;Melhorias;criação login operador topdesk funcionario desenvolvimento criação login operador topdesk
precisar adicionar numero empresa campo drt processar robô hora gravar banco sql manutenção robo ponto ahgora;Melhorias;precisar adicionar numero empresa campo drt processar robô hora gravar banco sql manutenção robo ponto ahgora
ajustir robô importação ahgora ajustir robô importação ahgora;Melhorias;ajustir robô importação ahgora ajustir robô importação ahgora
ajustar conteúdo etiqueta lote iac colocar conteúdo etiqueta pertencer caixa direita esquerda ajustir etiqueta lote embalagem duplo;Melhorias;ajustar conteúdo etiqueta lote iac colocar conteúdo etiqueta pertencer caixa direita esquerda ajustir etiqueta lote embalagem duplo
registro hora alocar desenvolvimento equipe query consultar tempo leitura posto linha query usar parte procedimento verificação defutura procedure fazer parte projeto registro automático parada linha sisap desenvolvimento equipe criação query tempo leitura posto;Avaliação_Técnica;registro hora alocar desenvolvimento equipe query consultar tempo leitura query usar parte procedimento verificação defutura procedure fazer parte projeto registro automático parada desenvolvimento equipe criação query tempo leitura
solicitar;Melhorias;solicitar
solicitar;Avaliação_Técnica;solicitar
pair Programing informativo identificação analise melhoria código informativo splash desktop windows semp tcl pair Programing informativo;Corretiva;pair programing informativo identificação analise melhoria código informativo splash desktop windows semp tcl pair programing informativo
disponível versão sisap nº disponível versão qa versão produção favor atualizar deploy sisap homolog versão constar seguinte funcionalidade autor mensagem felipe nascimento Merge branch Paulopc into Paulo Costa comentario codigo tratativa caso ap vir nular Paulo Costa bugfix correção emergencial tratativa erro sessão nulo Paulo Costa implementacao impressao fase top atualização sisap homolog;Corretiva;disponível versão disponível versão versão produção atualizar deploy homolog versão constar seguinte funcionalidade autor mensagem nascimento merge branch paulopc into comentario codigo tratativa caso vir nular bugfix correção emergencial tratativa erro sessão nulo implementacao impressao fase top atualização homolog
atualmente utilizar software coleta logs map elevado custo anual manter outro software de esse empresa termos manutenção controle ferramenta não nenhum poder ter risco acabar parar processo todo fase iac caso algum problema software migração total sistema check feeder map check feeder sisap meado aproveitar oportunidade então centralizar controlar processo todo desde coleta logs máquina processo check feeder projeto coletatclr iac;Avaliação_Técnica;atualmente utilizar software coleta logs map elevado custo anual manter outro software empresa termos manutenção controle ferramenta nenhum poder ter risco acabar parar processo todo fase iac caso algum software migração total check feeder map check feeder meado aproveitar oportunidade então centralizar controlar processo todo desde coleta logs máquina processo check feeder projeto coletatclr iac
solicitar ajudar configuração ambiente projeto data Lake fazer versão ir pegar dado banco siplace sisap;Avaliação_Técnica;solicitar ajudar configuração ambiente projeto data lake fazer versão pegar
solicitar criação usuário permissão select banco dado sql asm motivo ser fazer aplicação fazer select tabela scrap trazer dado sisap tabela consultar aplicação consulto procedure criar procedure fazer apenas select não realizar nenhum outro operação banco asm motivo desenvolvimento aplicação automatização trabalho manual parte produção fazer todo mês coletar dado linha linha formatar inserir sisap manualmente causar alocação tempo excessivo analista fazer atividade criação usuário Sql server;Avaliação_Técnica;solicitar criação permissão select banco sql asm motivo fazer aplicação fazer select tabela scrap trazer tabela consultar aplicação consulto procedure criar procedure fazer apenas select realizar nenhum outro operação banco asm motivo desenvolvimento aplicação automatização trabalho manual parte produção fazer todo mês coletar formatar inserir manualmente causar alocação tempo excessivo analista fazer atividade criação sql server
analisar seguinte lote dar problema apontamento erro ocorrer apo responsavel linha tentar apontar todo lote vez análise lote sap copper tuber;Erro;seguinte lote dar apontamento erro ocorrer apo responsavel tentar apontar todo lote vez análise lote copper tuber
disponível versão sisap nº disponível versão qa versão prod favor atualizar deploy sisap homolog versão constar seguinte funcionalidade alteração branch into prever negativo painel Real Time erro serviço indisponível suspensão atualização relatório produção pci dat fabrica tv basear atualização sisap homolog;Melhorias;disponível versão disponível versão versão prod atualizar deploy homolog versão constar seguinte funcionalidade alteração branch into prever negativo painel real time erro serviço indisponível suspensão atualização relatório produção pci dat fabrica basear atualização homolog
atualização ambiente homologação office automation atualização ambiente homologação office automation;Melhorias;atualização ambiente homologação office automation atualização ambiente homologação office automation
solicitar apoio acessar vm desenvolvimento sistema legar preciso debugar sistema plano edp pois usuario ter problema acesso problema acessar vm desenvolvimento sistema legar;Erro;solicitar apoio acessar desenvolvimento legar preciso debugar plano edp pois usuario ter acessar desenvolvimento legar
solicitar espaço disco cota jogar release sisap pasta captura tela espaço disco cota;Melhorias;solicitar espaço disco cota jogar release pasta captura tela espaço disco cota
disponível versão sisap nº disponível versão qa versão prd favor atualizar deploy sisap homolog versão constar seguinte funcionalidade alteração branch Paulopc into fluxo alternativo processo amarração evap Caixa Eletrica validação mesmo fase arc geração automatica ordem tela detalhamento item agora contemplar criar ordem kit acessorio ordem caixa Eletrica produto adicionar try catch controller exibição visual erro usuario tela quebrar ficar branco atualização release sisap homolog;Melhorias;disponível versão disponível versão versão prd atualizar deploy homolog versão constar seguinte funcionalidade alteração branch paulopc into fluxo alternativo processo amarração evap caixa eletrica validação fase arc geração automatica ordem tela detalhamento item agora contemplar criar ordem kit acessorio ordem caixa eletrica produto adicionar try catch controller exibição visual erro usuario tela quebrar ficar branco atualização release homolog
criar ap impressão caixa elétrico através tela detalhamento item atualmente escrever necessário escrever bugfix criação automatica ap Caixa Eletrica;Melhorias;criar impressão caixa elétrico tela detalhamento item atualmente escrever necessário escrever criação automatica caixa eletrica
solicitar;Avaliação_Técnica;solicitar
disponível versão sisap nº disponível versão qa versão prod favor atualizar deploy sisap homolog versão constar seguinte funcionalidade alteração branch paulopc into fix criação automatica ap adicionar valor numop fim tabela metodo dao buscar ap Caixa Eletrica partir ap evaporadora controller criar metodo obter ap Caixa Eletrica outro obter informação tabela detalhamento item ne Caixa Eletrica encontrar front end adicionar tratativa aps evaporadora aparecer ap Modeloo Caixa Eletrica ir fazer impressao realizar tamber devir tratativa impressao sem impacto função implementar anteriormente atualização sisap homolog;Melhorias;disponível versão disponível versão versão prod atualizar deploy homolog versão constar seguinte funcionalidade alteração branch paulopc into fix criação automatica adicionar valor numop fim tabela metodo dao buscar caixa eletrica partir evaporadora controller criar metodo obter caixa eletrica outro obter informação tabela detalhamento item caixa eletrica encontrar front end adicionar tratativa aps evaporadora aparecer modeloo caixa eletrica fazer impressao realizar tamber devir tratativa impressao impacto função implementar anteriormente atualização homolog
adicionar funcionalidade cadastro múltiplo leitura ir salvar tabela item importar atualmente manutenção ver banco melhoria tela detalhamento item;Melhorias;adicionar funcionalidade cadastro múltiplo leitura salvar tabela item importar atualmente manutenção ver banco melhoria tela detalhamento item
solicitar liberar seguinte url lista exceção netskope endereço api fornecer empresa urtbus trazer dado registro funcionario entrar rota fazer parte projeto atendimento fabrica arcon projeto pss tentar fazer requisição endpoint bloquear funcionar desabilito previamente netskope liberar endereço netskope listar excessão;Corretiva;solicitar liberar seguinte url lista exceção endereço api fornecer empresa urtbus trazer registro funcionario entrar rota fazer parte projeto atendimento fabrica arcon projeto pss tentar fazer requisição endpoint bloquear funcionar desabilito previamente liberar endereço listar excessão
solicitar;Avaliação_Técnica;solicitar
atualização correção bug fix salvamento salvar atualização sistema pcp homologação;Avaliação_Técnica;atualização correção bug fix salvamento salvar atualização pcp homologação
disponível versão sisap nº disponível versão qa versão prd favor atualizar deploy sisap homolog versão constar seguinte funcionalidade alteração comentário envio impressão rabbit método repetir reutilização método geraretiquetas contadore aplicação processamento impressão validador serial logica leitura etiqueta geração novo projeto classe impressão etiqueta caracter numero ne letra projeto numerico atualização sisap homolog;Melhorias;disponível versão disponível versão versão prd atualizar deploy homolog versão constar seguinte funcionalidade alteração comentário envio impressão rabbit método repetir reutilização método geraretiquetas contadore aplicação processamento impressão validador serial logica leitura etiqueta geração novo projeto classe impressão etiqueta caracter numero letra projeto numerico atualização homolog
gerar novo versão sisap homolog conter segunte featur relatório técnico ajustir resultado não exibir defeito abrir detalhamento item ajustir impedir recarga automático tela após importação sap produção hora hora ajustir calculo meta primeiro horário impactar indicador pss modificação regra negócio permitir usuário fazer checkin posto arquivo deploy encontrar atualização sisap homolog;Avaliação_Técnica;gerar novo versão homolog conter segunte featur relatório técnico ajustir resultado exibir defeito abrir detalhamento item ajustir impedir recarga automático tela após importação produção hora hora ajustir calculo meta primeiro horário impactar indicador pss modificação regra negócio permitir fazer checkin arquivo deploy encontrar atualização homolog
disponível versão sisap nº disponível versão qa versão prod favor atualizar deploy sisap homolog versão constar seguinte funcionalidade alteração branch into paulopc funcionalidade menu permissao acesso cbacesso btncasamentomanual referencia externo restrição acesso botão disparo casamento validação cbacesso retorno procedure int string fazer backup setar null caso ac questão projeto tela automação casamento arcon feat inclusão novo pag layout cabeçalho menu incorporar menu sisap futuramente feat controller tela chamada endpoints feat tela implementação utilizar bootstrap funcionalidade validação steps acompanhamento listar logs atividade botão disparo casamento feat implementação método validação processamento daogeral devir validação regra negócio implementado em este atualização sisap homolog;Avaliação_Técnica;disponível versão disponível versão versão prod atualizar deploy homolog versão constar seguinte funcionalidade alteração branch into paulopc funcionalidade menu permissao cbacesso btncasamentomanual referencia externo restrição botão disparo casamento validação cbacesso retorno procedure int string fazer backup setar null caso questão projeto tela automação casamento arcon feat inclusão novo pag layout cabeçalho menu incorporar menu futuramente feat controller tela chamada endpoints feat tela implementação utilizar bootstrap funcionalidade validação steps acompanhamento listar logs atividade botão disparo casamento feat implementação método validação processamento daogeral devir validação regra negócio implementado atualização homolog
disponível versão pcp dev nº disponível versão qa favor atualizar deploy pcp homolog versão constar seguinte funcionalidade alteração adicionar campo ordem planejar recuperação info ordem apo salvar adicionar metodo atualizar Campo ordem planejar tabela banco após busca sap metodo envio workflow atualização codigo tabela capa metodo chamar api ordem planejar conseguir localizar numero ordem exibir usuario front end tratativa caso versao PP aprovar mudar cor header estudo passar chamar pp botão gerar ordem planejar aparecer somente estudo concluir ciclo aprovação adicionar metodo editar estudo existente sem criar novo versão integração api ordem planejar ajustir metodo net chamar função sap ajustar mapeamento campo tabela remoção chave compor tabela capa pre implementação metodo solicitar aprovação adicionar metodo excluir estudo botão exclusão linha psi tamber metodo controller service metor exclusão subitem desagregação exclusão versão atual procedurer desagregar valor total ultimo modelo cadastrar correção tela sequenciamento adicionar validação valor nullr botão exclusão item tabela sequenciamento método obter sequenciamento campo codfab versao sequenciamento dto método consultar estudo fazer fábrica endpoint cadastro gravar tabela capa adicionar comentario metodo validar estudo aprovar metodo gerar ordem planejar engatilhar implementação metodo obter versao sequenciamento fabrica obter modelo versao sequenciamento obter linha descrição completo método obter linha sequenciamento descrição obter turno versão sequenciamento front end adicionar filtro sequenciamento incluir tabela numero versao estudo sequenciamento remoção botão adicionar programação editar programação botão gerar ordem planejar modal confirmação input observação salvamento estudo função validar estudo ta aprovar caso oculta botão solicitar aprovação libero visualização botão gerar ordem planejar função solicitação aprovação versão atualização pcp homolog;Avaliação_Técnica;disponível versão pcp dev disponível versão atualizar deploy versão constar seguinte funcionalidade alteração adicionar campo ordem planejar recuperação info ordem apo salvar adicionar metodo atualizar campo ordem planejar tabela banco após busca metodo envio workflow atualização codigo tabela capa metodo chamar api ordem planejar conseguir localizar numero ordem exibir usuario front end tratativa caso versao aprovar mudar cor header estudo passar chamar botão gerar ordem planejar aparecer somente estudo concluir ciclo aprovação adicionar metodo editar estudo existente criar novo versão integração api ordem planejar ajustir metodo net chamar função ajustar mapeamento campo tabela remoção chave compor tabela capa pre implementação metodo solicitar aprovação adicionar metodo excluir estudo botão exclusão psi tamber metodo controller service metor exclusão subitem desagregação exclusão versão atual procedurer desagregar valor total ultimo modelo cadastrar correção tela sequenciamento adicionar validação valor nullr botão exclusão item tabela sequenciamento método obter sequenciamento campo codfab versao sequenciamento dto método consultar estudo fazer fábrica endpoint cadastro gravar tabela capa adicionar comentario metodo validar estudo aprovar metodo gerar ordem planejar engatilhar implementação metodo obter versao sequenciamento fabrica obter modelo versao sequenciamento obter descrição completo método obter sequenciamento descrição obter turno versão sequenciamento front end adicionar filtro sequenciamento incluir tabela numero versao estudo sequenciamento remoção botão adicionar programação editar programação botão gerar ordem planejar modal confirmação input observação salvamento estudo função validar estudo aprovar caso oculta botão solicitar aprovação libero visualização botão gerar ordem planejar função aprovação versão atualização
registro demanda realizar solicitar apoio instalação configuração plugin nsap connector aplicação tentar disparar rfc meio aplicação erro comunicação sap demanda pendente Solicito tambem investigação funcionar chamado ip dns nao funcionar instalação puglin nsap connector;Avaliação_Técnica;registro demanda realizar solicitar apoio instalação configuração plugin nsap connector aplicação tentar disparar rfc meio aplicação erro comunicação demanda pendente tambem investigação funcionar chamado dns nao funcionar instalação puglin nsap connector
disponível versão pcp dev nº disponível versão qa favor atualizar deploy pcp homolog versão constar seguinte funcionalidade alteração adicionar campo dto receber qtd criar método consumo ajustir metodo obter sequenciamento obter qtds disponivel ajuste algum metodo psi saveandaudit auditoria ajustir cabeçalho tela receber dado sessão exibir nome usuário adicionar rodapér login numero versão sistema atualização pcp homolog;Avaliação_Técnica;disponível versão pcp dev disponível versão atualizar deploy versão constar seguinte funcionalidade alteração adicionar campo dto receber qtd criar método consumo ajustir metodo obter sequenciamento obter qtds disponivel ajuste algum metodo psi saveandaudit auditoria ajustir cabeçalho tela receber sessão exibir nome adicionar rodapér login numero versão atualização
disponível versão sisap nº disponível versão qa favor atualizar deploy sisap dev versão constar seguinte funcionalidade alteração adicionar dtor mapear campo retorno procedure ajustar metodo chamar procedure adequar estrutura adicionar função tratamento data front end teste integração camada solução bd incluso validação data alteração ordem campo obrigatoriedade campo ajuste css rodar coletor inclusão campo data livre data livre começar readonly envio back end campo fornecedor vazio habilitar campo data livre tornar obrigatorio função auto foco gerenciamento campo controller remoçãor espaço tratativa procedur obter backend nomeclatura nome serviço Controles encontrar fase teste inicial projeto date coder authenticator controller view projeto atualização sisap dev;Avaliação_Técnica;disponível versão disponível versão atualizar deploy dev versão constar seguinte funcionalidade alteração adicionar dtor mapear campo retorno procedure ajustar metodo chamar procedure adequar estrutura adicionar função tratamento data front end teste integração camada solução incluso validação data alteração ordem campo obrigatoriedade campo ajuste css rodar coletor inclusão campo data livre data livre começar readonly envio back end campo fornecedor vazio habilitar campo data livre tornar obrigatorio função auto foco gerenciamento campo controller remoçãor espaço tratativa procedur obter backend nomeclatura nome serviço controles encontrar fase teste inicial projeto date coder view projeto atualização dev
solicitar espaço disco cota jogar deploy aplicação devido pasta espaço disco q cota;Corretiva;solicitar espaço disco cota jogar deploy aplicação devido pasta espaço disco cota
disponível novo versão office automation atendimento chamado nº zip encontrar caminho arquivo melhoria aplicar informação gerenciamento avaliação nota gestor formulário autoavaliação atualizar link atualização office automation;Melhorias;disponível novo versão office automation atendimento chamado zip encontrar caminho arquivo melhoria aplicar informação gerenciamento avaliação nota gestor formulário autoavaliação atualizar link atualização office automation
disponível versão sisap nº disponível versão qa favor atualizar deploy sisap homolog versão constar seguinte funcionalidade alteração branch datecodeauthenticator into branch into datecodeauthenticator branch eduardavr Corrigirerroziac into branch into eduardavr Corrigirerroziac adicionar alterar fluxo voltar tela inicial somente caso realimentação branch into datecodeauthenticator atualização sisap homolog nº;Melhorias;disponível versão disponível versão atualizar deploy homolog versão constar seguinte funcionalidade alteração branch datecodeauthenticator into branch into datecodeauthenticator branch eduardavr corrigirerroziac into branch into eduardavr corrigirerroziac adicionar alterar fluxo voltar tela inicial somente caso realimentação branch into datecodeauthenticator atualização homolog
disponível versão sisap nº disponível versão qa favor atualizar deploy sisap homolog versão constar seguinte funcionalidade alteração dev semp envio parametro data livre back end regex validar leitura etq fornecedor calculo validade informar swal fire usuario função calcular data validade data fabrição digitar manualmente tabela item classificação entity metodo consulta validade item salvamento campo data validade validade front end envio parametro back end padrão etiqueta principal ac voltar etq coluna parâmetro template dto front end restringir opção seleção template somente ac inclusão parâmetro template branch into processo salvar pedestal teste oba branch into teste oba validar kit pedestal atualização sisap homolog;Melhorias;disponível versão disponível versão atualizar deploy homolog versão constar seguinte funcionalidade alteração dev semp envio parametro data livre end regex validar leitura etq fornecedor calculo validade informar swal fire usuario função calcular data validade data fabrição digitar manualmente tabela item classificação entity metodo consulta validade item salvamento campo data validade validade front end envio parametro end padrão etiqueta principal voltar etq coluna parâmetro template dto front end restringir opção seleção template somente inclusão parâmetro template branch into processo salvar pedestal teste oba branch into teste oba validar kit pedestal atualização homolog
disponível versão sisap nº disponível versão qa versão prod time infra favor atualizar deploy versão qa sisap homolog versão constar seguinte funcionalidade Merge branch Paulopc into service chamada relatorio dao chamar procedure via sql parametro vo mapear campo retorno procedure view metodo consulta relatorio controller view implementação tabela usar componente data table filtro parametro novo modelo regex encontrar tela coletor datecoder rota relatorio menu acesso restrito dti Merge branch eduardav loopcarretelreutilizar into eduarda v loop carretel reutilizar disponível versão sisap nº;Melhorias;disponível versão disponível versão versão prod time infra atualizar deploy versão versão constar seguinte funcionalidade merge branch paulopc into service chamada chamar procedure via sql parametro mapear campo retorno procedure view metodo consulta view implementação tabela usar componente data table filtro parametro novo modelo regex encontrar tela coletor datecoder rota relatorio menu restrito dti merge branch eduardav loopcarretelreutilizar into eduarda loop carretel reutilizar disponível versão
disponível versão sisap nº disponível versão qa versão prd favor atualizar deploy sisap homolog versão constar seguinte funcionalidade alteração branch Paulopc into parâmetro fornecedor filtro coluna fornecedor tabela relatorio check feeder iac atendimento chamado branch into correção calculo qtdrealizar checar quantidade grande zero evitar valor negativo relatório branch into funcionalidade integração sap ltap Lqua disponível versão sisap nº;Melhorias;disponível versão disponível versão versão prd atualizar deploy homolog versão constar seguinte funcionalidade alteração branch paulopc into parâmetro fornecedor filtro coluna fornecedor tabela relatorio check feeder iac atendimento chamado branch into correção calculo qtdrealizar checar quantidade grande zero evitar valor negativo relatório branch into funcionalidade integração ltap lqua disponível versão
registro solicitação realizar solicitar;Avaliação_Técnica;registro realizar solicitar
solicitar apoio publicação novo projeto controle embarque ambiente iis servidor homologação solicitar ainda reserva porta onde ficar hospedar deploy projeto backr end projeto front end respectivamente fim criação dns acessível disponibilizar cliente final testar aplicação solicitação;Avaliação_Técnica;solicitar apoio publicação novo projeto controle embarque ambiente iis servidor homologação solicitar ainda reserva porta onde ficar hospedar deploy projeto backr end projeto front end respectivamente fim criação dns acessível disponibilizar cliente final testar aplicação
solicitar apoio análise conjunto verificação job manual scrap alimentar tabela postgresql precisarer rodar mês retroativo verificar possibilidade deixar job automatico análise job manual scrap;Melhorias;solicitar apoio análise conjunto verificação job manual scrap alimentar tabela postgresql precisarer rodar mês retroativo possibilidade deixar job automatico análise job manual scrap
solicitar permissão acesso link amarração op fazer cópia usuário leonardogs permissão sisap;Avaliação_Técnica;solicitar permissão link amarração fazer cópia leonardogs permissão
fazer cópia permissão usuário leonardogs usuário pablosa permissão legar pcp;Avaliação_Técnica;fazer cópia permissão leonardogs pablosa permissão legar
quantidade produzer modelo data aparecer negativo divergencia resumo produção;Corretiva;quantidade produzer modelo data aparecer negativo divergencia resumo produção
disponível versão sisap nº disponível versão dev favor atualizar deploy sisap dev versão constar seguinte funcionalidade commitada período oscar troca nome procedur Imc não ter conflito iac durante teste linha ajustir código compilação ajustir lógica verificação duplicidade marfinite correção lógica foco campo leitura barcode bloqueio realimentação sinalização pendência auditoria check versão atualizar realimentação ausência check versão inicial implementação preenchimento automático barcode tela checagem bloqueio realimentação checagem pendente ajuste menor código ui implementação;Nova instalação;disponível versão disponível versão dev atualizar deploy dev versão constar seguinte funcionalidade commitada período troca nome procedur ter conflito iac durante teste ajustir código compilação ajustir lógica verificação duplicidade marfinite correção lógica foco campo leitura barcode bloqueio realimentação sinalização pendência auditoria check versão atualizar realimentação ausência check versão inicial implementação preenchimento automático barcode tela checagem bloqueio realimentação checagem pendente ajuste menor código implementação
disponível versão sisap nº disponível versão dev favor atualizar deploy sisap dev versão constar seguinte funcionalidade commitada período oscar adicionar validação usuário acesso módulo imc não botão impressão etiqueta qrcode não exibir criação relatório qrcode posto imc adicionar impressão etiquea posto imc relatório imc novo campo etapaproc emissão etiqueta Imc versão inicial novo método maquinasinfo imc código inicial impressão etiqueta disponível versão sisap nº;Nova instalação;disponível versão disponível versão dev atualizar deploy dev versão constar seguinte funcionalidade commitada período adicionar validação módulo imc botão impressão etiqueta qrcode exibir criação relatório qrcode imc adicionar impressão etiquea imc relatório imc novo campo etapaproc emissão etiqueta imc versão inicial novo método maquinasinfo imc código inicial impressão etiqueta disponível versão
disponível versão sisap nº disponível versão dev favor atualizar deploy sisap dev versão constar seguinte funcionalidade commitada período mergir branch ajustir regra realimentação permitir uso qualquer bag sem obrigar ser usar alimentação previamente ajuste pequeno evento lista alimentação imc correção lista etiqueta impressão imc adicionar validação usuário acesso módulo imc não botão impressão etiqueta qrcode não exibir criação relatório qrcode posto imc adicionar impressão etiqueta posto imc relatório imc novo campo etapaproc emissão etiqueta Imc versão inicial novo método maquinasinfo imc código inicial impressão etiqueta disponível versão sisap nº;Avaliação_Técnica;disponível versão disponível versão dev atualizar deploy dev versão constar seguinte funcionalidade commitada período mergir branch ajustir regra realimentação permitir uso qualquer bag obrigar usar alimentação previamente ajuste pequeno evento lista alimentação imc correção lista etiqueta impressão imc adicionar validação módulo imc botão impressão etiqueta qrcode exibir criação relatório qrcode imc adicionar impressão etiqueta imc relatório imc novo campo etapaproc emissão etiqueta imc versão inicial novo método maquinasinfo imc código inicial impressão etiqueta disponível versão
disponível versão sipap nº disponível versão qa favor atualizar deploy porta sipap homologação versão constar seguinte funcionalidade commitada período fix problema Merge alteração importação template imc pss tv disponível versão sipap nº;Nova instalação;disponível versão sipap disponível versão atualizar deploy porta sipap homologação versão constar seguinte funcionalidade commitada período fix merge alteração importação template imc pss disponível versão sipap
solicitar instalação local novo versão sistema portaria tv sistema ficar algum dia ser usar teste validação posteriormente ir instalar versão atualizar produção sistema obrigado solicitação instalação novo versão sistema portaria tv;Nova instalação;solicitar instalação local novo versão portaria ficar algum usar teste validação posteriormente instalar versão atualizar produção instalação novo versão portaria
solicitar instalação local novo release sistema portaria tv necessário desinstalar versão teste instalar versão atualizadade produção sistema obrigado solicitação instalação novo release sistema portaria;Nova instalação;solicitar instalação local novo release portaria necessário desinstalar versão teste instalar versão atualizadade produção instalação novo release portaria
help desk oscar menezes sobre funcionalidade parada linha;Melhorias;help desk sobre funcionalidade parada
solicitar instalação local novo versão sistema portaria tv atualização outubro sistema ficar algum dia ser usar teste validação posteriormente ir instalar versão atualizadade produção sistema obrigado instalação novo versão sistema portaria tv;Nova instalação;solicitar instalação local novo versão portaria atualização outubro ficar algum usar teste validação posteriormente instalar versão atualizadade produção instalação novo versão portaria
solicitar instalação local novo versão sistema portaria tv atualização outubro atividade instalar versão atualizadade produção sistema obrigado instalação versão produção sistema portaria tv;Melhorias;solicitar instalação local novo versão portaria atualização outubro atividade instalar versão atualizadade produção instalação versão produção portaria
disponível versão sisap nº disponível versão dev favor atualizar deploy porta sisap homologação versão constar seguinte funcionalidade commitada período adicionar página projeto menu resolução merge adicionar coluna duração total grid ajuste código sistema remoção comentário atualização regra negócio tela status resposta versão inicial funcional modal resposta versão inicial modal resposta exibir mensagem carregar corretamente ajuste layout padronização alerta fluxo tela aprovação resposta completo layout grid corriger tela resposta ficar bloquear resposta dado grid atualizar outro mudança pontual layout versão inicial tela resposta parada produção link versão inicial tela resposta parada linha adicionar emissão base lista definir plano comunicação atualização tela cadastro novo parada linha pendente seleção modelo versão inicial tela lista parada layout componente integrar atualização arquivo projeto dal adicionar arquivo ef módulo parada produção disponível versão sisap nº;Nova instalação;disponível versão disponível versão dev atualizar deploy porta homologação versão constar seguinte funcionalidade commitada período adicionar página projeto menu resolução merge adicionar coluna duração total grid ajuste código remoção comentário atualização regra negócio tela status resposta versão inicial funcional modal resposta versão inicial modal resposta exibir mensagem carregar corretamente ajuste layout padronização alerta fluxo tela aprovação resposta completo layout grid corriger tela resposta ficar bloquear resposta grid atualizar outro mudança pontual layout versão inicial tela resposta parada produção link versão inicial tela resposta parada adicionar emissão base lista definir plano comunicação atualização tela cadastro novo parada pendente seleção modelo versão inicial tela lista parada layout componente integrar atualização arquivo projeto dal adicionar arquivo módulo parada produção disponível versão
módulo parada produção disponível versão sisap nº disponível versão dev favor atualizar deploy porta sisap dev homologação versão constar seguinte funcionalidade commitada período finalização cadastro motivo plano comunicação ajuste geral sistema teste versão final cadastro lista plano comunicação versão inicial cadastro lista plano comunicação diálogo versão inicial cadastro lista comunicação pequeno ajuste lógico layout versão completo cadastro grupo plano comunicação versão inicial cadastro grupo plano comunicação pequeno correção layout versão inicial Código cadastro grupo plano comunicação parada produção versão inicial cadastro plano versão inicial cadastro motivo versão inicial cadastro subcategoria parada ajustir layout diálogo ajustir lógica modal implementação edição categoria cadastro categoria versão inicial ajuste validação lógica numeração parada produção ajuste mapeamento ajuste classe mapeamento tabela ajustir comentário página index ajuste código página disponível versão sisap nº módulo parada produção;Nova instalação;módulo parada produção disponível versão disponível versão dev atualizar deploy porta dev homologação versão constar seguinte funcionalidade commitada período finalização cadastro motivo plano comunicação ajuste geral teste versão final cadastro lista plano comunicação versão inicial cadastro lista plano comunicação diálogo versão inicial cadastro lista comunicação pequeno ajuste lógico layout versão completo cadastro grupo plano comunicação versão inicial cadastro grupo plano comunicação pequeno correção layout versão inicial código cadastro grupo plano comunicação parada produção versão inicial cadastro plano versão inicial cadastro motivo versão inicial cadastro subcategoria parada ajustir layout diálogo ajustir lógica modal implementação edição categoria cadastro categoria versão inicial ajuste validação lógica numeração parada produção ajuste mapeamento ajuste classe mapeamento tabela ajustir comentário página index ajuste código página disponível versão módulo parada produção
ajuste validação módulo inspeção posto oba disponível versão sisap nº disponível versão dev favor atualizar deploy porta disponível sisap dev homologação versão constar seguinte funcionalidade commitada período ajustir validação pedestal versão inicial validação pedestal versão inicial funcional validação serial informar usuário disponível versão sisap nº ajuste posto oba;Nova instalação;ajuste validação módulo inspeção oba disponível versão disponível versão dev atualizar deploy porta disponível dev homologação versão constar seguinte funcionalidade commitada período ajustir validação pedestal versão inicial validação pedestal versão inicial funcional validação serial informar disponível versão ajuste oba
bom dia conforme tratar reunião ontem fase teste novo módulo parada produção arcon durante fase detectar problema acesso algum recurso sistema parecer relacionado infraestrutura rede cadastrar parada produção sistema enviar responsável conforme lista em este link responder parada produção algum caso usuário informar página resposta não carregar corretamente tentar abrir link rede fábrica tv não ocorrer nenhum problema usuário arcon conseguir acessar link sucesso problema parecer relacionar infraestrutura rede favor verifiquir realmente problema disponibilidade de este recurso servidor utilizar teste qualquer dúvida informação adicional contato obrigado teste sistema parada produção arcon problema infraestrutura;Nova instalação;conforme tratar reunião ontem fase teste novo módulo parada produção arcon durante fase detectar algum recurso parecer relacionado infraestrutura rede cadastrar parada produção enviar responsável conforme lista link responder parada produção algum caso informar página resposta carregar corretamente tentar abrir link rede fábrica ocorrer nenhum arcon conseguir acessar link sucesso parecer relacionar infraestrutura rede verifiquir realmente disponibilidade recurso servidor utilizar teste qualquer dúvida informação adicional contato teste parada produção arcon infraestrutura
teste validação kit acessório base pedestal posto oba teste posto oba;Melhorias;teste validação kit acessório base pedestal oba teste oba
ajuste validação módulo inspeção posto oba disponível versão sisap nº disponível versão dev favor atualizar deploy porta versão agora apontar produção verificar porta correto sisap dev homologação versão constar seguinte funcionalidade commitada período validação múltiplo pedestal versão validar versão inicial ajuste lógico suportar diverso número pedestal versão inicial validação pedestal ajustir tratar pedestal lógico validação refatorar uso state machine alterar lógico submit página inspeção oba ajustir retorno função validação serial pedestal ajuste validação kits pedestal incluir pesquisa chave compor serial número ecb ajustir validação pedestal versão inicial validação pedestal versão inicial funcional validação serial informar usuário disponível versão sisap nº;Nova instalação;ajuste validação módulo inspeção oba disponível versão disponível versão dev atualizar deploy porta versão agora apontar produção porta correto dev homologação versão constar seguinte funcionalidade commitada período validação múltiplo pedestal versão validar versão inicial ajuste lógico suportar diverso número pedestal versão inicial validação pedestal ajustir tratar pedestal lógico validação refatorar uso state machine alterar lógico submit página inspeção oba ajustir retorno função validação serial pedestal ajuste validação kits pedestal incluir pesquisa chave compor serial número ecb ajustir validação pedestal versão inicial validação pedestal versão inicial funcional validação serial informar disponível versão
publicar aplicação Workflow ambiente produção stavm criar pasta site iis possível setar porta publicação workflow ambiente produção;Nova instalação;publicar aplicação workflow ambiente produção stavm criar pasta site iis possível setar porta publicação workflow ambiente produção
solicitar meio de este atualização sipap ambiente servidor produção novo release sipap;Nova instalação;solicitar meio atualização sipap ambiente servidor produção novo release sipap
solicitar meio de este cadastro modelo ne tabela item base legado vez não cadastrado cadastro ne modelo ausente tabela item;Corretiva;solicitar meio cadastro modelo tabela item base legado vez cadastrado cadastro modelo ausente tabela item
ne cadastro item ausente base plano edp favor realizar cadastro cadastro ne tabela item;Corretiva;cadastro item ausente base plano edp realizar cadastro cadastro tabela item
mudança servidor sami servidor fazer necessário atualizar views consulta base sami dentro portalrh office automation necessário atualização banco produção desenvolvimento obs favor direcionar chamar cajamar maurício amando atualização views consulta novo servidor sami;Corretiva;mudança servidor sami servidor fazer necessário atualizar views consulta base sami dentro automation necessário atualização banco produção desenvolvimento obs direcionar chamar cajamar maurício amando atualização views consulta novo servidor sami
após algum teste detectar praticamente todo registro ativo flgativo s duplicado banco produção ocasionar erro acessar planoedp solicitar meio de este correção duplicação dado banco esquema dbo tabela duplicação registro tabela usuário prd;Corretiva;após algum teste detectar praticamente todo registro ativo flgativo duplicado banco produção ocasionar erro acessar planoedp solicitar meio correção duplicação banco esquema dbo tabela duplicação registro tabela prd
venho meio de este solicitar ajustir cadastro três funcionário abaixo jozildo Souza Carneiro Marcelo Lima praia halissonr santarém Silva todo funcionário setor qualidade ausência dado cadastro impactar atividade oba servidor banco tabela ajustir cadastro usuário banco;Erro;venho meio solicitar ajustir cadastro três funcionário abaixo praia halissonr santarém silva todo funcionário setor qualidade ausência cadastro impactar atividade oba servidor banco tabela ajustir cadastro banco
colocar cabeçario programa nodejs monitora defeito arcon query fazer aplicação identificador único executar consulta agendar manutenção aplicação deploy acordo janela disponível atualização ajustir aplicação job iot clickhouse arcon;Melhorias;colocar cabeçario programa nodejs monitora defeito arcon query fazer aplicação identificador único executar consulta agendar manutenção aplicação deploy acordo janela disponível atualização ajustir aplicação job iot
lista divergência ordem alimentação op incluir item não fazer parte ordem alimentação ser importar op alternativo correção comparação ordem alimentação x op;Corretiva;lista divergência ordem alimentação incluir item fazer parte ordem alimentação importar alternativo correção comparação ordem alimentação
durante importação dado cm partir arquivo flag r campo left right não carregar correção importação arquivo Cm sipap;Corretiva;durante importação partir arquivo flag campo left right carregar correção importação arquivo sipap
implantar habilitar importação arquivo linha mista compor máquina nxt cm importação arquivo linha mista nxt cm sipap;Melhorias;implantar habilitar importação arquivo mista compor máquina nxt importação arquivo mista nxt sipap
sipap implementar funcionalidade permitir cópia revisão ordem alimentação modelo distinto análogar antigo plano edp cópia revisão ordem alimentação modelo diferente;Melhorias;sipap implementar funcionalidade permitir cópia revisão ordem alimentação modelo distinto análogar antigo plano edp cópia revisão ordem alimentação modelo diferente
implementar funcionalidade permitir exclusão ordem alimentação assim etapa item exclusão ordem alimentação sipap;Melhorias;implementar funcionalidade permitir exclusão ordem alimentação assim etapa item exclusão ordem alimentação sipap
implementar funcionalidade embalagem duplo posto embalagem inicialmente linha iac novo máquina ae sm Siplace configuração permitir configurar dois leitor modelo ap conformidade estrutura máquina asm habilitação embalagem duplo sisap;Melhorias;implementar funcionalidade embalagem duplo embalagem inicialmente iac novo máquina siplace configuração permitir configurar dois leitor modelo conformidade estrutura máquina asm habilitação embalagem duplo
atualmente defeito posto run test ser inserir logo seguida apontar reteste sem aparelho ter passar procedimento correção em este posto específico fazer quatro teste diferente dentre qual aparelho modo quente frio defeito modo frio chegar registrar modo quente não modificação todo defeito contabilizar revisar logo seguida problema inserção defeito iot;Corretiva;atualmente defeito run test inserir logo seguida apontar reteste aparelho ter passar procedimento correção específico fazer quatro teste diferente dentre aparelho modo quente frio defeito modo frio chegar registrar modo quente modificação todo defeito contabilizar revisar logo seguida inserção defeito iot
aplicação responsável gravar dado iot posto sisap apresentar instabilidade erro Timeout após disparar exceção travar processo carga dado problema Timeout aplicação backend iot;Erro;aplicação responsável gravar iot apresentar instabilidade erro timeout após disparar exceção travar processo carga timeout aplicação backend iot
dia março erro contabilização quantidade produzer resumo produção linha iac linha operar normalmente contador resumo produção zerado ajustir resumo produção linha iac;Corretiva;março erro contabilização quantidade produzer resumo produção iac operar normalmente contador resumo produção zerado ajustir resumo produção iac
necessário ajustir numero etapa geração ordem alimentação linha mista modo etapa nxt cm não confundar ordem numeração etapa dever nxt etapa cm etapa ordem alimentação sisap ajustir atribuição etapa linha misturar;Corretiva;necessário ajustir numero etapa geração ordem alimentação mista modo etapa nxt confundar ordem numeração etapa dever nxt etapa etapa ordem alimentação ajustir atribuição etapa misturar
ajustir geração novo ordem alimentação correção geração programa etapa levar consideração mesmo linha revisão contir arquivo sipap ordem alimentação correção geração programa etapa;Corretiva;ajustir geração novo ordem alimentação correção geração programa etapa levar consideração revisão contir arquivo sipap ordem alimentação correção geração programa etapa
melhoria inclusão código programa cabeçalho logs comparação ordem alimentação x ordem produção auditoria máquina x ordem alimentação sipap ordem alimentação inclusão código programa logs;Melhorias;melhoria inclusão código programa cabeçalho logs comparação ordem alimentação ordem produção auditoria máquina ordem alimentação sipap ordem alimentação inclusão código programa logs
ajustar filtro resultado relatório técnico painel forma incluar painel inspecionar forma independente sem associado produto importante evitar painel sem produto não apareçar relatório técnico produto acabar sisap ajustir relatório técnico painel;Melhorias;ajustar filtro resultado relatório técnico painel forma incluar painel inspecionar forma independente associado produto importante evitar painel produto apareçar relatório técnico produto acabar ajustir relatório técnico painel
desenvolvimento aplicação desktop coleta arquivo gerar teste jig realizar gravação serial passagem posteriormente enviar dado mensageiro kafka aplicação possuir setup onde designar linha posto ap embalagem automático imc aplicação desktop jigs teste;Melhorias;desenvolvimento aplicação desktop coleta arquivo gerar teste jig realizar gravação serial passagem posteriormente enviar mensageiro aplicação possuir setup onde designar embalagem automático imc aplicação desktop jigs teste
criação websocket consumir mensagem tópico realizar embalagem partir mensagem enviar resposta serial lote Caixa coletivo contadore status embalagem automático imc websocket embalagem automático;Melhorias;criação websocket consumir mensagem tópico realizar embalagem partir mensagem enviar resposta serial lote caixa coletivo contadore status embalagem automático imc websocket embalagem automático
desenvolvimento painel embalagem linha Imc responsável abrir conexão websocket realizar embalagem consumir dado retorno tempo real pendencia implementar apontamento lote verificação encerramento troca ap quantidade embalar quantidade ap embalagem automático imc painel embalagem;Melhorias;desenvolvimento painel embalagem imc responsável abrir conexão websocket realizar embalagem consumir retorno tempo real pendencia implementar apontamento lote verificação encerramento troca quantidade embalar quantidade embalagem automático imc painel embalagem
implementação endpoint apontamento lote sap sisap integração endpoint painel linha Imc sipap realizar apontamento lote logo fechar embalagem automático imc endpoint sisap apontamento sap lote Imc;Melhorias;implementação endpoint apontamento lote integração endpoint painel imc sipap realizar apontamento lote logo fechar embalagem automático imc endpoint apontamento lote imc
documentação técnico projeto embalagem automático imc conter arquitetura sistema organogramar tecnologia utilizar manual usuário jigapp desktopr painel emb imc manual técnico websocket backend embalagem automático documentação técnico;Melhorias;documentação técnico projeto embalagem automático imc conter arquitetura organogramar tecnologia utilizar manual jigapp desktopr painel emb imc manual técnico websocket backend embalagem automático documentação técnico
implementar funcionalidade rastrear qual ordem alimentação determinar ne item incluso consulta dever retornar modelo descr modelo revisão status etapa posição mecânico left right ordem alimentação relatório rastreamento item;Melhorias;implementar funcionalidade rastrear ordem alimentação determinar item incluso consulta dever retornar modelo descr modelo revisão status etapa posição mecânico left right ordem alimentação relatório rastreamento item
implementação funcionalidade permitir comparar ordem alimentação si afim detectar divergência consulta dever gerar log conter resultado além próprio tela ordem alimentação comparação ordem alimentação;Melhorias;implementação funcionalidade permitir comparar ordem alimentação afim detectar divergência consulta dever gerar log conter resultado além próprio tela ordem alimentação comparação ordem alimentação
implementar funcionalidade verificar ap totalmente consumido caso afirmativo interromper coleta imediatamente jigapp sinalizar mensagem usuário realizar novo setup novo ap mostrar informação painel linha Imc sipap embalagem automático imc verificação consumo ap;Melhorias;implementar funcionalidade totalmente consumido caso afirmativo interromper coleta imediatamente jigapp sinalizar mensagem realizar novo setup novo mostrar informação painel imc sipap embalagem automático imc verificação consumo
teste embalagem automático Imc linha produção utilizar ap separar conjunto placa geral teste bem sucedido embalagem placa fechamento apontamento lote ponto atenção melhoria tempo transporte finalização teste cópia resultado servidor mensagem ap consumir sem ocorrência exibir posto teste vir arquivo doc não ser exibir embalagem automático imc teste protótipo linha;Nova instalação;teste embalagem automático produção utilizar separar conjunto placa geral teste bem sucedido embalagem placa fechamento apontamento lote ponto atenção melhoria tempo transporte finalização teste cópia resultado servidor mensagem consumir ocorrência exibir teste vir arquivo doc exibir embalagem automático imc teste protótipo
painel online exibir produção esperar previsto valor negativo dar conta calculo minuto inicio produção intervalo total painel onlinar sisap análise correção prever negativo;Corretiva;painel online exibir produção esperar previsto valor negativo dar conta calculo minuto inicio produção intervalo total painel onlinar análise correção prever negativo
série ajuste melhoria embalagem automático imc inclusão atualização tabela proddiaplaco teste fechamento apontamento lote novo ambiente sap inclusão informação acerca posto origem teste placa embalagem automático imc ajuste melhoria;Melhorias;série ajuste melhoria embalagem automático imc inclusão atualização tabela proddiaplaco teste fechamento apontamento lote novo ambiente inclusão informação acerca origem teste placa embalagem automático imc ajuste melhoria
realização impressão etiqueta novo projeto Caixa elétrico arcon adaptar sistema etiqueta produto sisap imprimir etiqueta etq ir gerar etqproduto seguir padrão seguir teste caixa produto impressão etq novo projeto arcon etiqueta Caixa elétrico;Avaliação_Técnica;realização impressão etiqueta novo projeto caixa elétrico arcon adaptar etiqueta produto imprimir etiqueta etq gerar etqproduto seguir padrão seguir teste caixa produto impressão etq novo projeto arcon etiqueta caixa elétrico
durante migração novo ambiente sap prd detectar problema importação ordem sap sisap registro não ser devidamente atualizar acarretar consequencia parar linha interferência planejamento outro integrator sap ordem não funcionar corretamente;Corretiva;durante migração novo ambiente prd detectar importação ordem registro devidamente atualizar acarretar consequencia parar interferência planejamento outro integrator ordem funcionar corretamente
realizar conjunto ajuste melhoria módulo ordem alimentação sipap remover campo ap formulário adicionar editar item incluir informação cabeçalho preencher automaticamente campo formulário adicionar etapa ajuste nomenclatura cabeçalho arquivo log comparação ordem alimentação op ajuste nomenclatura cabeçalho arquivo log auditoria programa sipap ordem alimentação ajuste melhoria;Melhorias;realizar conjunto ajuste melhoria módulo ordem alimentação sipap remover campo formulário adicionar editar item incluir informação cabeçalho preencher automaticamente campo formulário adicionar etapa ajuste nomenclatura cabeçalho arquivo log comparação ordem alimentação ajuste nomenclatura cabeçalho arquivo log auditoria programa sipap ordem alimentação ajuste melhoria
realizar ajuste ordem alimentação relatório comparação ordem ajustar campo entrada Campos texto pesquisa modificar tabela retorno tela detalhamento iac criar novo campo permitir identificar tipo ordem linha piloto ecn etc incorporar informação campo Código nomdocldc Logs comparação ordem alimentação x op auditoria programa arquivo sem conteúdo não ocorrer divergência sipap ordem alimentação melhoria;Melhorias;realizar ajuste ordem alimentação relatório comparação ordem ajustar campo entrada campos texto pesquisa modificar tabela retorno tela detalhamento iac criar novo campo permitir identificar tipo ordem piloto ecn etc incorporar informação campo código nomdocldc logs comparação ordem alimentação auditoria programa arquivo conteúdo ocorrer divergência sipap ordem alimentação melhoria
implementação relatório comparação plano listar técnico similar relatório existente plano edp disponibilizar opção selecionar comparação plano comparação ordem sipap ordem alimentação comparação ordem plano;Melhorias;implementação relatório comparação plano listar técnico similar relatório existente plano edp disponibilizar opção selecionar comparação plano comparação ordem sipap ordem alimentação comparação ordem plano
implementação relatório auditoria programa x ordem alimentação molde atual auditoria programa x op input revisão ordem alimentação partir modelo importar planilha sipap ordem alimentação auditoria programa x ordem alimentação;Melhorias;implementação relatório auditoria programa ordem alimentação molde atual auditoria programa input revisão ordem alimentação partir modelo importar planilha sipap ordem alimentação auditoria programa ordem alimentação
criar layout tela cadastro inicial módulo scm centro trabalho linha cadastro manutenção preventivo cadastro Setup capacidade scm layout cadastro;Melhorias;criar layout tela cadastro inicial módulo scm centro trabalho cadastro manutenção preventivo cadastro setup capacidade scm layout cadastro
pesquisa ferramenta visual realizar distribuição automático aps horizonte determinar período tempo implementação tela funcionalidade integração distribuição automático aps scm pesquisa teste distribuição automático aps;Melhorias;pesquisa ferramenta visual realizar distribuição automático determinar período tempo implementação tela funcionalidade integração distribuição automático aps scm pesquisa teste distribuição automático aps
adequação horário entrada saída intervalo novo jornada unidade televisor tcl semp sisap adequação horário novo jornada tv;Corretiva;adequação horário entrada saída intervalo novo jornada unidade televisor tcl semp adequação horário novo jornada
ajustir procedure auditoria ordem alimentação atualmente auditoria não produzir apontar divergência dar existir sipap ajustir procedure auditoria ordem alimentação;Corretiva;ajustir procedure auditoria ordem alimentação atualmente auditoria produzir apontar divergência dar existir sipap ajustir procedure auditoria ordem alimentação
adaptação teste jigapp kafka painel linha embalagem automático imc linha rede teste inicial linha reder jigapp adaptação teste linha rede;Melhorias;adaptação teste painel embalagem automático imc rede teste inicial reder jigapp adaptação teste rede
implementar disponibilizar endpoint receber conjunto dado fornecir partir estação teste resultado inserção registro passagem defeito depender resultado teste iot Endpoint acesso inserção dado;Melhorias;implementar disponibilizar endpoint receber conjunto fornecir partir estação teste resultado inserção registro passagem defeito depender resultado teste iot endpoint inserção
correção relatório produção hora hora relatório ritmo produção gap minuto fim comercial início turnão representar inconsistencia dado sisap correção distribuição ritmo produção;Corretiva;correção relatório produção hora hora relatório ritmo produção gap minuto fim comercial início representar inconsistencia correção distribuição ritmo produção
ajustar software pcp novo linha cadastrar lcd apareçar filtro busca tamber ajustar gravação indicar registro repetir linha novo pcp legar ajustir visualização novo linha;Corretiva;ajustar software pcp novo cadastrar lcd apareçar filtro busca tamber ajustar gravação indicar registro repetir novo pcp legar ajustir visualização novo
disponível versão sisap nº disponível versão prod n versão qa favor atualizar deploy sisap homolog versão constar seguinte funcionalidade commitada período criação api verificar passagem serial linha posto correção exibição nome operador relatório série subtela leitura posto correção relatório técnico não exibir painel correspondente produto acabar disponível versão sisap nº;Nova instalação;disponível versão disponível versão prod versão atualizar deploy homolog versão constar seguinte funcionalidade commitada período criação api passagem serial correção exibição nome operador relatório série subtela leitura correção relatório técnico exibir painel correspondente produto acabar disponível versão
versão sipap homolog disponível deploy conter modificação calculo ppm painel iac excluir quantidade ponto restabelecer valor referencia através input usuário modificação consistir dois etapa tela configuração setar valor referencia ppm painel modificar novo cálculo novo valor publicação encontrar caminho disponível versão sipap;Melhorias;versão sipap homolog disponível deploy conter modificação calculo ppm painel iac excluir quantidade ponto restabelecer valor referencia input modificação consistir dois etapa tela configuração setar valor referencia ppm painel modificar novo cálculo novo valor publicação encontrar caminho disponível versão sipap
implementar módulo gerenciamento po conter principal funcionalidade cadastro listagem edição exclusão módulo responsável organizar informação relativo embarque transporte desembarque componente fundamental planjamento ordem produção módulo scm pcp gerenciamento po;Avaliação_Técnica;implementar módulo gerenciamento conter principal funcionalidade cadastro listagem edição exclusão módulo responsável organizar informação relativo embarque transporte desembarque componente fundamental planjamento ordem produção módulo scm pcp gerenciamento
implementação processo auditoria linha montagem rede buscar identificar placa montar item ap montagem final equivalente afim evitar erro montagem posterior retrabalho sisap auditor linha montagem rede;Melhorias;implementação processo auditoria montagem rede buscar identificar placa montar item montagem final equivalente afim evitar erro montagem posterior retrabalho auditor montagem rede
solicitar meio de este deploy versão teste sisap ambiente isolar teste modo viabilizar teste funcionalidade auditoria ap posto linha montagem conjunto rede seguir roteiro criar tipo posto chamar auditoria pra distinguir posto demais setar posto teste rede pro tipo posto auditorio adicionar input usuário inserir ap validar fazer teste validação serial ap buscar código item dentro ap exploder fazer teste troca ap caso necessário teste posto passagem não auditorio versão servidor bd servidor aplicação definir localização arquivo deploy deploy ambiente teste apontar;Nova instalação;solicitar meio deploy versão teste ambiente isolar teste modo viabilizar teste funcionalidade auditoria montagem conjunto rede seguir roteiro criar tipo chamar auditoria pra distinguir demais setar teste rede pro tipo auditorio adicionar input inserir validar fazer teste validação serial buscar código item dentro fazer teste troca caso necessário teste passagem auditorio versão servidor servidor aplicação definir localização arquivo deploy deploy ambiente teste apontar
solicitar meio de este deploy sipap homolog versão conter correção painel linha relação quantidade produzer versão localização servidor porta deploy sipap homolog;Corretiva;solicitar meio deploy sipap homolog versão conter correção painel relação quantidade produzer versão localização servidor porta deploy sipap homolog
realizar deploy sisap versão feature auditoria ap posto linha montagem conjunto rede defeito causa placa painel incluso relatório técnico montagem final versão servidor localização deploy deploy sisap qa servidor teste apontar;Melhorias;realizar deploy versão feature auditoria montagem conjunto rede defeito causa placa painel incluso relatório técnico montagem final versão servidor localização deploy deploy servidor teste apontar
ajustir relatório técnico exibir código descrição defeito causa placa painel relatório técnico montagem final sisap ajustir relatório técnico defeito causa placa painel;Melhorias;ajustir relatório técnico exibir código descrição defeito causa placa painel relatório técnico montagem final ajustir relatório técnico defeito causa placa painel
ajustir relatório produção consulta não levar consideração dado turno contingência turno sisap ajustir relatório produção;Corretiva;ajustir relatório produção consulta levar consideração turno contingência turno ajustir relatório produção
implementar redirecionamento arquivo log gerar atividade comparação ordem auditoria ordem alimentação sipap redirecionamento Logs pasta rede;Melhorias;implementar redirecionamento arquivo log gerar atividade comparação ordem auditoria ordem alimentação sipap redirecionamento logs pasta rede
implementação teste funcional teste carga auditoria ap posto linha montagem conjunto rede sisap auditoria ap posto linha montagem conjunto rede;Corretiva;implementação teste funcional teste carga auditoria montagem conjunto rede auditoria montagem conjunto rede
venho meio de este solicitar deploy sisap homolog versão conter featur correção relatório oba remoção coluna porcentagem inspeção remoção cor quantidade inspecionar correção telaamarralote inclusão parâmetro flgembduplar url endpoint histórico amarração lote atual relatório producão diário x programa inclusão coluna diferença acumular conter valor diferença programação produção acumular período estipular sistema sisap versão servidor site obs release preparado produção atualizar breve sisap deploy versão;Melhorias;venho meio solicitar deploy homolog versão conter featur correção relatório oba remoção coluna porcentagem inspeção remoção cor quantidade inspecionar correção telaamarralote inclusão parâmetro flgembduplar url endpoint histórico amarração lote atual relatório producão diário programa inclusão coluna diferença acumular conter valor diferença programação produção acumular período estipular versão servidor site obs release preparado produção atualizar breve deploy versão
solicitar meio de este deploy sisap dev versão conter ajustir desamarração placo rede amarrar produto acabar levar consideração item desassociar alternativa posição selecionar agora usuário poder optar imputar item desassociar posição sistema sisap dev servidor porta versão localização deploy sisap dev versão;Corretiva;solicitar meio deploy dev versão conter ajustir desamarração placo rede amarrar produto acabar levar consideração item desassociar alternativa posição selecionar agora poder optar imputar item desassociar posição dev servidor porta versão localização deploy dev versão
análise implementação inspeção oqc inline partir posto embalagem desvio dever fazer partir código defeito fazer desvio produto p inspeção operação dever realizar desvio inspeção após realizar devolução linha produção sisap análise implementação inspeção oqc inline;Melhorias;análise implementação inspeção oqc inline partir embalagem desvio dever fazer partir código defeito fazer desvio produto inspeção operação dever realizar desvio inspeção após realizar devolução produção análise implementação inspeção oqc inline
solicitar meio de este atualização sisap homolog versão conter correção desassociação posto técnico não limpar valor serial item desassociar após salvar defeito implicar lançamento incorreto defeito posterior sistema sisap versão local atualização sisap homolog deploy;Corretiva;solicitar meio atualização homolog versão conter correção desassociação técnico limpar valor serial item desassociar após salvar defeito implicar lançamento incorreto defeito posterior versão local atualização homolog deploy
criação novo botão onde usuário poder retirar devolver cancelar operação relativo oqc devolutiva dever status sucesso falha operação pm gmt northon melo integração procedur retirada devolução aparelho oqc posto embalagem sisap oqc integração procedur posto embalgem;Melhorias;criação novo botão onde poder retirar devolver cancelar operação relativo oqc devolutiva dever status sucesso falha operação gmt northon melo integração procedur retirada devolução aparelho oqc embalagem oqc integração procedur embalgem
durante registro defeito posto técnico apesar operador selecionar posição correto valor código item enviar não corresponder posição selecionar ocasionar problema registrar defeito sisap posto técnico código item gravar valor errar;Corretiva;durante registro defeito técnico apesar operador selecionar posição correto valor código item enviar corresponder posição selecionar ocasionar registrar defeito técnico código item gravar valor errar
criação estrutura assinatura aprovação processo scm cada processo possuir grupo aprovador cada dever enviar parecer negativo positivo aprovação vez encerrar processo todo assinatura ser recolhir homologar seguir fluxo tipo processo pp psi scm assinatura aprovação processo;Melhorias;criação estrutura assinatura aprovação processo scm cada processo possuir grupo aprovador cada dever enviar parecer negativo positivo aprovação vez encerrar processo todo assinatura recolhir homologar seguir fluxo tipo processo psi scm assinatura aprovação processo
adaptar posto oba realização inspeção aparelho posto inline conter opção linha posto além grupo teste subteste específico processo oqc inline sisap adaptação posto oba inspeção inlinir;Melhorias;adaptar oba realização inspeção aparelho inline conter opção além grupo teste subteste específico processo oqc inline adaptação oba inspeção inlinir
detectar ausência algum registro passagem defeito iot sisap começar apenas ocorrer demais linha iot ausencia registro iot posto sisap;Corretiva;detectar ausência algum registro passagem defeito iot começar apenas ocorrer demais iot ausencia registro iot
produção documentação inspeção oqc inlinir conter passo passo desde processo retirada produto embalagem passar setup coleta devolução produto documentação inspeção oqc inline manual usuário;Melhorias;produção documentação inspeção oqc inlinir conter passo passo desde processo retirada produto embalagem passar setup coleta devolução produto documentação inspeção oqc inline manual
implementação manutenção módulo inspeção confiabilidade conter funcionalidade semelhante oba oqc porém algum detalhe tipo inspeção determinar quantidade hora processo mp hora tp hora lp hora dever exibir tamber progresso inspeção além relatório conter serial inspecionado data entrada saída liberação sisap módulo confiabilidade;Melhorias;implementação manutenção módulo inspeção confiabilidade conter funcionalidade semelhante oba oqc porém algum detalhe tipo inspeção determinar quantidade hora processo hora hora hora dever exibir tamber progresso inspeção além relatório conter serial inspecionado data entrada saída liberação módulo confiabilidade
algum defeito placa iac ser registrar sem posição mecânico descrição modelo próprio placo interferir relatório análise dado sisap defeito iac defeito sem posição ne serial placa;Corretiva;algum defeito placa iac registrar posição mecânico descrição modelo próprio placo interferir relatório análise defeito iac defeito posição serial placa
disponível versão sisap homolog conter featur inclusão aparelho Evap cond relatório produção diário x programa pequeno bugfix bo relatório produção deslocar chave linha abaixo aplicação sisap homolog versão local rede captura tela captura tela sisap homolog deploy versão nº;Melhorias;disponível versão homolog conter featur inclusão aparelho evap cond relatório produção diário programa pequeno relatório produção deslocar chave abaixo aplicação homolog versão local rede captura tela captura tela homolog deploy versão
implementação tela cadastro ponto modelo iac dentro detalhamento ordem alimentação sipap cadastro ponto ordem alimentação;Melhorias;implementação tela cadastro ponto modelo iac dentro detalhamento ordem alimentação sipap cadastro ponto ordem alimentação
modificação forma obter ponto modelo iac relatório produção valor agora dever buscar novo tabela caso não encontrar calcular rotina atual procedure sisap alteração cálculo ponto relatório produção iac;Melhorias;modificação forma obter ponto modelo iac relatório produção valor agora dever buscar novo tabela caso encontrar calcular rotina atual procedure alteração cálculo ponto relatório produção iac
ajustir cálculo produção prever painel produção basear novo carga horário novo intervalo sisap ajustir cálculo produção prever painel produção;Melhorias;ajustir cálculo produção prever painel produção basear novo carga horário novo intervalo ajustir cálculo produção prever painel produção
ajustir relatório ritmo produção basear carga horário temporário unidade tv arcon sisap ajustir ritmo produção produção hora hora;Melhorias;ajustir relatório ritmo produção basear carga horário temporário unidade arcon ajustir ritmo produção produção hora hora
desenvolvimento rotina coletar arquivo extraír máquina nxtr linha smd gravação base dado sisap disponibilização mesmo baixa sisap scrap nxtr linha smd;Melhorias;desenvolvimento rotina coletar arquivo extraír máquina nxtr smd gravação base disponibilização baixa scrap nxtr smd
importação reprodução análise projeto react nextjs jitonline afim estudar código entender estruturado averiguar curva aprendizado realizar futuro manutenção melhoria jitonline reprodução projeto ambiente local;Avaliação_Técnica;importação reprodução análise projeto react nextjs jitonline afim estudar código entender estruturado averiguar curva aprendizado realizar futuro manutenção melhoria jitonline reprodução projeto ambiente local
disponível versão sisap homolog conter feature painel onlinar oqc monitorar inspeção qualidade tv servidor sisap homolog versão local rede sisap homolog deploy versão;Nova instalação;disponível versão homolog conter feature painel onlinar oqc monitorar inspeção qualidade servidor homolog versão local rede homolog deploy versão
solicitar meio de este análise desempenho stored procedurar responsável trazer dado relatório painel diário inspeção qualidade oqc banco dado procedure parâmetro entrada datinicio datfim setor familiar tabela utilizar retorno codlinha deslinha deslinha t numturno codmodelo desmodelo desmodelo datproducao numturno flagtp qtdplano qtdproduzer qtdinspecao qtdinspecaoinline qtdinspecaoinroom qtdmetainspecao qtdreprovar percinspecao sisap análise desempenho stored procedurar;Avaliação_Técnica;solicitar meio análise desempenho stored procedurar responsável trazer relatório painel diário inspeção qualidade oqc banco procedure parâmetro entrada datinicio datfim setor familiar tabela utilizar retorno flagtp qtdplano qtdproduzer qtdinspecao análise desempenho stored procedurar
incidente lista falta;Melhorias;incidente lista falta
ticket aplicação ecn;Melhorias;ticket aplicação ecn
ticket pm gmt nilson Silva adicionar campo Stlnr xtlnr estrutura função atribuir campo criar variável função substituir código selecionar loop todo item alpgr and ewahr and xtlnr xtlnr código bom atribuir variável zbom xtlnr deletar todo item pertencente bom informadadeletir Where stlnr zbom deletar item alternativosdeletir Where Alpgr and ewahr filtro item alternativo;Melhorias;ticket gmt adicionar campo estrutura função atribuir campo criar variável função substituir código selecionar loop todo item alpgr and ewahr and xtlnr xtlnr código atribuir variável deletar todo item pertencente informadadeletir where stlnr zbom deletar item alternativosdeletir where alpgr and ewahr filtro item alternativo
listar crítico fase adicionar item alternativo ticket original lista falta;Melhorias;listar crítico fase adicionar item alternativo ticket original lista falta
programa atualizar saldo componente kit partir alteração qtde pedido compra ticket origem kit alteração qtde po;Melhorias;programa atualizar saldo componente kit partir alteração qtde pedido compra ticket origem kit alteração qtde
programa transferir massa saldo componente modelo phase out ticket original kit transferencia saldo phase out;Melhorias;programa transferir massa saldo componente modelo phase out ticket original kit transferencia saldo phase out
eliminar linha saldo item alternativo relatorio liberar seleção modelo explodir lista tecnico em este caso não verificar item alternativo lista falta;Melhorias;eliminar saldo item alternativo liberar seleção modelo explodir lista tecnico caso item alternativo lista falta
criar programa criação automatica lote entrada mercadoria atribuição pedido compra especificação funcional anexar criação lote automatico;Melhorias;criar programa criação automatica lote entrada mercadoria atribuição pedido compra especificação funcional anexar criação lote automatico
incluir botão exclusão lote antes excluir valide documento material ser estornar validar nao documento material objeto autorização z validação acesso botão melhorio;Melhorias;incluir botão exclusão lote antes excluir valide documento material estornar validar nao documento material objeto autorização validação botão melhorio
ticket original ticket criar alterar lógico atual relatorio adicionar campo lista Campos alv comentar parte programa não executar opção explodir lista técnico disponível lista material não somente único hoje lista falta;Melhorias;ticket original ticket criar alterar lógico atual adicionar campo lista campos alv comentar parte programa executar opção explodir lista técnico disponível lista material somente único hoje lista falta
criar novo coluna relatório referente informação status modificação chave liberação usar base tabela aenr campoaenst status modificação camporlkey chave liberação novo coluna;Melhorias;criar novo coluna relatório referente informação status modificação chave liberação usar base tabela status modificação camporlkey chave liberação novo coluna
favor liberar acesso sistema PCP usuário nataliapp considerar igualar perfil Williampa sistema pcp acesso;Erro;liberar pcp nataliapp considerar igualar perfil williampa pcp
incluir dia trabalhar dia fevereiro alterar calendário msn;Melhorias;incluir trabalhar fevereiro alterar calendário msn
necessitar relatório acompanhamento criação aprovação compra relatório status pedido;Melhorias;necessitar relatório acompanhamento criação aprovação compra relatório status pedido
análiser resumo produção apontamento contingência análise resumo produção;Avaliação_Técnica;resumo produção apontamento contingência análise resumo produção
melhoria processo imprimire etiqueta ka necessário novo usuário rede treinamento usuário impressão;Nova instalação;melhoria processo imprimire etiqueta necessário novo rede treinamento impressão
solicitar relatório demonstre registro todo modificação realizar ordem produção relatório ir retomar confiança melhorar comunicação quanto alteração fim aplicação ecn desvio temporário ponto corte quantidade planejado op permitir criação kpi reduzir tempo análises fechamento mensal gerar justificativa registro cada alteração aplicar log op registro manutenção op;Melhorias;solicitar relatório demonstre registro todo modificação realizar ordem produção relatório retomar confiança melhorar comunicação quanto alteração fim aplicação ecn desvio temporário ponto corte quantidade planejado permitir criação kpi reduzir tempo análises fechamento mensal gerar justificativa registro cada alteração aplicar log registro manutenção
conforme solicitar plano ação workshop sobre ecn solicitar alterar estratégia liberação ops etapa atual op converter liberar novo op converter abrir liberar criação ops liberar;Melhorias;conforme solicitar plano ação workshop sobre ecn solicitar alterar estratégia liberação ops etapa atual converter liberar novo converter abrir liberar criação ops liberar
solicitar acesso analista Pcp sr anderson oliveira cortez cpf usuário rede andersonoc acesso pcp;Nova instalação;solicitar analista cpf rede andersonoc pcp
favor liberar acesso sistema PCP usuário romulog romulog acesso pcp;Avaliação_Técnica;liberar pcp romulog romulog pcp
ajustir layout subcontratação fornecedor par ajustir xml fornecedor par;Corretiva;ajustir layout subcontratação fornecedor par ajustir xml fornecedor par
dever troca máquina aplicativo pcp demonstrar erro tentar abrir aplicativo pcp erro;Erro;dever troca máquina aplicativo pcp demonstrar erro tentar abrir aplicativo pcp erro
coois não atualizar corretamente quantidade fornecir produzer gerar impacto diferimento período custo problema inventário material saldo sistema porém sem saldo físico cabeçalho op não atualizar;Corretiva;atualizar corretamente quantidade fornecir produzer gerar impacto diferimento período custo inventário material saldo porém saldo físico cabeçalho atualizar
solicitar criação coluna fim tratar saldo constar depósito hinnes coluna depósito saldo centro depósito utilização livre coluna dif depósito somar dif cliente depósito criar coluna;Melhorias;solicitar criação coluna fim tratar saldo constar depósito hinnes coluna depósito saldo centro depósito utilização livre coluna dif depósito somar dif cliente depósito criar coluna
melhor referente eliminação sujeira divergência mês anterior zcogimob melhoria unificação transação relacionar pendência processamento posterior manter apenas zcogi zcogimob;Melhorias;melhor referente eliminação sujeira divergência mês anterior melhoria unificação transação relacionar pendência processamento posterior manter apenas zcogi
solicitar manutenção status ops sisap considerar status sap abrir hoje sisap entender status sap abrir ap liberar correr risco produção iniciar leitura op ainda não liberar solicitar criação coluna identifique op contingência aplicar criar filtro ops não atualizar identificarr divergência integração sisap auditor ops sap x sisap;Melhorias;solicitar manutenção status ops considerar status abrir hoje entender status abrir liberar correr risco produção iniciar leitura ainda liberar solicitar criação coluna identifique contingência aplicar criar filtro ops atualizar identificarr divergência integração auditor
processo iac imc descrição item não aparecer dificultar atualização plano integrar dado produção realizar sisap pcp item contar multiplicidade não convertido assim dificultar atualização plano sistema pcp corrigir integração;Corretiva;processo iac imc descrição item aparecer dificultar atualização plano integrar produção realizar pcp item contar multiplicidade convertido assim dificultar atualização plano pcp corrigir integração
criar novo coluna referente informação status modificação chave liberação novo coluna;Melhorias;criar novo coluna referente informação status modificação chave liberação novo coluna
nilson favor alterar onde funcionalidade log mfinal não redirecionar sim tela informe mensagem erro registrar lote selecionar correspondente tabela alteração log erro;Melhorias;alterar onde funcionalidade log mfinal redirecionar sim tela informe mensagem erro registrar lote selecionar correspondente tabela alteração log erro
nilson favor incluir programa callfunction considear movimento realizar zcogi melhoria zcogi;Melhorias;incluir programa callfunction considear movimento realizar zcogi melhoria zcogi
solicitar não permitir emitir op contar algum item lista técnico bloqueio mestre material processo atual gerar Warning apenas prosseguir gerar op sem item item bloquear;Melhorias;solicitar permitir emitir contar algum item lista técnico bloqueio mestre material processo atual gerar warning apenas prosseguir gerar item item bloquear
acompanhamento mensal kpi perceber divergência quantidade pdl registrar período dia útil mês subsequente lançamento pdl passado assim gostar adequado layout relatório onde mostrer data hora registro resumo criar coluna dado data hora lançamento pdl sisap relatório parada linha;Melhorias;acompanhamento mensal kpi perceber divergência quantidade pdl registrar período útil mês subsequente lançamento pdl passado assim gostar adequado layout relatório onde mostrer data hora registro resumo criar coluna data hora lançamento pdl relatório parada
considerar mudança processo montagem placa considerar etiqueta rastreabilidade ne final placa montar aplicar primeiro fase pci virgem solicito melhoria quanto cadastro manual realizar pcp sisap solicitar reconhecer automaticamente sisap ne preenchimento coluna mod imc sisap cadastro etiqueta;Melhorias;considerar mudança processo montagem placa considerar etiqueta rastreabilidade final placa montar aplicar primeiro fase pci virgem melhoria quanto cadastro manual realizar solicitar reconhecer automaticamente preenchimento coluna mod imc cadastro etiqueta
cenário atual impressão etiqueta placa exigir op imc realizar impressão etiqueta devido ne único último fase dificultar tempo emissão ops iac imc gerar descontrole ops emitir iac linha tamanho diferente ops imc assim solicito melhoria sistema impressão aceitar op iac sisap impressãor etiqueta;Melhorias;cenário atual impressão etiqueta placa exigir imc realizar impressão etiqueta devido único último fase dificultar tempo emissão ops iac imc gerar descontrole ops emitir iac tamanho diferente ops imc assim melhoria impressão aceitar iac impressãor etiqueta
anexo colocar filtro somente ac filtro somente ac resumo produção;Melhorias;anexo colocar filtro somente somente produção
devido constante problema produção pa onde não criar precisar ferramenta consulta massa assim solicitar adição coluna onde possar colocar centro código pa consultar revelar numero informação;Melhorias;devido constante produção onde criar precisar ferramenta consulta massa assim solicitar adição coluna onde possar colocar centro código consultar revelar numero informação
solicitar exclusão meta hoje linha smd não localizei sistema pcp exclusão sisap bug meta;Erro;solicitar exclusão meta hoje smd localizei pcp exclusão bug meta
usuário aprendizpcptv não conseguir acessar sistema acesso sistema pe cp;Erro;aprendizpcptv conseguir acessar
devido erro relacionar revisão cadastro centro trabalho roteiro versão produção solicitar inclusão novo coluna transação facilitar auditoria massa adicionar coluna relacionar cadastro atividade mod moi dgf dvg opção sem valor erro vide imagem novo coluna atividade;Melhorias;devido erro relacionar revisão cadastro centro trabalho roteiro versão produção solicitar inclusão novo coluna transação facilitar auditoria massa adicionar coluna relacionar cadastro atividade mod moi dgf dvg opção valor erro vide imagem novo coluna atividade
bug fix Integration serviçe analise bug fix Integration serviçe integration serviçe deploy in vm homologação joao naydson analise alteração serviço Windows integrator identificar op contingencia analise alteração serviço Windows integrator identificar op contingencia melhoria integration service Windows;Melhorias;bug fix integration serviçe analise bug fix integration serviçe integration serviçe deploy homologação alteração serviço windows integrator identificar contingencia analise alteração serviço windows integrator identificar contingencia melhoria integration service windows
relacionar abap de este chamado Am gmt Naydson sena atividade relacionar fechamento mensal análise apontamento consumo ops problema tanto capa ops consu divergente bom realizar análise pcp precisar consultar várias transação sap coois capa op coois componente cogi zcogi sisap fim evitar novo falha otimizar tempo fechamento hoje utilizar pessoa demor média hora ultimo dia produção solicitar criação relatório anexo constar relatório usarmo auditor relacionar análise apontamento cabeçalho op relacionar consumo componente importante ter validação lista técnico op bom zpp fechamento ops;Melhorias;relacionar abap chamado gmt naydson sena atividade relacionar fechamento mensal análise apontamento consumo ops tanto capa ops consu divergente realizar análise pcp precisar consultar várias transação coois capa coois componente cogi zcogi fim evitar novo falha otimizar tempo fechamento hoje utilizar pessoa demor média hora ultimo produção solicitar criação relatório anexo constar relatório usarmo auditor relacionar análise apontamento cabeçalho relacionar consumo componente importante ter validação lista técnico zpp fechamento ops
relacionar desenvolvimento abap am gmt Naydson sena solicito melhoria não prossigar geração op caso lt contenhar algum item status material dado mestre diferente nullr campo branco status material dado mestres;Melhorias;relacionar desenvolvimento abap gmt naydson sena melhoria prossigar geração caso algum item status material mestre diferente nullr campo branco status material mestres
relacionar chamado desenvolvimento abap de este chamado pm gmt osvaldo junior projeto ecn ponto corte ecn base consumo demanda mrp gap desenvolver funcionalidade definir automaticamente data corte ecn base dado demanda consumo componente exibir transação respeitar condição saldo tipo mrp;Melhorias;relacionar chamado desenvolvimento abap chamado ponto corte ecn base consumo demanda mrp gap desenvolver funcionalidade definir automaticamente data corte ecn base demanda consumo componente exibir transação respeitar condição saldo tipo mrp
relacionar desenvolvimento abap pm gmt osvaldo junior projeto ecn enhancement point emissão manutenção ordem produção gap atualmente usuário poder substituir livremente componente ordem produção ver transação criação modificação não validação automático garantir componente envolvido relacionado grupo item alternativo poder gerar inconsistência processo engenharia compra point emissão;Melhorias;relacionar desenvolvimento abap gmt emissão manutenção ordem produção gap atualmente poder substituir livremente componente ordem produção ver transação criação modificação validação automático garantir componente envolvido relacionado grupo item alternativo poder gerar inconsistência processo engenharia compra point emissão
divergência valor x sistema sistema divergência preço motor Weg;Erro;divergência valor divergência preço motor weg
analise atualização usuário pabloser leonardogs sistema legar pcp pabloso leonardogs problema acessar sistema Pcp;Corretiva;analise atualização pabloser leonardogs legar pabloso leonardogs acessar
projeto pe cp desagregaçãor;Avaliação_Técnica;projeto desagregaçãor
chamar estorno massa desenvolvimento pm gmt Naydson sena transação conseguir realizar processamento estorno período ops encerrado necessário atribuir obrigatoriedade fixo sistema período atual editável ordem produção mensagem erro sinalizar caso lista ops outro período não permitir processamento estorno massa;Melhorias;chamar estorno massa desenvolvimento gmt naydson sena transação conseguir realizar processamento estorno período ops encerrado necessário atribuir obrigatoriedade fixo período atual editável ordem produção mensagem erro sinalizar caso lista ops outro período permitir processamento estorno massa
tipo manutenção adicionar key user processo transação sim justifique favor considerar adição perfil joaoam marcelobs considerar criar perfil aprovador pedido sap fssf considerar ajustar hierarquia aprovação gestor rh vide anexo outro informação sap fssc aprovador compra rh;Melhorias;tipo manutenção adicionar key user processo transação sim justifique considerar adição perfil joaoam marcelobs considerar criar perfil aprovador pedido considerar ajustar hierarquia aprovação gestor vide anexo outro informação fssc aprovador compra
permitir encerrar op solução abap pm gmt Naydson sena item bloquear após emissão ops impedir encerramento necessário permitir encerramento tecnico ops qualquer codigo status mestre material dado basico status item diferente encerrar ops;Nova instalação;permitir encerrar solução abap gmt naydson sena item bloquear após emissão ops impedir encerramento necessário permitir encerramento tecnico ops qualquer codigo status mestre material basico status item diferente encerrar ops
item n não movimentar estoque sem cadastro mrp impedir emissão ops erro emitir op cujo status item;Melhorias;item movimentar estoque cadastro mrp impedir emissão ops erro emitir cujo status item
ud não permitir transferência mensagem erro ud não existir por ud contem saldo estoque erro ud;Erro;permitir transferência mensagem erro existir contem saldo estoque erro
necessário atualizar pacote dado sap sisap alteração lista técnico op hoje atualização ocorrer somente alteração dado cabeçalho op porém alteração posterior op relacionar item controlar leitura impactanto processo sisap atualização lt ops;Melhorias;necessário atualizar pacote alteração lista técnico hoje atualização ocorrer somente alteração cabeçalho porém alteração posterior relacionar item controlar leitura impactanto processo atualização
abap permitir qtd parcial coletor am gmt Naydson sena transação não permitir transferência parcial item po somente quantidade total transferir parte não permitir transferir saldo restante erro transação;Corretiva;abap permitir qtd parcial coletor gmt naydson sena transação permitir transferência parcial item somente quantidade total transferir parte permitir transferir saldo restante erro transação
ajustir sisap devido utilização incorreto op contingência ajustir sisap;Corretiva;devido utilização incorreto contingência
cadastro ne pci redir small ckd múltiplo ajustir sisap;Erro;cadastro pci redir small ckd múltiplo ajustir
solicitar acesso colaborador edwin freita Alves edwinfa acesso idw;Nova instalação;solicitar colaborador edwinfa idw
solicitar acesso colaborador edwin freita Alves edwinfa acesso PCP;Nova instalação;solicitar colaborador edwinfa pcp
liberação acesso colaboradora marcela alves araújo drt conseguir inserir informação acesso PCP;Erro;liberação colaboradora conseguir inserir informação pcp
liberar acesso colaboradora marcela Alves drt cadastro etiqueta sisap acesso cadastro etiqueta sisap;Erro;liberar colaboradora marcela drt cadastro etiqueta cadastro etiqueta
criar acesso colaboradora priscila Silva drt acesso idw;Nova instalação;criar colaboradora
solicitar acesso tela sap liberar acesso;Nova instalação;solicitar tela liberar
não consigar acessar holerite sem acesso holerite;Corretiva;consigar acessar holerite holerite
solicitar liberação sistema holerite pois apresentar erro após logar não aparecer seleção periodo consequentemente não dar opção documento si acesso holerite;Erro;solicitar liberação holerite pois apresentar erro após logar aparecer seleção periodo consequentemente dar opção documento holerite
pasta ambulatório cota sem espaço arquivo pasta ambulatório memoria insuficiente;Corretiva;pasta ambulatório cota espaço arquivo pasta ambulatório memoria insuficiente
ramal não funcionando ramal;Corretiva;ramal funcionando ramal
dr renata sem Internet Not Internet;Corretiva;internet not internet
não ter acesso teams outro usuário médico planto arcon;Nova instalação;ter teams outro médico planto arcon
sami erro sami ppp ambulatorio arcon;Erro;erro ppp ambulatorio arcon
controle atestado excluir pasta cota data ontem nome pasta atestar absenteísmo ind arcon planilha controle atestado;Erro;controle atestado excluir pasta cota data ontem nome pasta atestar absenteísmo planilha controle atestado
aprendizr não conseguir acessar email corporativo email aprendizr;Melhorias;aprendizr conseguir acessar email corporativo email aprendizr
usuário novo aprendiz ambulatório arcon nome dioscarlys del valle padillia gomezr usuário aprendizr;Nova instalação;novo aprendiz ambulatório arcon nome dioscarlys del valle padillia gomezr aprendizr
liberação acesso usuario leilianesr pasta ambulatorio costa colaborador locada ambulatorio arcon liberar acesso ambulatorio arcon;Avaliação_Técnica;liberação usuario leilianesr pasta ambulatorio costa colaborador locada ambulatorio arcon liberar ambulatorio arcon
observar solicitante conseguir adicionar item requisição aprovar não conseguir fechar pendência favor verificar rotina bloquear evitar qualquer problema junto auditoria bloquear requisição aprovar;Melhorias;observar solicitante conseguir adicionar item requisição aprovar conseguir fechar pendência rotina bloquear evitar qualquer junto auditoria bloquear requisição aprovar
liberação acesso intranet perfil rh administrador liberação acesso intranet;Corretiva;liberação intranet perfil administrador liberação intranet
vários mês fev sair sem base imposto cofim sem código material unidade medida errar erro;Erro;vários mês fev sair base imposto cofim código material unidade medida errar erro
seidor liveops enviar abril assunto tcl problema aguardar retorno solicitante nf lançar vtin não encontrar livro fiscal Carlos eduardo pacheco gerolin seidor liveops notificação novo assentamento nf lançar vtin não encontrar livro fiscal atualização Carlos eduardo pacheco gerolin bom tarde abaixo segar request liberar ambiente ceg validar criação valer lembrar usuário victoro continuar acesso restrito ambiente qualidade poder gentileza colocar usuário perfil ambiente att Carlos eduardo chamar abrir michele Gomes maia lançar vtin nf dia gerar doc por não encontrar livro fiscal nem nota valido safaz seidor liveops mensagem automático enviar sistema favor não responder Am gmt Mauricio Capuano favor atualizar request seidor ambiente qas t melhoria validar criação ceg validar criação atualização request seidor;Melhorias;enviar abril assunto tcl aguardar retorno solicitante lançar vtin encontrar livro fiscal notificação novo assentamento lançar vtin encontrar livro fiscal atualização abaixo segar request liberar ambiente ceg validar criação valer lembrar victoro continuar restrito ambiente qualidade poder colocar perfil ambiente att chamar abrir maia lançar vtin gerar doc encontrar livro fiscal nota valido safaz mensagem automático enviar responder atualizar request seidor ambiente qas melhoria validar criação ceg validar criação atualização request seidor
subir request chamado correção cst icms ipi pis cofins por impactar aba imposto valor coluna onde ja correta solicitar alteração valor coluna outro base icms ipi anexo evidencia erro aba imposto correção coluna imposto nfs retorno simbolico industrializaçã;Erro;subir request chamado correção impactar aba imposto valor coluna onde correta solicitar alteração valor coluna outro base icms ipi anexo evidencia erro aba imposto correção coluna imposto nfs retorno simbolico industrializaçã
autorizar usuário conforme anexo ambiente qas fazer correção local negocio nfs fedex autorização qas;Erro;autorizar conforme anexo ambiente qas fazer correção local negocio nfs fedex autorização qas
subir request melhorar entrada ag apoio vnl vnl request;Melhorias;subir request melhorar entrada apoio request
ajustar xml Unidade tributavel kg valor unit tributavel unidade tributavel exportação;Erro;ajustar xml unidade tributavel valor unit tributavel unidade tributavel exportação
ajustar xml unidade valor tributavel unitario doc conforme planilhar anexo unidade tributavel exportação;Erro;ajustar xml unidade valor tributavel conforme planilhar anexo unidade tributavel exportação
nfs serviço lançar por forncedor não cadastro serviço solicitar criar novo id serviço fornecedor componel industrio r costa criar;Melhorias;nfs serviço lançar cadastro serviço solicitar criar novo serviço fornecedor componel criar
original am gmt eduardo Romero abap pm gmt me ichele Gomes Maia corrigir imposto base icms aliquota icms nfs interestadual codigo imposto zi nfs interestadual;Erro;original ichele corrigir imposto base icms aliquota icms nfs interestadual codigo imposto nfs interestadual
fazer ajustir un tributavel doc conforme anexo unidade tributavel exportação;Erro;fazer ajustir tributavel doc conforme anexo unidade tributavel exportação
solicitar correção retificação seguinte documento inventário pois mesmo apresentar erro tentar retificar aceitar diferença correção retificação docs inventario;Erro;solicitar correção retificação seguinte documento inventário pois apresentar erro tentar retificar aceitar diferença correção retificação docs inventario
vtin não carregar dar entrada nota fiscal todo time areo contabil ac sem acesso não funcionar;Erro;carregar dar entrada nota fiscal todo time areo contabil funcionar
instalação sistema legar pra fazer dia instalação sistema legar pra fazer dia;Nova instalação;instalação legar pra fazer instalação legar pra fazer
fazer alteração cpf representante legal dcre abiente dev qas prod contabilidade;Corretiva;fazer alteração cpf representante legal dcre abiente dev qas prod contabilidade
dcr não permitir fechar processo empresa dcr fechamento processo;Corretiva;dcr permitir fechar processo empresa dcr fechamento processo
transação visualizar dcre transação;Avaliação_Técnica;transação visualizar dcre transação
preciso habilitir botoe anexo sistema nota fiscal;Erro;preciso habilitir botoe anexo nota fiscal
intalar sistema nota fiscal maquina novo colaboradora realizar obrigação acessorio dia instalação sistema legar pra fazer dia;Nova instalação;intalar nota fiscal maquina novo colaboradora realizar obrigação acessorio instalação legar pra fazer
atualmente bom cadastrado considerar subconjunto entanto gerar dcre sistema explodir item desconsiderar subconjunto definir estrutura dcre;Erro;atualmente cadastrado considerar subconjunto entanto gerar dcre explodir item desconsiderar subconjunto definir estrutura dcre
ordem alimentação não abrir efetuar impressão ordem alimentação iac;Erro;ordem alimentação abrir efetuar impressão ordem alimentação iac
posição udto não mostrar item disponível pra entrar motivo gerar divergência sisap ajustir divergência;Avaliação_Técnica;posição udto mostrar item disponível pra entrar motivo gerar divergência ajustir divergência
mudar perfil usuário produção engenharia perfil usuário;Adequação de layout;mudar perfil produção engenharia perfil
instação plano edp plano edp;Nova instalação;instação plano edp plano edp
mudança perfil usuário nível produção usuário nível engenharia mesmo mudança perfil dever aplicar sistema plano edp;Adequação de layout;mudança perfil nível produção nível engenharia mudança perfil dever aplicar plano edp
acesso sistema rh consultar informação compra venda produto funcionário instalação sistema venda produto;Nova instalação;consultar informação compra venda produto funcionário instalação venda produto
arquivo pasta pasta nome arquivo pasta portal rh caminho informar acesso leitura execução informar acesso leitura execução gravação acesso sistema portalrh;Melhorias;arquivo pasta pasta nome arquivo pasta portal caminho informar leitura execução informar leitura execução gravação portalrh
correção unidade subcontratação fornecedor sole correção unidade subcontratação fornecedor sol;Corretiva;correção unidade subcontratação fornecedor sole correção unidade subcontratação fornecedor sol
analise saldo fiscal retorno subcontratação emprês arcon fornecedor jimmy analise saldo fiscal retorno;Avaliação_Técnica;analise saldo fiscal retorno subcontratação fornecedor saldo fiscal retorno
corrigir numero pedido xml sole conforme carta correção correção xml sole numero pedir;Corretiva;corrigir numero pedido xml sole conforme carta correção correção xml sole numero pedir
produção dificuldade realizar alimentação fase imc ordem produção divergente;Corretiva;produção dificuldade realizar alimentação fase imc ordem produção divergente
manutenção conta marluc login sisap causa mudança fabrica manutenção conta marluc login sisap;Corretiva;manutenção conta marluc login causa mudança fabrica manutenção conta marluc login
analise lote imc analise lote imc;Melhorias;analise lote imc analise lote imc
celular roubar perdi senha sap encontrar dispositivo solicitar redefinição senha senha sap;Corretiva;celular roubar perdi senha encontrar dispositivo solicitar redefinição senha senha
analise demora xml sistema vtin demor disponibilidade xml entrada sistema vtin;Erro;analise demora xml vtin demor disponibilidade xml entrada vtin
analise arquivo xml subcontratação empresa sole analise arquivo xml subcontratação empresa sole;Avaliação_Técnica;analise arquivo xml subcontratação empresa sole analise arquivo xml subcontratação empresa sole
abap pm gmt eduardo Romero precisar ajudinha nota ir lançar erro olheir xml todo não achar nada diferente mandar ti ventto tbm não achar nada diferente poder verificar favor msg erro ventto;Avaliação_Técnica;precisar ajudinha nota lançar erro olheir xml todo achar nada diferente mandar ventto tbm achar nada diferente poder msg erro ventto
captura tela gerar ap impressao kit acessorio;Melhorias;captura tela gerar impressao kit acessorio
erro carregamento outlook erro outlook;Erro;erro carregamento outlook erro outlook
registro solicitação fazer via teams ajustir multiplo leitura ajustir multiplo leitura;Corretiva;registro fazer via teams ajustir multiplo leitura ajustir multiplo leitura
registro solicitação fazer via teams ajustir múltiplo leitura ajustir multiplo leitura;Melhorias;registro fazer via teams ajustir múltiplo leitura ajustir multiplo leitura
registro solicitação fazer via teams ajustir seguinte multiplo ajustir multiplo leitura;Melhorias;registro fazer via teams ajustir seguinte multiplo ajustir multiplo leitura
avaliação coleta dado produtividade cncs produtividade cnc;Melhorias;avaliação coleta produtividade cncs produtividade cnc
resumo produção falha contagem falha contagem negativo b sap carregar corretamente apontamento resumo produção contador divergente;Corretiva;resumo produção falha contagem falha contagem negativo carregar corretamente apontamento resumo produção contador divergente
ativar mecanismo possibilitar notificação ver email parada linha partir cadastro responsável área notificação email parar linha;Melhorias;ativar mecanismo possibilitar notificação ver email parada partir cadastro responsável área notificação email parar
bom dia após realizar análise solicitação identificamos necessidade algum melhoria tela parada linha seguir resumo mesmo lista motivo parada linha ampliar opção detalhe parada linha lista tela cadastro diálogo confirmação ação padrão sisap todo processo envio permitir envio customizar departamento parada linha não respondir justificativa parada linha área responsável resposta parada linha ver usuário cadastrar mesmo demanr exigir ajuste sistema sisap abrir ticket registro atividadesde desenvolvimento seguir cronograma atividade realizar alteração etapa data prever análise código desenvolvimento teste interno versão homologação validação usuário versão produção entrega final qualquer dúvida contato obrigado ajuste módulo parada linha;Melhorias;após realizar análise identificamos necessidade algum melhoria tela parada seguir resumo lista motivo parada ampliar opção detalhe parada lista tela cadastro diálogo confirmação ação padrão todo processo envio permitir envio customizar departamento parada respondir justificativa parada área responsável resposta parada ver cadastrar demanr exigir ajuste abrir ticket registro atividadesde desenvolvimento seguir cronograma atividade realizar alteração etapa data prever análise código desenvolvimento teste interno versão homologação validação versão produção entrega final qualquer dúvida contato ajuste módulo parada
bom dia ticket criar registrar atividade de este solicitação realizar durante mês após realizar análise solicitação identificamos necessidade algum melhoria tela parada linha seguir resumo mesmo melhorar lista motivo parada linha ampliar opção detalhe parada linha lista tela cadastro diálogo confirmação ação padrão sisap todo processo envio permitir envio customizar departamento parada linha não respondir justificativa parada linha área responsável resposta parada linha ver usuário cadastrar mesmo demanr exigir ajuste sistema sisap abrir ticket registro atividadesde desenvolvimento seguir cronograma atividade realizar alteração etapa data prever análise código ok desenvolvimento andamento teste interno versão homologação validação usuário versão produção entrega final qualquer dúvida contato obrigado ajuste módulo parada linha;Melhorias;ticket criar registrar atividade realizar durante mês após realizar análise identificamos necessidade algum melhoria tela parada seguir resumo melhorar lista motivo parada ampliar opção detalhe parada lista tela cadastro diálogo confirmação ação padrão todo processo envio permitir envio customizar departamento parada respondir justificativa parada área responsável resposta parada ver cadastrar demanr exigir ajuste abrir ticket registro atividadesde desenvolvimento seguir cronograma atividade realizar alteração etapa data prever análise código desenvolvimento andamento teste interno versão homologação validação versão produção entrega final qualquer dúvida contato ajuste módulo parada
bom dia ticket criar registrar atividade de este solicitação realizar durante mês após realizar análise solicitação identificamos necessidade algum melhoria tela parada linha seguir resumo mesmo melhorar lista motivo parada linha ampliar opção detalhe parada linha lista tela cadastro diálogo confirmação ação padrão sisap todo processo envio permitir envio customizar departamento parada linha não respondir justificativa parada linha área responsável resposta parada linha ver usuário cadastrar mesmo demanr exigir ajuste sistema sisap abrir ticket registro atividadesde desenvolvimento seguir cronograma atividade realizar alteração etapa data prever análise código ok desenvolvimento ok teste interno versão homologação validação usuário versão produção entrega final qualquer dúvida contato obrigado ajuste módulo parada linha;Melhorias;ticket criar registrar atividade realizar durante mês após realizar análise identificamos necessidade algum melhoria tela parada seguir resumo melhorar lista motivo parada ampliar opção detalhe parada lista tela cadastro diálogo confirmação ação padrão todo processo envio permitir envio customizar departamento parada respondir justificativa parada área responsável resposta parada ver cadastrar demanr exigir ajuste abrir ticket registro atividadesde desenvolvimento seguir cronograma atividade realizar alteração etapa data prever análise código desenvolvimento teste interno versão homologação validação versão produção entrega final qualquer dúvida contato ajuste módulo parada
bom dia ticket criar registrar atividade de este solicitação realizar durante mês após realizar análise solicitação identificamos necessidade algum melhoria tela parada linha seguir resumo mesmo melhorar lista motivo parada linha ampliar opção detalhe parada linha lista tela cadastro diálogo confirmação ação padrão sisap todo processo envio permitir envio customizar departamento parada linha não respondir justificativa parada linha área responsável resposta parada linha ver usuário cadastrar mesmo demanr exigir ajuste sistema sisap abrir ticket registro atividadesde desenvolvimento seguir cronograma atividade realizar alteração etapa data prever análise código ok desenvolvimento ok teste interno ok versão homologação validação usuário ok retorno teste usuário ok desenvolvimento ajuste solicitar usuário ok versão produção entrega final ok qualquer dúvida contato obrigado ajuste módulo parada produção;Melhorias;ticket criar registrar atividade realizar durante mês após realizar análise identificamos necessidade algum melhoria tela parada seguir resumo melhorar lista motivo parada ampliar opção detalhe parada lista tela cadastro diálogo confirmação ação padrão todo processo envio permitir envio customizar departamento parada respondir justificativa parada área responsável resposta parada ver cadastrar demanr exigir ajuste abrir ticket registro atividadesde desenvolvimento seguir cronograma atividade realizar alteração etapa data prever análise código desenvolvimento teste interno versão homologação validação retorno teste desenvolvimento ajuste solicitar versão produção entrega final qualquer dúvida contato ajuste módulo parada produção
bom dia ticket criar registrar atividade de este solicitação realizar durante mês conforme atividade registrar outro ticket mês anterior referente atividade momento fazer implantação de este módulo sisap produção estarer registrar em este ticket atividade implantação de este módulo fábrica tv qualquer dúvida disposição cordialmente oscar menez ajuste módulo parada linha;Melhorias;ticket criar registrar atividade realizar durante mês conforme atividade registrar outro ticket mês anterior referente atividade momento fazer implantação módulo produção estarer registrar ticket atividade implantação módulo fábrica qualquer dúvida disposição cordialmente ajuste módulo parada
movimentação posto teste linha movimentação posto teste linha;Corretiva;movimentação teste movimentação teste
problema recebimento lote imc problema recebimento lote imc;Corretiva;recebimento lote imc recebimento lote imc
ajustir novo ano manual depósito remessa retorno ajustir novo ano manual depósito;Melhorias;ajustir novo ano manual depósito remessa retorno ajustir novo ano manual depósito
configuração portaria entrada depósito executar saída configuração portaria entrada depósito;Melhorias;configuração portaria entrada depósito executar saída configuração portaria entrada depósito
listagem movimentação portaria detalhamento dado período janeiro planilha disponível enviar solicitante movimentação portario janeiro;Avaliação_Técnica;listagem movimentação portaria detalhamento período janeiro planilha disponível enviar solicitante movimentação portario janeiro
precisar realizar melhoria sistema leitura crachá aplicação controle equipamento entrar unidade manutenção reparo pedido diretoria melhoria sistema;Melhorias;precisar realizar melhoria leitura crachá aplicação controle equipamento entrar unidade manutenção reparo pedido diretoria melhoria
controle entrada saída fabrica periodo controle entrada saída fabrica periodo funcionário terceirar lista controle entrada saída empresa;Melhorias;controle entrada saída fabrica periodo controle entrada saída fabrica periodo funcionário terceirar lista controle entrada saída empresa
inserir campo informe terceiro integração válido avaliar possível usuário sesmet poder fazer upload novo integrar atualizar banco dado adequação sistema portario;Melhorias;inserir campo informe terceiro integração válido avaliar possível sesmet poder fazer upload novo integrar atualizar banco adequação portario
levantamento registro entrada saída funcionário leandro santo Soares período movimentação registro portaria;Melhorias;levantamento registro entrada saída funcionário período movimentação registro portaria
movimentação portaria fevereiro julho planilha gerar entregar usuário movimentação portaria fevereiro julho;Melhorias;movimentação portaria fevereiro julho planilha gerar entregar movimentação portaria fevereiro julho
relatório movimentação portaria junho fevereiro planilha gerar entregar usuário movimentação portaria;Melhorias;relatório movimentação portaria junho fevereiro planilha gerar entregar movimentação portaria
favor dti peço ajudar resolução problema nº mensagem c ver lucia problema s nf ancae;Melhorias;dti peço ajudar resolução mensagem ver lucia ancae
justifique sistema legar apresentar erro reltorio rh;Melhorias;justifique legar apresentar erro reltorio
solicitar liberação acesso brenda Souza marco araújo atualmente sem acesso acesso sistema re h;Erro;solicitar liberação brenda souza marco araújo atualmente
atualmente não conseguir disponibilizar cardápio intranet atualização cardapio intranet;Corretiva;atualmente conseguir disponibilizar cardápio intranet atualização cardapio intranet
chamar abap desenvolvimento pm gmt Mauricio Capuano chamar abap integração pm gmt Mauricio Capuano favor criar relatório mostrir pedido compra aparelho funcionário gravar tabela exportar sistema rh legado relatório Vendas funcionário;Melhorias;chamar abap desenvolvimento gmt chamar abap integração gmt criar relatório mostrir pedido compra aparelho funcionário gravar tabela exportar legado relatório vendas funcionário
gostar levantar numero série evaporadora dia janeiro nota problema controle remoto precisar enviar lista time cajamar sobre lote produzir evaporadora rastreio lote numero serial;Avaliação_Técnica;gostar levantar numero série evaporadora janeiro nota controle remoto precisar enviar lista time cajamar sobre lote produzir evaporadora rastreio lote numero serial
poder gentileza reset senha sap login marcost reset senha sap;Erro;poder reset senha login marcost reset senha
coletar numero série condensadora período rastreio lote numero serial;Avaliação_Técnica;coletar numero série condensadora período rastreio lote numero serial
coleta ns aparelho produzir dia fevereiro condensadora rastreio lote numero serial;Avaliação_Técnica;coleta aparelho produzir fevereiro condensadora rastreio lote numero serial
gostar realizar atualização vpn fazer algum report não Consigo acessar casa atualização vpn;Melhorias;gostar realizar atualização vpn fazer algum report acessar casa atualização vpn
solicitação voltar ter acesso conta sap login tallytafm drt encaminhamento novo senha contar sap;Retorno;voltar ter conta login tallytafm drt encaminhamento novo senha contar
efetuar exclusão causa insuficiência solda excesso solda excesso solda insuficiência solda período janeiro março obs falha soldagem ar comprimer pandemia sistema sisap;Melhorias;efetuar exclusão causa insuficiência solda excesso solda excesso solda insuficiência solda período janeiro março obs falha soldagem comprimer pandemia
implementação sistema sisap oba arcon sistema sisap oba;Melhorias;implementação oba arcon oba
solicitar instalação pli aferição perda gás nitrogênio oxigênio planto arcon instalação pli;Melhorias;solicitar instalação pli aferição perda gás nitrogênio oxigênio planto arcon instalação pli
acessar sistema não ser possível realizar consulta compra produto colaborador pesquisa colaborador parcela débito restante sistema acusar mensagem Run Time error assistência sistema compra produto;Melhorias;acessar possível realizar consulta compra produto colaborador pesquisa colaborador parcela débito restante acusar mensagem run time error assistência compra produto
realizar integração compra produto sami Folha sistema acusar mensagem conforme captura anexo registro não encontrar assistência sistema compra produto;Avaliação_Técnica;realizar integração compra produto sami folha acusar mensagem conforme captura anexo registro encontrar assistência compra produto
sistema dizer não possível encontrar atualização bem não conseguir identificar aplicativo servidor conforme captura anexo agravar importação compra produto período problema atualização sistema rh venda compra produto;Corretiva;dizer possível encontrar atualização bem conseguir identificar aplicativo servidor conforme captura anexo agravar importação compra produto período atualização venda compra produto
realizar importação inclusão novo compra produto realizar colaborador fim desconto folha pagamento existir compra dois colaborador empresa Semp amazonas qual campo cód contábil branco preencher campo grupo operacional código contábil retornar tela branco conforme captura anexo comprometar devida importação dentro sistema ser necessário intervir lançamento manual Folha pagamento invés integrar assistência sistema compra produto;Avaliação_Técnica;realizar importação inclusão novo compra produto realizar colaborador fim desconto folha pagamento existir compra dois colaborador empresa semp amazonas campo cód contábil branco preencher campo grupo operacional código contábil retornar tela branco conforme captura anexo comprometar devida importação dentro necessário intervir lançamento manual folha pagamento invés integrar assistência compra produto
sistema apresentar necessidade intervenção reparo lógica referente importação integração compra colaborador folha pagamento acontecer ter base compra ser faturar porém acreditar informação não vir sap sistema rh implicar não importação integração desconto folha pagamento vez não importar desconto motivo sistema empresa ficar prejuízo sem efetuar desconto utilizar base compra colaborador dilclea Berino marque Fernando Silva roque helano de abela trindade ingrid Souza Lopes John richard serrao Carvalho mario andre Correa leite Silva Paulo heraldo Silva paco importação integração compra produto sistema rh x sami Folha;Melhorias;apresentar necessidade intervenção reparo lógica referente importação integração compra colaborador folha pagamento acontecer ter base compra faturar porém acreditar informação vir implicar importação integração desconto folha pagamento vez importar desconto motivo empresa ficar prejuízo efetuar desconto utilizar base compra colaborador dilclea trindade paco importação integração compra produto sami folha
sistema não permitir importar compra produto possível realizar integração folha desconto entrar código contábil cadastro colaborador sistema não salvar não assumir inclusão dado bem aparecer mensagem erro conforme anexo assistência sistema compra produto;Melhorias;permitir importar compra produto possível realizar integração folha desconto entrar código contábil cadastro colaborador salvar assumir inclusão bem aparecer mensagem erro conforme anexo assistência compra produto
não conseguir acessar opção sistema pois não habilitado anteriormente conseguir operacionalizar normalmente permissão acesso compra produto sistema rh;Corretiva;conseguir acessar opção pois habilitado anteriormente conseguir operacionalizar normalmente permissão compra produto
solicitar instalação programa pcp acesso pe cp;Avaliação_Técnica;solicitar instalação programa pcp
solicitar acesso idw acesso idw;Avaliação_Técnica;solicitar idw idw
solicitar acesso sistema portaria login luizsr acesso sistema portario;Nova instalação;solicitar portaria login luizsr portario
problema senha sap férias agora retornar senha aparecer inválir tentar acessar sistema acesso sap senha;Corretiva;senha férias agora retornar senha aparecer tentar acessar senha
ajustar senha sap pois férias não consigar entrar usuário não lembro senha momento encontrar bloquear usuário luizsr acesso sap senha;Corretiva;ajustar senha pois férias consigar entrar lembro senha momento encontrar bloquear luizsr senha
erro sistema sap erro sap;Erro;erro erro
dia lançar dois defeito processo linha condensador técnico modelo Unid cond of tcl defeito vazamento val via origem máquina nº série analisar time engenharia não identificar defeito solicitar retirada dois defeito relacionar nº sério descrever acima retirada defeito registrar maneira incorreto posto técnico;Corretiva;lançar dois defeito processo condensador técnico modelo unid cond tcl defeito vazamento val via origem máquina série time engenharia identificar defeito solicitar retirada dois defeito relacionar sério descrever acima retirada defeito registrar maneira incorreto técnico
lote sisap não migr sap lote sisap não migr sap;Corretiva;
ordem ac splitr tcl não migrar completamente coois sap fazer unidade ficar presa zcogi ordem não migr coois;Corretiva;migrar completamente fazer unidade ficar presa zcogi ordem migr coois
ordem não migrar completamente algum ambiente sap seguir anexo ordem pendente ordem prender zcogi ordem não migrar completo ambiente sap;Corretiva;ordem migrar completamente algum ambiente seguir anexo ordem pendente ordem prender zcogi ordem migrar completo ambiente
resumo produção Imc copper tube não constar resultado apresentar consulta lote resumo produção imc copper tube;Corretiva;resumo produção constar resultado apresentar consulta lote resumo produção imc copper tube
excluir lote pois apontar quantidade grande necessidade exclusão lote;Corretiva;excluir lote pois apontar quantidade grande necessidade exclusão lote
lote não migrar lote não migrar;Corretiva;lote migrar lote migrar
lote não migrar lote não migrar;Corretiva;lote migrar lote migrar
não consiger apontar lote lote não apontar;Corretiva;consiger apontar lote lote apontar
não consiger apontar lote lote não apontar;Corretiva;consiger apontar lote lote apontar
não consigar fazer apontamento atividader lote não fazer apontamento atividade;Corretiva;consigar fazer apontamento atividader lote fazer apontamento atividade
espelho coois divergente espelho coois divergente;Corretiva;espelho coois divergente espelho coois divergente
excluir lote apontar quantidade grande op lote apontar quantidade grande ordem;Corretiva;excluir lote apontar quantidade grande lote apontar quantidade grande ordem
usuário davidfc bloquear usuário bloquear sap;Corretiva;davidfc bloquear bloquear
pallet apontar não encontrar time dlog não conseguir fazer leitura máquina pallet apontar não encontrar;Corretiva;pallet apontar encontrar time dlog conseguir fazer leitura máquina pallet apontar encontrar
usuário Franciscofg esquecer senha desbloqueio usuário sap;Corretiva;franciscofg esquecer senha desbloqueio
dois lote não apontar ambos lote apontar corretamente sisap lote não apontar;Corretiva;dois lote apontar ambos lote apontar corretamente lote apontar
lote duplicar exclusão lote duplicar;Corretiva;lote duplicar exclusão lote duplicar
não consiger apontar lote ordem não consiger apontar lote;Corretiva;consiger apontar lote ordem consiger apontar lote
lote migrar sap sem número documento ser assim impossibilitar apontamento sap op op exclusão lote;Corretiva;lote migrar número documento assim impossibilitar apontamento exclusão lote
lote apontar quantidade grande ordem;Corretiva;lote apontar quantidade grande ordem
lote não fazer apontamento atividade;Corretiva;lote fazer apontamento atividade
apontamento atividader kit acessório op lote copper tube op lote cond op lote evap op lote lote não apontar atividade lote não apontar atividade;Corretiva;apontamento atividader kit acessório lote copper tube lote cond lote evap lote lote apontar atividade lote apontar atividade
lote apontar grande ordem lote apontar grande quantidade ordem;Corretiva;lote apontar grande ordem lote apontar grande quantidade ordem
transação necessário coletar todo informação pedido ordem necessário fazer leitura crachá separador material porém somente crachá davidfc permissão portanto solicitar permissão leitura crachá ambos usuário rosivalsd josehfa liberação crachá;Melhorias;transação necessário coletar todo informação pedido ordem necessário fazer leitura crachá separador material porém somente crachá davidfc permissão portanto solicitar permissão leitura crachá ambos rosivalsd josehfa liberação crachá
solicitar usuário Franciscofg mesmo permissôes usuário luistser sisap fechamento lote forçamento ac usuário;Corretiva;solicitar franciscofg permissôes luistser fechamento lote forçamento
lote ac divergente lote ac divergente;Melhorias;divergente divergente
lote migrar sem n documento não consigar fazer apontamento produção lote migrar sem n documento;Melhorias;lote migrar documento consigar fazer apontamento produção lote migrar documento
resumo sisap aba produção mês acumular informação divergente real quantidade apontar não migra quantidade acumular;Melhorias;resumo aba produção mês acumular informação divergente real quantidade apontar migra quantidade acumular
lote sisap apotar porém migrar sap unidade lote migrar sap apenas unidade;Corretiva;lote apotar porém migrar unidade lote migrar apenas unidade
evap tcl apontamento op errar;Corretiva;apontamento errar
lote apontar migrar sap;Corretiva;lote apontar migrar
ne novo corte dobrar não apontar consulta lote;Corretiva;novo corte dobrar apontar consulta lote
casamento unidade descasar mês virgente casamento ac unidade descasar mês virgente;Melhorias;casamento unidade descasar mês virgente casamento unidade descasar mês virgente
excluir lote tamanho apontar errar exclusão lote;Avaliação_Técnica;excluir lote tamanho apontar errar exclusão lote
exclusão lote;Corretiva;exclusão lote
exclusão lote;Corretiva;exclusão lote
exclusão lote;Corretiva;exclusão lote
lote migrar sap sem nº documento impossibilitar não apontar lote;Corretiva;lote migrar documento impossibilitar apontar lote
apontar em este ordem apontar lote outro op;Corretiva;apontar ordem apontar lote outro
precisar análise final sobre casamento ac rodar modelo dois linha fazer casamento ac precisar casamento ac consumir corretamente cada linha casamento ac;Corretiva;precisar análise final sobre casamento rodar modelo dois fazer casamento precisar casamento consumir corretamente cada casamento
transferência lote outro op;Corretiva;transferência lote outro
lote apontar grande necessidade;Corretiva;lote apontar grande necessidade
excluir lote apontar op errar exclusão lote;Corretiva;excluir lote apontar errar exclusão lote
gostar fizesse correção lote apontar lote apontar grande necessidade;Corretiva;gostar fizesse correção lote apontar lote apontar grande necessidade
preciso usuário sap acesso coletor dado fazer migração Centro luis felipe tavar Silva acesso coletor luists cadastro usuário novo coletor mao arcon;Corretiva;preciso coletor fazer migração centro coletor luists cadastro novo coletor
kit acessório apontar sem lote;Corretiva;kit acessório apontar lote
trasnferir lote unidade op virgente;Corretiva;trasnferir lote unidade virgente
lote não migrar sap;Corretiva;lote migrar
resumo arcon não aparecer ac;Corretiva;resumo arcon aparecer
lote não migra totalidade sap;Corretiva;lote migra totalidade
sem casamento ac;Corretiva;casamento
não consigar ter acesso responder avalição desempenho lucioso usuário sem acesso fazer avaliação desempenho;Corretiva;consigar ter responder avalição desempenho lucioso fazer avaliação desempenho
usuário não conseguir ter acesso avaliação desempenho angelomd usuário sem acesso fazer avaliação desempenho;Corretiva;conseguir ter avaliação desempenho angelomd fazer avaliação desempenho
não criar lote;Corretiva;criar lote
op não criar lote não criar lote;Corretiva;criar lote criar lote
não criar lote kit acessorio Evap não criar lote;Corretiva;criar lote kit acessorio evap criar lote
correção lote;Corretiva;correção lote
corrigir lote quantidade unidade correção lote;Corretiva;corrigir lote quantidade unidade correção lote
ac unidade evap unidade cond unidade exclusão lote;Corretiva;unidade evap unidade cond unidade exclusão lote
op unidade não gerar lote assim ficar pendente unidade migração lote não migra sap;Corretiva;unidade gerar lote assim ficar pendente unidade migração lote migra
lote apontar porém correto unidade correção lote;Corretiva;lote apontar porém correto unidade correção lote
correção lote;Corretiva;correção lote
preciso análise casamento ac casamento ficar ne antigo não novo cadastrada novo antigo lote casamento ac;Corretiva;preciso análise casamento casamento ficar antigo novo cadastrada novo antigo lote casamento
ne qtd op correção ac;Corretiva;qtd correção
exclusão lote op correção lote;Corretiva;exclusão lote correção lote
fazer reempressão;Corretiva;fazer reempressão
reimpressão etiqueta;Corretiva;reimpressão etiqueta
lote apontar sisap migrar;Corretiva;lote apontar migrar
tubo pressao corte dob fi sistema sisap informar negativo resultado apontar gostaríamo entender causa oque fazer acontecer sanar problema afim bom análise apontamento correção saldo negativo sisap;Corretiva;tubo pressao corte dob informar negativo resultado apontar entender causa oque fazer acontecer sanar afim análise apontamento correção saldo negativo
corrigir lote apontar unidade ordem correção lote;Corretiva;corrigir lote apontar unidade ordem correção lote
resumo produção modelo dia apontar sisap resumo unidade consulta lote sap divergência quantidade sisap;Corretiva;resumo produção modelo apontar resumo unidade consulta lote divergência quantidade
correção lote;Corretiva;correção lote
lote apontar sisap migrar sap preciso espaço op correção correção lote;Corretiva;lote apontar migrar preciso espaço correção correção lote
correção relatório gerencial sisap correção relatório gerencial;Corretiva;correção relatório gerencial correção relatório gerencial
correção lote correção lote;Corretiva;correção lote correção lote
correção lote apontar porém op aceitar apontar correção lote;Corretiva;correção lote apontar porém aceitar apontar correção lote
ac evap cond casamento ac;Corretiva;cond casamento
correção lote;Corretiva;correção lote
sistema parada linha setor receber informação parada linha não conseguir abrir parada linha responder plano ação cadastrar parada linha não conseguir modificar paradas correção sistema parada linha sisap;Corretiva;parada setor receber informação parada conseguir abrir parada responder plano ação cadastrar parada conseguir modificar paradas correção parada
painel sipap Cond sem rede painel sipap;Melhorias;painel sipap cond rede painel sipap
painel sipap Cond sem rede painel sipap;Melhorias;painel sipap cond rede painel sipap
painel sipap Cond sem rede painel sipap;Melhorias;painel sipap cond rede painel sipap
instalação programa verificação projeto dwg instalação autodesk trueview;Avaliação_Técnica;instalação programa verificação projeto dwg instalação autodesk trueview
colaboração ver microsoft teams Lucimara cavalcantir evidenciar pauso padrão intervalo linha vio resumo produção online prints evidencia intervalo linha tv arcon;Avaliação_Técnica;colaboração ver microsoft teams lucimara cavalcantir evidenciar pauso padrão intervalo vio resumo produção online prints evidencia intervalo arcon
solicitar liberação preenchimento planilha maquina mns usuário pequeno aprendiz natalyepc indústria norma controle entrega epis desbloqueio planilha;Corretiva;solicitar liberação preenchimento planilha maquina mns pequeno aprendiz natalyepc indústria norma controle entrega epis desbloqueio planilha
solicitar instalação sap maquina configuração sap;Erro;solicitar instalação maquina configuração
entrada áudio não sair som entrada audio;Corretiva;entrada áudio sair som entrada audio
impressora es desligar impressora;Erro;impressora desligar impressora
aplicação sap recebimento mp problema efetuar leitura novo qr coder fornecedor fazer forma paliativo leitura de esse novo qr coder excel fazer macro separar novo código fazer carga via transação preciso aplicação voltar funcionar dar agilidader atividade problema leitura novo qr coder fornecedor;Erro;aplicação recebimento efetuar leitura novo coder fornecedor fazer forma paliativo leitura novo coder excel fazer macro separar novo código fazer carga via transação preciso aplicação voltar funcionar dar agilidader atividade leitura novo coder fornecedor
tipo solicitação descrever inclusão check consórcio sisap medida ação melhoria processo pagamento pra produção check consórcio;Melhorias;tipo descrever inclusão check consórcio medida ação melhoria processo pagamento pra produção check consórcio
usuario lucianon acesso tela date coder authenticator;Melhorias;usuario lucianon tela date coder authenticator
instalação app acompanhamento sistema portario;Nova instalação;instalação app acompanhamento portario
abertura chamar referente anexo sisap não computar produção iac ne comercial ne;Erro;abertura chamar referente anexo computar produção iac comercial
chamar referente resolução problema linha não gravaçãor tabela banco problema após análise debug constatar flag banco dado valor padrão nullr tratativa update tabela valor correto parecer final dado agora resumo tempo real correção sexta aplicar resolução problema não gravação;Erro;chamar referente resolução gravaçãor tabela banco após análise debug constatar flag banco valor padrão nullr tratativa update tabela valor correto parecer final agora resumo tempo real correção sexta aplicar resolução gravação
bom tarde senhor gostar solcitar acesso siastema sap substituição acesso login antigo colaborador arlenilson aguiar login lucasms desde agradeço utilização sistema sap;Nova instalação;senhor gostar solcitar siastema substituição login antigo colaborador desde agradeço utilização
descrição processo atual apontamento kit atualmente necessitar estação sisap próximo validar diagrama nº serial kit numero serie existir necessidade transformar estação embalagem amarração diagrama apontamento final benefício esperar redução tempo ciclo redução estação sisap automação kit acessorio novo linha;Melhorias;descrição processo atual apontamento kit atualmente necessitar estação próximo validar diagrama serial kit numero serie existir necessidade transformar estação embalagem amarração diagrama apontamento final benefício esperar redução tempo ciclo redução estação automação kit acessorio novo
solicitar acesso modificação etiqueta último fase processo sisap abaixo segar caminho atividade produção ap imagem anexo acesso modificação etiqueta;Corretiva;solicitar modificação etiqueta último fase processo abaixo segar caminho atividade produção imagem anexo modificação etiqueta
solicito login senha acesso jit online modo executar atividade diário acesso jit onlinar;Avaliação_Técnica;login senha jit online modo executar atividade diário jit onlinar
preciso enviar informação respeito envio fabrica tcl Semp Atráves imail não conectar devido conexão Internet ruim dificuldade pra ecessar Internet envio imail;Erro;preciso enviar informação respeito envio fabrica tcl semp atráves imail conectar devido conexão internet ruim dificuldade pra ecessar internet envio imail
preciso ajuda pra configurar usuario sap recebimento hine tv preciso ajuda pra configurar usuario sap;Erro;preciso ajuda pra configurar usuario recebimento preciso ajuda pra configurar usuario
ter deficuldade acessar imail dificuldade acessar imail;Erro;ter deficuldade acessar imail dificuldade acessar imail
senha sap bloquear preciso fazer desbloqueio ser sap bloquear;Erro;senha bloquear preciso fazer desbloqueio bloquear
senha sisap bloquear preciso desbloquear ser sisap bloquear;Corretiva;senha bloquear preciso desbloquear bloquear
etiqueta kit acessório ser impresso normalmente não caso duplicada todavia várias vez necessário fazer retratablho etiqueta pois constar lir linha passado impossível ver ser impresso serial frente preciso;Erro;etiqueta kit acessório impresso normalmente caso duplicada todavia várias vez necessário fazer retratablho etiqueta pois constar lir passado impossível ver impresso serial frente preciso
Leonardo Gomes tô problema nota subcontratação ventto dar entrada nota nota fiscal precisar estornar não saber bem fazer conseguir estornar agora nota lançado não consigo estornar conta de isso outro nota ventto travado não saldo retorno simbólico fazer estornar nota cancelar excluir todo processo erro entrada nota fiscal sap;Corretiva;nota subcontratação ventto dar entrada nota nota fiscal precisar estornar saber bem fazer conseguir estornar agora nota lançado consigo estornar conta outro nota ventto travado saldo retorno simbólico fazer estornar nota cancelar excluir todo processo erro entrada nota fiscal
não conseguir realizar entrada nf novo fornecedor flex problema layout xml tratar cleide viano acionar sanar problema chamar abrir erro entrada fiscal cfop sap;Corretiva;conseguir realizar entrada novo fornecedor flex layout xml tratar acionar sanar chamar abrir erro entrada fiscal
abap pm gmt Leonardo rodrigues Gomes tentar realizar entrada nota fiscal fornecedor flex todavia erro preço não claro valor bruto produto diferente acordado acreditar erro tabela imposto porém não conseguir detectar possível erro erro nota fiscal sap tabela imposto;Corretiva;tentar realizar entrada nota fiscal fornecedor flex todavia erro preço claro valor bruto produto diferente acordado acreditar erro tabela imposto porém conseguir detectar possível erro erro nota fiscal tabela imposto
problema nf não conseguir resolver meio convencional realizar estorno nota migo agora não conseguir estornar nota tentar lançar nota novamente sistema não permitir não conseguir estornar não nf origem sistema erro entrada nota fiscal sap;Corretiva;conseguir resolver meio convencional realizar estorno nota migo agora conseguir estornar nota tentar lançar nota novamente permitir conseguir estornar origem erro entrada nota fiscal
não conseguir concluir miro nf item grampo apesar valor pedido compra acordo nota miro ainda apresentar erro preço acreditar algum erro cálculo erro nota fiscal sap;Corretiva;conseguir concluir item grampo apesar valor pedido compra acordo nota miro ainda apresentar erro preço acreditar algum erro cálculo erro nota fiscal
não conseguir concluir miro nf item grampo apesar valor pedido compra acordo nota miro ainda apresentar erro preço acreditar algum erro cálculo chamar explicar questão pedido miro vtin não demonstrar dar entrada;Corretiva;conseguir concluir item grampo apesar valor pedido compra acordo nota miro ainda apresentar erro preço acreditar algum erro cálculo chamar explicar questão pedido miro demonstrar dar entrada
nota fiscal chamado passado solicitaod prçeo nota alterar prosseguir entrada apesar ação ter ser realizad erro realizar miro apresentar miro acusar divergencia valor erro entrada nota fiscal sap;Corretiva;nota fiscal chamado passado solicitaod prçeo nota alterar prosseguir entrada apesar ação ter realizad erro realizar apresentar acusar divergencia valor erro entrada nota fiscal
não conseguir salvar arquivo toda vez aparecer janela informar memória cheio memória cheio pasta q;Erro;conseguir salvar arquivo toda vez aparecer janela informar memória cheio memória cheio pasta
correção dado apontamento trocar ac abaixo consumer condensadora errar doc correção dado;Erro;correção apontamento trocar abaixo consumer condensadora errar doc correção
problema impressãor etiqueta n serie pallet correção dado;Erro;impressãor etiqueta serie pallet correção
favor liberar acesso usuário rizomarms liberar acesso;Erro;liberar rizomarms liberar
bom dia favor liberar mesmo função disponível usuário usuário rizomarms liberar acesso;Melhorias;liberar função disponível rizomarms liberar
correção jimmy cancelar correção jimmy cancelar;Corretiva;correção cancelar correção cancelar
reunião duarte romeroe maia identificar valor cadastro precisar atualizar oki favor atualizar reg info Grampo grampeador comum valor mudar opção cód impor zg Garcia gentileza caso modificar cadastro fornecedor outro código retorner cadastro zg incluir dp após atualização emitir novo pedido testar entrada nf erro nf preço divergente;Avaliação_Técnica;reunião duarte romeroe maia identificar valor cadastro precisar atualizar oki atualizar reg info grampo grampeador comum valor mudar opção cód impor caso modificar cadastro fornecedor outro código retorner cadastro incluir após atualização emitir novo pedido testar entrada erro preço divergente
prezar precisar instalação programa sistema portaria modulo fiscal sistema portaria modulo fiscal;Nova instalação;prezar precisar instalação programa portaria modulo fiscal portaria modulo fiscal
resumo produção informação produzir negativo whatsapp image at ajustir relatorio resumo produção;Erro;resumo produção informação produzir negativo whatsapp image ajustir relatorio resumo produção
bom tarde senhor falamos reuniao duvida sobre contador painel arcon chegar painel diferença contagem contador painel arcon;Avaliação_Técnica;senhor falamos reuniao duvida sobre contador painel arcon chegar painel diferença contagem contador painel arcon
resumo produção retirar turno adicionar turno dia maio ajustir resumo produção;Corretiva;resumo produção retirar turno adicionar turno maio ajustir resumo produção
possibilitar sisap reconhecer novo padrão informação vir qr code placa Skd atualização sisap ler qr code placa skd;Melhorias;possibilitar reconhecer novo padrão informação vir code placa skd atualização ler code placa skd
não consigar imprimir tabela defeito teste montagem final sisap menu cadastro listagem defeito posto linha teste tabela defeito lcd teste;Erro;consigar imprimir tabela defeito teste montagem final menu cadastro listagem defeito teste tabela defeito lcd teste
poder favor verificar algum queda instabilidade api ambiente homologação início manhã hoje realizar teste partir determinar momento api aparentar indisponível após algum minuto serviço voltar normal servidor chegar ficar offline apresentar algum oscilação em esse período necessário poder fornecer detalhe caso problema ocorrer novamente informarar imediatamente agradeço desde apoio imagem imagem intermitência api homologação verificação disponibilidade;Avaliação_Técnica;poder algum queda instabilidade api ambiente homologação início manhã hoje realizar teste partir determinar momento api aparentar indisponível após algum minuto serviço voltar normal servidor chegar ficar offline apresentar algum oscilação período necessário poder fornecer detalhe caso ocorrer novamente informarar imediatamente agradeço desde apoio imagem imagem intermitência api homologação verificação disponibilidade
sisap;Avaliação_Técnica;
peçar gentileza verificar gabinete jovem aprendizr setor sso equipamento não ligar problema gabinete;Corretiva;peçar gabinete jovem aprendizr setor sso equipamento ligar gabinete
incluir procedimento seguinte pasta sso intranet pgr procedimento nr registro investigação análise pgr procedimento controle terceiro alteração rev pgr epi equipamento proteção individual intranet;Nova instalação;incluir procedimento seguinte pasta sso intranet pgr procedimento registro investigação análise pgr procedimento controle terceiro alteração rev pgr epi equipamento proteção individual intranet
incluir procedimento seguinte pasta sso intranet pgr procedimento procedimento ergonomia intranet;Nova instalação;incluir procedimento seguinte pasta sso intranet pgr procedimento procedimento ergonomia intranet
incluir seguinte documento pasta sesmt intranet pgr procedimento nr registro investigação análise revisão intranet;Melhorias;incluir seguinte documento pasta sesmt intranet pgr procedimento registro investigação análise revisão intranet
verificação usuário possuir permissão liberação veículo sistema portaria afim evitar usuário sgi realizer liberação veículo movir diesel verificação usuário sistema portario;Corretiva;verificação possuir permissão liberação veículo portaria afim evitar sgi realizer liberação veículo movir diesel verificação portario
bom dia felipe tudo bem felipe conseguir saber exatamente possuir permissão liberação veículo sistema portaria perguntar hoje cedo placa liberar sem sgi realizar liberação sistema logo enter poder ter alguém realizar algum liberação sem consentimento além de isso constantemente receber aviso abaixo atte analise notificação veículo esporádico;Avaliação_Técnica;tudo bem conseguir saber exatamente possuir permissão liberação veículo portaria perguntar hoje cedo placa liberar sgi realizar liberação logo enter poder ter alguém realizar algum liberação consentimento além constantemente receber aviso abaixo atte analise notificação veículo esporádico
solicitação acesso sistema portaria através usuário aprendizr sgi solicitação acesso sistema portaria aprendizr sgi;Melhorias;portaria aprendizr sgi portaria aprendizr sgi
prezar bom tarde solicitar baixar serial modelo período;Corretiva;prezar solicitar baixar serial modelo período
ajustir prateleira estoque ajustir estoque;Melhorias;ajustir prateleira estoque ajustir estoque
check sap x sefaz check sap x sefaz;Melhorias;check sefaz check sefaz
impiutar autorizar doc nfe nooto fiscal;Erro;impiutar autorizar fiscal
divergênciar relatório transação fiscal exemplo ne mostrar ser referenciar outro item além selecionado seguir evidencio nota fiscal não aparecer relatório divergencia relatório;Erro;divergênciar relatório transação fiscal exemplo mostrar referenciar outro item além selecionado seguir evidencio nota fiscal aparecer relatório divergencia relatório
emitir relatório ficha entrega ecf procedure legado informação preenchimento ficha;Melhorias;emitir relatório ficha entrega ecf procedure legado informação preenchimento ficha
job travar execução geração obrigação autorização interroper job processo;Erro;job travar execução geração obrigação autorização interroper job processo
solicitar atualização licença sistema synchro vencer atualização licença;Melhorias;solicitar atualização licença synchro vencer atualização licença
problema visualizar requisição pedir sap digitar numero requisição não aparecer nada referente mesmo valer ressalta problema acontecer somente nota fiscal empresa golfinho Fu orientar eduardo romero abrir chamado desktop mm seguir evidencio tela requisição;Corretiva;visualizar requisição pedir digitar numero requisição aparecer nada referente valer ressalta acontecer somente nota fiscal empresa golfinho orientar abrir chamado desktop seguir evidencio tela requisição
cte subir config doc;Corretiva;cte subir config doc
favor atualizar área homologação base produção existir necessidade continuar teste atualização base dado solfis prod;Corretiva;atualizar área homologação base produção existir necessidade continuar teste atualização base solfis prod
rsa automação entrada correção escrituração local negócio errar coluna imposto liberar request produção;Corretiva;rsa automação entrada correção escrituração local negócio errar coluna imposto liberar request produção
conforme falar favor ajustar integrar monitor novo considerar apenas doc fiscal eletronico não nf serviço cte;Corretiva;conforme falar ajustar integrar monitor novo considerar apenas doc fiscal eletronico serviço cte
alterar configuraçao atualizar versão conforme pedir email atualização versão alteração configuração;Melhorias;alterar configuraçao atualizar versão conforme pedir email atualização versão alteração configuração
atender requisito necessário melhorar sped fiscal criar novo bloco mostrir nfs entrada acordo xml relacione nfs entrada inserir melhoria fazer synchro apoio análise ti sped fiscal novo bloco;Melhorias;atender requisito necessário melhorar sped fiscal criar novo bloco mostrir nfs entrada acordo xml relacione nfs entrada inserir melhoria fazer apoio análise sped fiscal novo bloco
após migração base sap ibm parar funcionar favor revisar rotina integração ambiente prd configuração novo prd;Corretiva;após migração base ibm parar funcionar revisar rotina integração ambiente prd configuração novo prd
favor fazer configuração synchro conforme abaixo configuração Synchro livro modelo;Melhorias;fazer configuração synchro conforme abaixo configuração synchro livro modelo
favor fazer configuração conforme consultor suelen indicar novo configuração synchro;Melhorias;fazer configuração conforme consultor suelen indicar novo configuração synchro
favor enviar dado tabela doc arquivo;Melhorias;enviar tabela doc arquivo
liberar acesso transação mariag annerar autorização transação;Melhorias;liberar transação mariag annerar autorização transação
alteração status nfe tela autorizar doc nfe alteração Status nfe;Corretiva;alteração status nfe tela autorizar doc nfe alteração status nfe
sistema faturamento apresentar erro ddl não registrar sistema legar faturamento ddl nao registrar;Corretiva;faturamento apresentar erro ddl registrar legar faturamento ddl nao registrar
configurar conforme anexo configuração;Corretiva;configurar conforme anexo configuração
favor verificar área homologação documento contá consulta tabelo;Avaliação_Técnica;área homologação documento contá consulta tabelo
cte entrar sistema outubro novembro Chaves exemplo duplicidade cte outubro novembro;Corretiva;cte entrar outubro novembro chaves exemplo duplicidade cte outubro novembro
nf autorizar sefaz sap não doc nfe autorizar nfe posterior cancelamento correto nota fiscal recusar ajustir;Corretiva;autorizar doc autorizar posterior cancelamento correto nota fiscal recusar ajustir
chamar abap am gmt kete marrone arquino moral transação verificar demor carga arquivo xml transação;Melhorias;chamar abap gmt kete moral transação demor carga arquivo xml transação
chamar abap am gmt kete marrone arquino moral relatório cfop sair sem cidade região conforme anexo favor ajustar trazer informação preenchir relatório sem cidade região;Corretiva;chamar abap gmt kete moral relatório cfop sair cidade região conforme anexo ajustar trazer informação preenchir relatório cidade região
sem autorização conforme anexo ambiente homolação sem autorização imposto rt;Corretiva;autorização conforme anexo ambiente homolação autorização imposto
sem autorização conforme anexo ambiente homologação sem autorização imposto rt;Corretiva;autorização conforme anexo ambiente homologação autorização imposto
nf estornar porém sistema saldo não retornar não ser estornar erro cancelamento nf;Erro;estornar porém saldo retornar estornar erro cancelamento
solicitar criação diferentes tipo usuário acesso office automation usuário colaborador gestor outro rh testar comunicação diferente perfis testecolaborador testegestor testeth usuario teste;Melhorias;solicitar criação diferentes tipo office automation colaborador gestor outro testar comunicação diferente perfis testecolaborador teste
registro solicitação pedir presencialmente limpar defeito numero serie limpar defeito numero serie;Corretiva;registro pedir presencialmente limpar defeito numero serie limpar defeito numero serie
verificar pedido anexo duplicidade pois existir semelhança parcela valor verificar pedir duplicidade;Avaliação_Técnica;pedido anexo duplicidade pois existir semelhança parcela valor pedir duplicidade
erro acessar falar amando godoy erro acessar sistema legar;Erro;erro acessar falar amando godoy erro acessar legar
inserir filtro nota devolução não exibir filtro nota devolução;Melhorias;inserir filtro nota devolução exibir filtro nota devolução
funcionário bruno Moreira drt cpf informar comprar ar condicionado ainda não vir descontar verificar compra sem desconto legado;Avaliação_Técnica;funcionário cpf informar comprar condicionado ainda vir descontar compra desconto legado
sistema apresentar erro abrir sistema não abrir;Erro;apresentar erro abrir abrir
liberação acesso pasta usuário terezinhara acesso pasta;Nova instalação;liberação pasta terezinhara pasta
instalação novo sistema mix sistema mix;Nova instalação;instalação novo mix mix
engenharia manaus precisar acesso tecwin criação bom material nome katarina jeovana Ferreira moura email departamento engenharia uf Am nome iara dayse oliveirar Martins email departamento engenharia uf Am adição usuário tecwin aduaneira;Melhorias;engenharia manaus precisar tecwin criação material nome katarina jeovana email departamento engenharia nome oliveirar email departamento engenharia adição tecwin aduaneira
preciso perfil sisap espelhear perfil herbertrm pois ir dividir atividade atualização perfil sisap;Melhorias;preciso perfil espelhear perfil herbertrm pois dividir atividade atualização perfil
preciso mesmo acesso iaraom acesso;Nova instalação;preciso iaraom
preciso espaço etiqueta espaço mudança layout etiqueta;Adequação de layout;preciso espaço etiqueta espaço mudança layout etiqueta
bom dia solicitar verificação cpu pois msm apresentar lentindao dificultar trabalho maquina sala estoque central cpu lento não;Melhorias;solicitar verificação cpu pois msm apresentar lentindao dificultar trabalho maquina sala estoque central cpu lento
bom tarde nao conseguir atualizar imail atualização imail;Nova instalação;nao conseguir atualizar imail atualização imail
atualização usuario sair subestoque estoque central atualizaçao usuario;Avaliação_Técnica;atualização usuario sair subestoque estoque central atualizaçao usuario
solicitação senho sap trocar senha sap;Corretiva;trocar senha
bom tarde não conseguir abrir imail sala imail erro abrir;Erro;conseguir abrir imail sala imail erro abrir
troca senha sap usuario juliols troca senha sap;Erro;troca senha usuario juliols troca senha
configuração usuario pauloss configuração maquina;Melhorias;configuração usuario pauloss configuração maquina
troca senho sap troquei nova eskeci troca senha sap;Melhorias;troca troquei nova eskeci troca senha
bom dia gostar novo configuração maquina estoque central configuração maquina;Nova instalação;gostar novo configuração maquina estoque central configuração maquina
reseta senha sap troca senha sap;Erro;reseta senha troca senha
solicitação desbloquei sap usuario johndp desbloqueio sap;Corretiva;desbloquei usuario johndp desbloqueio
bom dia solicitar reset senha sap esquecir digito msm usuario juliols desbloqueio sap;Corretiva;solicitar reset senha esquecir digito msm usuario juliols desbloqueio
bom dia solicitar reset senha sap troca senha sap;Corretiva;solicitar reset senha troca senha
solicitação configuração usuario maquina sub estoque configuração maquina;Nova instalação;configuração usuario maquina sub estoque configuração maquina
criação ordem kit acessório criação ordem;Avaliação_Técnica;criação ordem kit acessório criação ordem
solicitar instalação sisap solicitação compra reserva material instalação sap;Nova instalação;solicitar instalação compra reserva material instalação
tipo solicitação descrever não aparecer ano mês sistema verificar holerite sem acesso holerite;Corretiva;tipo descrever aparecer ano mês holerite holerite
reset senha sap reset senha;Corretiva;reset senha reset senha
problema linha setupr linha;Corretiva;setupr
bom dia tentar realizar estorno nota fiscal referente devolução mercadoria industrialização sistema retornar seguinte erro quantidade material pedir ordem subcontratação anexo compartilho xml nota fiscal informação erro sistema retorno erro estornar nf flex;Erro;tentar realizar estorno nota fiscal referente devolução mercadoria industrialização retornar seguinte erro quantidade material pedir ordem subcontratação anexo compartilho xml nota fiscal informação erro retorno erro estornar flex
ap fechar faltar pcs registro solicitação ap fechar faltar peça;Erro;fechar faltar pcs registro fechar faltar peça
Faro instalar sistema operacional rh acesso pasta vb sistema rh;Nova instalação;faro instalar operacional pasta
bom tarde pedido gerar sap não subir aprovação sistema fssc falha processo nota fssc;Erro;pedido gerar subir aprovação fssc falha processo nota fssc
limpar defeito seguinte numero serie exclusão defeito sisap;Corretiva;limpar defeito seguinte numero serie exclusão defeito
instalação app sami imprimir relatorio uso imagem fretar instalacao sami;Corretiva;instalação app sami imprimir relatorio uso imagem fretar instalacao sami
solicitar sistema pra pagar férias sistema não processar pagamento problema sistema feria;Erro;solicitar pra pagar férias processar pagamento feria
ajustir hierarquia aprovação feria problema sistema feria;Erro;ajustir hierarquia aprovação feria feria
chamar desenvolvedor pm gmt jordano adega Souza solicitação férias dar erro aparecer nome outro pessoa problema sistema feria;Erro;chamar desenvolvedor jordano férias dar erro aparecer nome outro pessoa feria
problema aquisitivo funcionário sistema férias não constar conforme informação sami problema sistema feria;Erro;aquisitivo funcionário férias constar conforme informação sami feria
sistema feria atualizar hierarquia gestor atual nao conseguir visualizar feria problema sistema feria;Erro;feria atualizar hierarquia gestor atual nao conseguir visualizar feria feria
sistema não atualizar status pli atualização status pli;Erro;atualizar status pli atualização status pli
sistema aps importr não fazer retenção imposto nf serviço fornecedor unimar erro empresa sistema não reter imposto;Erro;fazer retenção imposto serviço fornecedor unimar erro empresa reter imposto
não reclassificar pagamento inmetro pagar adiantamento não fazer sentido ser reclassificar conta banco ocasião entrada nf reclassificação pagamento inmetro;Erro;reclassificar pagamento inmetro pagar adiantamento fazer sentido reclassificar conta banco ocasião entrada reclassificação pagamento inmetro
ajustir variante tela rtag pp am gmt joao mende variante tela chamar abap am gmt jonata fonseca hoje transação não opção salvar layout relatório criação função layout transação;Melhorias;ajustir variante tela rtag gmt variante tela chamar abap gmt jonata fonseca hoje transação opção salvar layout relatório criação função layout transação
não conseguir acessar transação erro transação;Erro;conseguir acessar transação erro transação
não consigar fazer entrada migo erro realizar recebimento transação;Erro;consigar fazer entrada migo erro realizar recebimento transação
fazer recebimento nfs empresa constatar setor fiscal imposto não retir transação recebimento fatura;Erro;fazer recebimento nfs empresa constatar setor fiscal imposto retir transação recebimento fatura
fazer recebimento nfs empresa constatar setor fiscal imposto não retir transação processo erro lançamento imposto;Erro;fazer recebimento nfs empresa constatar setor fiscal imposto retir transação processo erro lançamento imposto
não conseguir cria di processo erro criação di;Erro;conseguir cria processo erro criação
erro lançamento miro fatura seguro aparecer seguinte informação não permitir ter linha zero erro lançamento miro;Erro;erro lançamento miro fatura seguro aparecer seguinte informação permitir ter zero erro lançamento miro
erro recebimento processo erro recebimento;Erro;erro recebimento processo erro recebimento
hoje transação detalhe item aba container campo preenchimento não utilizar preenchimento manual atrasar cadastro processo querer acreditar possível novo informação carregamento através base excel seguir novo informação junto tela sistema nº container nº po novo solicitação inclusão nº packing list nº serie insumo ne descrição item português qtd unidade medida nº pallet nº caixa melhoria sistema impex Detalhe item;Melhorias;hoje transação detalhe item aba container campo preenchimento utilizar preenchimento manual atrasar cadastro processo querer acreditar possível novo informação carregamento base excel seguir novo informação junto tela container novo inclusão packing list serie insumo descrição item português qtd unidade medida pallet caixa melhoria impex detalhe item
precisar melhoria parâmetro seleção emissão relatório importação transação preciso incluar dois novo parâmetro datar desembaraço di data envio Docs transporte outro ponto modificar layout não encontrar exibição coluna número pedido importado necessitar informação relatório novo parametro relatorio importar;Melhorias;precisar melhoria parâmetro seleção emissão relatório importação transação preciso incluar dois novo parâmetro datar desembaraço data envio docs transporte outro ponto modificar layout encontrar exibição coluna número pedido importado necessitar informação relatório novo parametro relatorio importar
embarque ir desembaraçar sp precisar carga vir manau não regra sistema calculo imposto criação novo regra importação;Melhorias;embarque desembaraçar precisar carga vir manau regra calculo imposto criação novo regra importação
criação novo regra importação embarque admissão temporar embarque admissão temporar realizar entrada fiscal empresa não regra sistema aps importr tipo embarque criação novo regra importação;Melhorias;criação novo regra importação embarque admissão temporar embarque admissão temporar realizar entrada fiscal empresa regra aps importr tipo embarque criação novo regra importação
aparecer erro lançamnto miro sistema pedir executar modificação preço planejar material erro lançamento miro;Erro;aparecer erro lançamnto miro pedir executar modificação preço planejar material erro lançamento miro
processo apresentar erro criação di pois item Resina haver ser excluir pedido de esse forma cria processo porém tentarr criar di em este processo informar existir processo vincular di erro criação di;Erro;processo apresentar erro criação pois item resina excluir pedido forma cria processo porém tentarr criar processo informar existir processo vincular erro criação
problema inclusão xml di sistema processo parar criação di sistema erro inclusão xml di;Erro;inclusão xml processo parar criação erro inclusão xml
arquivo anexo apresentar erro enviar pli suframa favor poder ajudar verificar processo invoice pli erro erro envio pli suframa;Erro;arquivo anexo apresentar erro enviar poder ajudar processo invoice pli erro erro envio
sistema dar erro hora gerar miro processo problema geração miro;Erro;dar erro hora gerar miro processo geração miro
relacionar am gmt jonata fonseca erro recebimento material importador arconr impossivel realizar entrada mercadoria erro migo;Erro;relacionar gmt jonata fonseca erro recebimento material importador arconr impossivel realizar entrada mercadoria erro migo
basi pm gmt eduardo Romero basi pm gmt eduardo Romero basi pm gmt eduardo Romero basic pm gmt eduardo Romero basic pm gmt eduardo Romero basi pm gmt eduardo Romero basi pm gmt eduardo Romero basi pm gmt eduardo Romero basi am gmt cristiane ar material importado improdutivo uso consumo ativo fixo pli suframar não emitir aps conforme fazer material industrialização despachante emite pli através sistema inserir informação aps gerar retrabalho de esse forma gostaríamos checar possibilidade parametrizar aps pli emitir através próprio sistema mitigar falha otimizar tempo parametrização emissão pli através aps material improdutivo;Melhorias;basi material importado improdutivo uso consumo ativo fixo pli suframar emitir conforme fazer material industrialização despachante emite pli inserir informação gerar retrabalho forma gostaríamos checar possibilidade parametrizar pli emitir próprio mitigar falha otimizar tempo parametrização emissão pli material improdutivo
criação novo sistema tcl fssc precisar melhoria transação recebimento fatura criação campo obserção upload documento transação;Melhorias;criação novo tcl fssc precisar melhoria transação recebimento fatura criação campo obserção upload documento transação
não conseguir fazer recebimento algum nota fiscal porto chibatão super eadi aparecer tela exibir sintese solicitamos inclusão despesa taxa infraero concessionaria vinci após teste implantação ambiente produção começar apresentar inconsistência lançamento identificar despesa armazenagem aéreo extra não ser lançar nota armazenagem marítimo fornecedor super terminal retenção preciso configurar novamente sistema erro sistema aps importr parametrização nf super terminal iss;Erro;conseguir fazer recebimento algum nota fiscal porto chibatão super eadi aparecer tela exibir sintese solicitamos inclusão despesa taxa infraero concessionaria vinci após teste implantação ambiente produção começar apresentar inconsistência lançamento identificar despesa armazenagem aéreo extra lançar nota armazenagem marítimo fornecedor super terminal retenção preciso configurar novamente erro aps importr parametrização super terminal iss
basi am gmt jonata fonseca processo lançamento miro aparecer seguinte informação entrar nºs linha tabela accountingdato forma crescente não deixar seguir lançamento erro lançamento miro;Erro;basi gmt jonata fonseca processo lançamento miro aparecer seguinte informação entrar tabela accountingdato forma crescente deixar seguir lançamento erro lançamento miro
virtude lei entrar vigor solicitamos alteração alíquota icms sistema aps importr atualização alíquota icms;Melhorias;virtude lei entrar vigor solicitamos alteração alíquota icms aps importr atualização alíquota icms
basi am gmt jonata fonseca erro consultar relatorio smx erro transação carga arquivo xml di;Erro;basi gmt jonata fonseca erro consultar relatorio smx erro transação carga arquivo xml
criação novo regra embarque sem cobertura cambial pli aprovar suframa criação novo regra importação;Melhorias;criação novo regra embarque cobertura cambial aprovar criação novo regra importação
arquivo gerar aps importr apresentar erro hora enviar site suframa erro envio pli;Erro;arquivo gerar apresentar erro hora enviar site suframa erro envio pli
criação faturas estatístico despesa logística frete direto estatístico frete pátio estatístico handling estatístico diária pátio estatístico viagem frustrar estatístico preciso criação novo status processo despesa Estatística recebimento fisico lançar criação fatura novo status;Melhorias;criação faturas estatístico despesa logística frete direto estatístico frete pátio estatístico handling estatístico diária pátio estatístico viagem frustrar estatístico preciso criação novo status processo despesa estatística recebimento fisico lançar criação fatura novo status
basi am gmt jonata fonseca criar filtro data chegada transação embarque importação criação filtro data chegada;Melhorias;basi gmt jonata fonseca criar filtro data chegada transação embarque importação criação filtro data chegada
valor frete seguro unificar hora lançamento miro gerar problema contabilidade erro sistema lançamento despesa aduaneiro;Erro;valor frete seguro unificar hora lançamento miro gerar contabilidade erro lançamento despesa aduaneiro
novamente transação recebimento fatura problema não conseguir finalizar processo processo aguardar recebimento problema recebimento fatura tv arcon;Erro;novamente transação recebimento fatura conseguir finalizar processo processo aguardar recebimento recebimento fatura arcon
sistema hora gerar arquvo pli mostrar erro produto suframar empresa querer gerar pli arcon trazer produto tv erro geração pli transação smx;Erro;hora gerar mostrar erro produto suframar empresa querer gerar trazer produto erro geração pli transação smx
precisar criar novo regra embarque uso consumo sem cobertura cambial recolhimento imposto ii ipi pis confim empresa criação novo regra;Melhorias;precisar criar novo regra embarque uso consumo cobertura cambial recolhimento imposto confim empresa criação novo regra
sistema começar apresentro erro transação modificar reclassificar fornecedor aps importr apresentar erro;Erro;começar apresentro erro transação modificar reclassificar fornecedor apresentar erro
basi am gmt eduardo Romero basi pm gmt eduardo Romero basi am gmt jonata fonseca precisar desenvolvimento apasso transação sistema consiga extrair relatório referente item importar apresentação prestação conta suframa criação parâmetro parâmetro número ncm destaque item hoje obter resultado retirar vários relatório fazer vários filtro melhoria não retrabalho informação confiável relatório informação precisar incluso ncm número destaque item número pli li local negócio número processo conhecimento transp meio transporte número di datar registro di datar desembaraço di qtd processo material preço unitário adição item adição importr importr texto breve criação parametro seleção relatorio suframa;Melhorias;basi gmt eduardo romero basi precisar desenvolvimento apasso transação consiga extrair relatório referente item importar apresentação prestação conta suframa criação parâmetro parâmetro número ncm destaque item hoje obter resultado retirar vários relatório fazer vários filtro melhoria retrabalho informação confiável relatório informação precisar incluso ncm número destaque item número pli local negócio número processo conhecimento transp meio transporte número datar registro datar desembaraço qtd processo material preço unitário adição item adição importr importr texto breve criação parametro seleção relatorio suframa
conforme solicitação dayne roso setor contabil solicitar colaborador departamento contabilidade sp acesso seguinte transação listar recebimento fatura novo transação permissão transação;Melhorias;conforme dayne roso setor contabil solicitar colaborador departamento contabilidade seguinte transação listar recebimento fatura novo transação permissão transação
larisso Franco noval apasso ciente melhoria validação data documento validação data documento;Melhorias;larisso franco noval apasso ciente melhoria validação data documento validação data documento
basi pm gmt eduardo Romero basi pm gmt jonata fonseca emissão nf não deixar ir tela lançamento nf informar faltar transferência fatura conforme anexo erro emissão nf;Erro;basi deixar tela lançamento informar faltar transferência fatura conforme anexo erro emissão
resumo prpblema tentar diversos forma regularizar processo dentro Aps não conseguir razão sistêmico precisar intervenção chamado solução problema ir exemplificar processo tentar várias alternativa porém sem sucesso todo despesa lançar sistema não considerar devido informação transação tentativa recalcular di dentro aba imposto sem sucesso clicar recalcular sistema não puxar dar taxa atualizar nem seguro cadastrar tentativa atualização dado despesa tansação sem sucesso pois atualizar valor dar erro recalculo conforme tela abaixo erro apenas apresentar não interferir valor cadastrar porém não permitir comunicação cadastro di tentativa excluir di sem sucesso não localizar botão opção exclusão di dentro transação tentativa refazer processo porém tentar excluir pli processo primeiro passo sistema não abrir opção de este exclusão colocar processo status permitir cancelamento pli lançamento despesa miro;Erro;resumo prpblema tentar diversos forma regularizar processo dentro aps conseguir razão sistêmico precisar intervenção chamado solução exemplificar processo tentar várias alternativa porém sucesso todo despesa lançar considerar devido informação transação tentativa recalcular dentro aba imposto sucesso clicar recalcular puxar dar taxa atualizar seguro cadastrar tentativa atualização despesa tansação sucesso pois atualizar valor dar erro recalculo conforme tela abaixo erro apenas apresentar interferir valor cadastrar porém permitir comunicação cadastro tentativa excluir sucesso localizar botão opção exclusão dentro transação tentativa refazer processo porém tentar excluir pli processo primeiro passo abrir opção exclusão colocar processo status permitir cancelamento pli lançamento despesa miro
nf subcontratação estornar migo não ter estornar aparecer erro estorno nota;Erro;subcontratação estornar migo ter estornar aparecer erro estorno nota
problema estorno processo estorno nota;Erro;estorno processo estorno nota
processo realizar verificação processo acima pois fazer migo miro não constar numeração migo estorno nota;Erro;processo realizar verificação processo acima pois fazer migo miro constar numeração migo estorno nota
problema lançamento nf nota fiscal recebimento fatura recebimento fatura ajuste aps importr;Erro;lançamento nota fiscal recebimento fatura recebimento fatura ajuste
basi am gmt eduardo Romero basi pm gmt jonata fonseca devido novo decreto nº ir precisar incluir numeração container nf entrada melhoria empresa adequação decreto nº sefaz am;Melhorias;basi gmt eduardo romero basi devido novo decreto precisar incluir numeração container entrada melhoria empresa adequação decreto sefaz
referente processo item cadastrar lançar despesa linha linha erro time out apresentar momento incluir despesa armazenagem despesa taxa siscomex ler inmetro tx fti não apresentar erro conseguir lançar porém armazenagem erro tempo exceder apresentar perder lançamento anterior em este caso precisar solução seguir todo lançamento novamente time out erro lançamento fatura;Erro;referente processo item cadastrar lançar despesa erro time out apresentar momento incluir despesa armazenagem despesa taxa siscomex ler inmetro apresentar erro conseguir lançar porém armazenagem erro tempo exceder apresentar perder lançamento anterior caso precisar solução seguir todo lançamento novamente time out erro lançamento fatura
original am gmt eduardo Romero processo processo processo processo cadastro de esse item gerando gerando erro não existir fator conversão material pc poder ver cadastrar kg demonstrar erro conversão;Erro;original processo processo processo processo cadastro item gerando gerando erro existir fator conversão material poder ver cadastrar demonstrar erro conversão
larisso bom dia voltar ter problema lançamento fatura poder ver lançada sistema não identificar lançamento fatura erro;Corretiva;larisso voltar ter lançamento fatura poder ver lançada identificar lançamento fatura erro
recebimento fatura não contabilizar imposto iss recebimento fatura problema retenção iss;Erro;recebimento fatura contabilizar imposto iss recebimento fatura retenção iss
revisão xml nota retorno conserto reparo flex entrar contato rebeca dino revisão xml nota retorno conserto reparo flex;Erro;revisão xml nota retorno conserto reparo flex entrar contato nota retorno conserto reparo flex
modificação padrão apontamento etiqueta circ int modificação cadastro;Adequação de layout;modificação padrão apontamento etiqueta circ int modificação cadastro
demanda registrar via outlook chamar registro via outlook cadastro múltiplo;Melhorias;demanda registrar via outlook chamar registro via outlook cadastro múltiplo
cadastro multiplo ne memória multiplo cadastro multiplo ne;Nova instalação;cadastro multiplo memória multiplo cadastro multiplo
liberação acesso ajustir ud check feeder acesso relatório ajustir ud check feeder;Melhorias;liberação ajustir check feeder relatório ajustir check feeder
cadastrar múltiplo modelo após embalagem múltiplo etq modificação cadastro;Corretiva;cadastrar múltiplo modelo após embalagem múltiplo etq modificação cadastro
relatar problema crítico integração sistema sap sisap ordem produção não migrar corretamente sap sisap problema integração error consulta ordem produção;Corretiva;relatar crítico integração ordem produção migrar corretamente integração error consulta ordem produção
redefinição ser sap login johnsc redefinição senha sap;Corretiva;redefinição login johnsc redefinição senha
falha impressão etiqueta produto iac falha impressão etiqueta;Corretiva;falha impressão etiqueta produto iac falha impressão etiqueta
cadastro novo produto gravação circuito circ int múltiplo cadastro novo modelo;Avaliação_Técnica;cadastro novo produto gravação circuito circ int múltiplo cadastro novo modelo
sistema idw linha iac offline iac smd idw offline;Corretiva;idw iac offline iac smd idw offline
modificação temporário cadastro apontamento dat motivo sistema apontamento não deixar registrar quebrar Bandeja somente padrão circ int múltiplo após apontamento retornar cadastro padrão modificação cadastro;Corretiva;modificação temporário cadastro apontamento dat motivo apontamento deixar registrar quebrar bandeja somente padrão circ int múltiplo após apontamento retornar cadastro padrão modificação cadastro
necessário criação ordem produção imc impressão etiqueta pci top iac novo modelo impressão etiqueta iac;Corretiva;necessário criação ordem produção imc impressão etiqueta pci top iac novo modelo impressão etiqueta iac
cadastro apontamento circuito novo modelo int padrão cadastro novo modelo;Avaliação_Técnica;cadastro apontamento circuito novo modelo int padrão cadastro novo modelo
cadastro novo modelo circuito apontamento circ int padrão bandeja cadastro novo modelo;Melhorias;cadastro novo modelo circuito apontamento circ int padrão bandeja cadastro novo modelo
cadastro padrão apontamento Bandeja circuito circ int padrão cadastro novo modelo;Melhorias;cadastro padrão apontamento bandeja circuito circ int padrão cadastro novo modelo
linha não gerar informação iac smd idw offline;Corretiva;gerar informação iac smd idw offline
linha idw offline não gerar informação linha idw offiline;Corretiva;idw offline gerar informação idw offiline
linha off linar idw iac smd idw offline;Corretiva;off linar idw iac smd idw offline
solicitar ajudar cadastro quantidade multilplo seguinte padrao padrao;Melhorias;solicitar ajudar cadastro quantidade multilplo seguinte padrao padrao
modificar apontamento quantidade etq modelo dat circ int modificação cadastro;Corretiva;modificar apontamento quantidade etq modelo dat circ int modificação cadastro
cadastrar padrão apontamento ic circ int padrão cadastro novo modelo;Adequação de layout;cadastrar padrão apontamento circ int padrão cadastro novo modelo
cadastro padrão apontamento novo ic circ int circ int padrão cadastro novo modelo;Adequação de layout;cadastro padrão apontamento novo circ int circ int padrão cadastro novo modelo
redefini senhar usuario mykaellm desbloquear login;Corretiva;redefini senhar usuario mykaellm desbloquear login
iac smd idw offline problema intermitente iac smd idw offline;Corretiva;iac smd idw offline intermitente iac smd idw offline
sistema não imprimir etq produto modelo rede problema integração impresão etiqueta rede;Corretiva;imprimir etq produto modelo rede integração impresão etiqueta rede
falha impressão etq modelo pci pr impressão etiqueta iac;Corretiva;falha impressão etq modelo pci impressão etiqueta iac
cadastro padrão etq circ int padrão cadastro novo modelo;Corretiva;cadastro padrão etq circ int padrão cadastro novo modelo
modificação cadastro apontamento dat solicitar modificação temporário cadastro item abaixo viabilizar apontamento dat ic descrição circ int quantidade Bandeja temporário unidade alteração caráter paliativo objetivo contornar impossibilidade realizar apontamento bandeja quebra após apontamento cadastro dever restaurar padrão original unidade Bandeja modificação cadastro apontamento;Corretiva;modificação cadastro apontamento dat solicitar modificação temporário cadastro item abaixo viabilizar apontamento dat descrição circ int quantidade bandeja temporário unidade alteração caráter paliativo objetivo contornar impossibilidade realizar apontamento bandeja quebra após apontamento cadastro dever restaurar padrão original unidade bandeja modificação cadastro apontamento
cadastrar patrão apontamento novo etq ic padrão circ int circ int cadastro novo modelo;Adequação de layout;cadastrar patrão apontamento novo etq padrão circ int circ int cadastro novo modelo
cadastro padrão apontamento etiqueta ic circ int padrão bandeja cadastro novo modelo;Corretiva;cadastro padrão apontamento etiqueta circ int padrão bandeja cadastro novo modelo
cadastro padrão apontamento novo ic circ int padrão cadastro novo modelo;Corretiva;cadastro padrão apontamento novo circ int padrão cadastro novo modelo
circ int padrão bandeja cadastro novo modelo;Corretiva;circ int padrão bandeja cadastro novo modelo
circ int cadastrar padrão apontamento Bandeja cadastro novo modelo;Corretiva;circ int cadastrar padrão apontamento bandeja cadastro novo modelo
linha smd offline idw sistema idw offiline;Corretiva;smd offline idw idw offiline
linha idw offline iac smd idw offline;Corretiva;idw offline iac smd idw offline
cadastro padrão apontamento modelo abaixo circ int padrão cadastro novo modelo;Corretiva;cadastro padrão apontamento modelo abaixo circ int padrão cadastro novo modelo
cadatro novo ic padrão apontamento circ int circ int circ int cadastro novo modelo;Avaliação_Técnica;cadatro novo padrão apontamento circ int circ int circ int cadastro novo modelo
cadatro apontamento etq padrão Bandeja circ int m circ int m circ int m circ int m circ int m circ int circ int circ int cadastro novo modelo;Adequação de layout;cadatro apontamento etq padrão bandeja circ int circ int circ int circ int circ int circ int circ int circ int cadastro novo modelo
cadastro padrão apontamento novo ics padrão circ int circ int circ int circ int cadastro novo modelo;Adequação de layout;cadastro padrão apontamento novo ics padrão circ int circ int circ int circ int cadastro novo modelo
inclusão material rejeitado conforme imagem inclusão rejeito sisap idw;Corretiva;inclusão material rejeitado conforme imagem inclusão rejeito idw
habilitação sistema impressão mobilidade impressão etiqueta mm pci habilitação sistema impressão mob;Erro;habilitação impressão mobilidade impressão etiqueta pci habilitação impressão mob
tela relatório abaixo não linha montagem conj rede disponível combox após selecionar fase imc linha montagem conj rede não aparecer relatório;Corretiva;tela relatório abaixo montagem conj rede disponível combox após selecionar fase imc montagem conj rede aparecer relatório
análise ocorrência perda configuração impressora zebro perda configuração impressora zebro;Corretiva;análise ocorrência perda configuração impressora zebro perda configuração impressora zebro
bug fix ver prd cabeçario simples quebra usar recurso renderização pagina sem login senhar bug fix ver prd;Erro;bug fix ver prd cabeçario simples quebra usar recurso renderização pagina login senhar bug fix ver prd
realizar organização separamos equipamento descarte aqui posto ti organização posto ti;Melhorias;realizar organização separamos equipamento descarte aqui organização
disponível versão sisap nº disponível versão qa versão prod time infra favor atualizar deploy versão qa sisap homolog versão constar seguinte funcionalidade solicitação topdesk aumento limitador caracter descrição posto técnico ordem alimentação cadastro ponto disponível versão sisap nº;Nova instalação;disponível versão disponível versão versão prod time infra atualizar deploy versão versão constar seguinte funcionalidade topdesk aumento limitador caracter descrição técnico ordem alimentação cadastro ponto disponível versão
consumo componente mês select mjahr matnr bwart lgort bwart When then menger else Menge end qtd from matdoc where mjahr and Werks and bwart in and lgort and meim st group by mjahr Matnr bwart lgortr order by matnr função consumo componente mês;Melhorias;consumo componente mês select mjahr else menge end qtd from matdoc where mjahr and werks and bwart and lgort and meim group mjahr matnr função consumo componente mês
chamar relacionar chamado código glpi map semp tcl virtude decreto estadual vigor determinar toque recolher adotar novo carga horário adequar decreto posto modificar horário todo sistema afim obter métrica correto indicador quantidade produzer eficiência outro razão de isso fazer necessário atualização horário idw sistema correlato pois atual consulta ser executar base horário anterior gerar impacto produção medição indicador seguir novo carga horário vigorar desde ontem prever princípio início turno segunda sábado final turno segunda sábado dever frisar durante período descrever acima atividade segundo turno produção suspenso atualização horário idw;Melhorias;chamar relacionar chamado código glpi map semp tcl virtude decreto estadual vigor determinar toque recolher adotar novo carga horário adequar decreto modificar horário todo afim obter métrica correto indicador quantidade produzer eficiência outro razão fazer necessário atualização horário idw correlato pois atual consulta executar base horário anterior gerar impacto produção medição indicador seguir novo carga horário vigorar desde ontem prever princípio início turno segunda sábado final turno segunda sábado dever frisar durante período descrever acima atividade segundo turno produção suspenso atualização horário idw
criação relatório alvr relatório demonstrar item cadastrar manau conforme spec comparitlhar vio zoom relatorio cadastro eng prod;Melhorias;criação relatório alvr relatório demonstrar item cadastrar manau conforme zoom relatorio cadastro eng prod
abap chamar referência ecns emitir consulta ecns emitir abap ref;Melhorias;abap chamar referência ecns emitir consulta ecns emitir abap ref
criação modelagem dado módulo movimentação pessoal criação modelagem dado workflow aprovação criação estrutura banco dado ambiente desenvolvimento homologação banco dado portalrh módulo mp;Melhorias;criação modelagem módulo movimentação pessoal criação modelagem workflow aprovação criação estrutura banco ambiente desenvolvimento homologação banco portalrh módulo
migrar chamar tabela módulo parada linha banco banco migrar módulo parada linha;Melhorias;migrar chamar tabela módulo parada banco banco migrar módulo parada
migrar chamado tabela ordem produção migrar tabela ordem produção;Melhorias;migrar chamado tabela ordem produção migrar tabela ordem produção
incluir registro erro leitura item amarração posto amarração fechamento lote sisap incluir registro falha leitura item amarração;Melhorias;incluir registro erro leitura item amarração amarração fechamento lote incluir registro falha leitura item amarração
integrar dado tabela funcionário status férias departamento demais demandar necessidade adequação dado tabela portalrh;Melhorias;integrar tabela funcionário status férias departamento demais demandar necessidade adequação tabela portalrh
migração relatório sisap sipap migração relatório sipap;Melhorias;migração relatório sipap migração relatório sipap
amostra tabela mapeamento campo importar amostragem dado pli x sisap;Avaliação_Técnica;amostra tabela mapeamento campo importar amostragem pli
criar serviço retornar informação confidencial funcionário validar solicitante permissão visualizar informação serviço busca dado sensível funcionário;Melhorias;criar serviço retornar informação confidencial funcionário validar solicitante permissão visualizar informação serviço busca sensível funcionário
chamar basear chamado abrir glpi map código banco dado idw problema instabilidade indisponibilidade afetar diretamente aplicação processo produtivo iac banco hospedado servidor instabilidade indisponibilidade banco dado idw;Erro;chamar basear chamado abrir glpi map código banco idw instabilidade indisponibilidade afetar diretamente aplicação processo produtivo iac banco hospedado servidor instabilidade indisponibilidade banco idw
correção melhoria primeiro etapa ordem alimentação exportar arquivo insersora incluir casa decimal valor numérico coordenada xy ângulo ordenar campo partir shape package dividir dado linha possuir não possuir disponibilizar arquivo texto download modificação critério busca cruzamento dado cad listar técnico ordem alimentação correção melhoria;Melhorias;correção melhoria primeiro etapa ordem alimentação exportar arquivo insersora incluir casa decimal valor numérico coordenada ângulo ordenar campo partir shape package dividir possuir possuir disponibilizar arquivo texto download modificação critério busca cruzamento cad listar técnico ordem alimentação correção melhoria
aplicar correção sugerida aplicativo web conforme documentação Pentest externo aplicação recomendação segurança site;Melhorias;aplicar correção sugerida aplicativo web conforme documentação pentest externo aplicação recomendação segurança site
chamar correlato chamado ajustar camar visualização relatório importar sisap sipap maneira seadequar identidade visual sistema finalização views relatório sipap;Avaliação_Técnica;chamar correlato chamado ajustar camar visualização relatório importar sipap maneira seadequar identidade visual finalização views relatório sipap
atualização base dado tabela usuário funcionário trazer dado usuário funcionário unidade cajamar além inserir campo unificador dois tabela portal rh importação atualização dado usuário funcionário;Avaliação_Técnica;atualização base tabela funcionário trazer funcionário unidade cajamar além inserir campo unificador dois tabela portal importação atualização funcionário
posto embalagem pth linha apresentar lentidão conta execução rotina gravação serial tempo execução oscilar sisap lentidão posto embalagem iac radial;Corretiva;embalagem pth apresentar lentidão conta execução rotina gravação serial tempo execução oscilar lentidão embalagem iac radial
divergênciar valor diferença painel evap cond sipap painel produção sisap resolver painel produção divergêncer valor diferença painel arcon;Corretiva;divergênciar valor diferença painel evap cond sipap painel produção resolver painel produção divergêncer valor diferença painel arcon
chamar funcional texto requisição pedir pm gmt joao mende analise user exit copia documento dms texto requisição pedir compra analise user exit;Melhorias;chamar funcional texto requisição pedir exit copia documento dms texto requisição pedir compra analise user exit
função layout transação chamar funcional am gmt joao mende ajustir tela incial seleção contemplar salvamento variante tela ajustir variante tela;Melhorias;função layout transação chamar funcional gmt joao mende ajustir tela incial seleção contemplar salvamento variante tela ajustir variante tela
conversão blank peça funcional am gmt joao mende ajustir considerar campoerfmg seleção linha todo caso ondebpmng bk inve Campo mengir ajustir menge erfmg;Melhorias;conversão blank peça funcional gmt joao mende ajustir considerar campoerfmg seleção todo caso ondebpmng inve campo mengir ajustir
chamar correlato chamado sistema glpi map código sistema idw atribuir parar segundo referente motivo botão stop acionar registrar motivo aparecer inúmero parar durante dia sem ter acorrir ação botão pressionar erro registro parada;Erro;chamar correlato chamado glpi map código idw atribuir parar segundo referente motivo botão stop acionar registrar motivo aparecer inúmero parar durante ter ação botão pressionar erro registro parada
chamar correlato chamado sistema glpi código discrepância correção parada pareto parada onde aparecer registro corrigir defasagem correção pareto parada;Erro;chamar correlato chamado glpi código discrepância correção parada pareto parada onde aparecer registro corrigir defasagem correção pareto parada
saída Jeymerson gentileza liberer acesso aprovação requisição po nível gerencia facilitie manutenção predial sr Paulo sandrini reposição vaga desligamento;Melhorias;saída liberer aprovação requisição nível gerencia facilitie manutenção predial reposição vaga desligamento
salvar após salvar alteração tabela histórico conter campo anexo listado function comparar diferença estrutura pm gmt joao mende referencia op registro manutenção op melhoria log op;Melhorias;salvar após salvar alteração tabela histórico conter campo anexo listado function comparar diferença estrutura referencia registro manutenção melhoria log
execução procedur tabela listar abaixo adaptação novo horario funcionamento arcon partir dia abril início saída obs ainda não repassar horário intervalo tabela procedur filtro fabrica horario inicio fim porcedure criar horario novo associar novo registro revisar mudança horário sisap painel;Melhorias;execução procedur tabela listar abaixo adaptação novo horario funcionamento arcon partir abril início saída obs ainda repassar horário intervalo tabela procedur filtro fabrica horario inicio fim porcedure criar horario novo associar novo registro revisar mudança horário painel
incluir loop programa enviar registro tabela interno vez inclusão loop integraçãor ordem produção;Melhorias;incluir loop programa enviar registro tabela interno vez inclusão loop integraçãor ordem produção
incluir botão exclusão lote antes excluir valide documento material ser estornar validar nao documento material objeto autorização z validação acesso botão melhorio;Melhorias;incluir botão exclusão lote antes excluir valide documento material estornar validar nao documento material objeto autorização validação botão melhorio
alteração responsabilidade área fabrica manau engenharia qualidade gqm manutenção mpm passar responsabilidade tony diretor industrial produção ficar sobre responsabilidade Paulo sandrini di diretor industrial grupo comprador epm dever desmembrar enm engenharia pdm produção enm gerente ge higino diretor Tony ye neusa sato df pcc yuir pdm gerente ge higino diretor di Paulo sandrini neusa sato df pcc yuir alteração grupo comprador cod aprovacao;Melhorias;alteração responsabilidade área fabrica manau engenharia qualidade gqm manutenção mpm passar responsabilidade diretor industrial produção ficar sobre responsabilidade diretor industrial grupo comprador epm dever desmembrar enm engenharia pdm produção enm gerente diretor gerente diretor neusa sato pcc yuir alteração grupo comprador
enhancement chamar referencia incluir incluir coluna report last po price receber calculo select tabela inner join eina eine considerar resultado função onde matnr mtart zpap dever considerar consulta null considerar grande registro considerar tambem inclusão coluna Campo select usar nome campo po price unit caso campo não possuar valor branco melhoria unitprice purchase;Melhorias;enhancement chamar referencia incluir incluir coluna report last price receber calculo select tabela inner join eina eine considerar resultado função onde matnr mtart zpap dever considerar consulta null considerar grande registro considerar tambem inclusão coluna campo select usar nome campo price unit caso campo possuar valor branco melhoria unitprice purchase
log erro considerar transação programa dentro form considerar trazer consolidação coluna tabela sequencia datum uzeit ordem uname lote deslog levar consideração linha selecionar alv processamento transação sempre validar linha vês log melhorio;Melhorias;log erro considerar transação programa dentro form considerar trazer consolidação coluna tabela sequencia datum uzeit ordem uname lote levar consideração selecionar alv processamento transação sempre validar vês log melhorio
analise debug serviço serviço windows service integrator apontar conexãosap t serviço serviço windows service integrator;Corretiva;analise debug serviço serviço windows service integrator apontar conexãosap serviço serviço windows service integrator
reprocessamento job bi dia janeiro reprocessamento job bi dia;Corretiva;reprocessamento job janeiro reprocessamento job
projeto qa tela home sessão apresentação bi qualidade Merge request deploy projeto qa tela home sessão apresentação bi qualidade;Avaliação_Técnica;projeto tela home sessão apresentação qualidade merge request deploy projeto tela home sessão apresentação qualidade
integração sisap sap dado venda melhoria assist integração sisap sap dado venda melhoria assist;Melhorias;integração venda melhoria assist integração venda melhoria assist
sisap integrator service analise cassio estudo fluxo fazer melhoria aplicação identificar mudança centro trabalho vinda sap campo arbpl observar existir mudança código processo tabela lsaap fluxo negocio atualização sisap integrator service fazer melhoria aplicação identificar mudança centro trabalho vinda sap campo arbpl observar existir mudança código processo tabela lsaap fluxo negocio atualização sisap integrator service fazer melhoria aplicação identificar mudança centro trabalho vinda sap campo arbpl observar existir mudança código processo tabela lsaap fluxo negocio atualização sisap integrator melhoria;Melhorias;integrator service analise cassio estudo fluxo fazer melhoria aplicação identificar mudança centro trabalho vinda campo arbpl observar existir mudança código processo tabela lsaap fluxo negocio atualização integrator service fazer melhoria aplicação identificar mudança centro trabalho vinda campo arbpl observar existir mudança código processo tabela lsaap fluxo negocio atualização integrator service fazer melhoria aplicação identificar mudança centro trabalho vinda campo arbpl observar existir mudança código processo tabela lsaap fluxo negocio atualização integrator melhoria
pm gmt felipe nascimento power bi problema renderização bi produção iframe pm gmt felipe nascimento bi sisap produçâo;Erro;renderização produção iframe gmt felipe nascimento produçâo
elaboração documento Word não conformidade bugs envio bug encontrar apresentação portal intranet manau bug encontrar apresentação portal intranet manau;Erro;elaboração documento word conformidade bugs envio bug encontrar apresentação portal intranet manau bug encontrar apresentação portal intranet manau
verificação bi produção dia identificar pcp mudar programação dia ajuste refletir relatorio produção executar job processamento dia analise;Corretiva;verificação produção identificar mudar programação ajuste refletir relatorio produção executar job processamento analise
reunião alinhamento treinamento atividade relacionar mês junho reunião alinhamento desenvolvimento;Melhorias;reunião alinhamento treinamento atividade relacionar mês junho reunião alinhamento desenvolvimento
favor verificar tela sisap sessão bi opção dar tempo real aplicação não trazer resultado linha produção aplicação dado tempo real parado;Erro;tela sessão opção dar tempo real aplicação trazer resultado produção aplicação tempo real parado
incluir relatório produção diário x programa coluna diferença acumular mostrar valor produto ne somatório final página sisap inclusão coluna diferença acumular pdr x programa;Melhorias;incluir relatório produção diário programa coluna diferença acumular mostrar valor produto somatório final página inclusão coluna diferença acumular pdr programa
analisar remover usuario departamento lista amplitude remover usuario inativo departamento nao compatível regra negócio empresa analisar remover usuario departamento lista amplitude;Melhorias;remover usuario departamento lista amplitude remover usuario inativo departamento nao compatível regra negócio empresa remover usuario departamento lista amplitude
desenvolvimento aplicação web comunicação base dado sisap tv mao satisfazer um fase modulo projeto odf panel traceability check feeder app expansion to imc fg assembly line;Avaliação_Técnica;desenvolvimento aplicação web comunicação base mao satisfazer fase modulo projeto odf panel traceability check feeder app expansion imc assembly line
disponível versão sisap nº disponível versão prod versão qa favor atualizar deploy sisap dev versão constar seguinte funcionalidade commitada período check feeder app expansion to imc fg assembly line felipe nascimento adicionar funcionalidade obter linha obter posto composição etiqueta felipe nascimento funcionalidade imprimir qr coder felipe nascimento criar funcionalidade gerar etiqueta qr coder visualização impressora comum tela setup felipe nascimento criar procedure ler qr coder configuração setup configuração serviço vo dal funcionalidade felipe nascimento commitar atividade priorização outro demanr setor felipe nascimento iniciar funcionalidade salvar validar inserção validação ud felipe nascimento ajuste método procedur executar leitura preparação transformação base dado felipe nascimento incrementar funcionalidade executar operação coletar ud fornecedor numero serial felipe nascimento correção tela login compor forma corretar dado token felipe nascimento criação funcionalidade carregar tabela informação após confirmação ud ajuste criação procedure leitura insert tabela confirmação ud felipe nascimento retirar campo numero serial colocar campo documento correção procedur leitura tabela felipe nascimento adicionar validação ne etiqueta diferente checagem ne estrutura tabela lsaapitir felipe nascimento aumento tempo mensagem erro alerta felipe nascimento criar funcionalidade gerar relatorio leitura ud operação efetuar colaborador stored procedurar controller api felipe nascimento implementar tabela log aplicação capturar mensagem erro negocio stored procedurar algum erro regra tela felipe nascimento tela relatorio check operação mf felipe nascimento ajustar função colorir célula status felipe nascimento ajustir leyout painel felipe nascimento criação método backend resgatar dado painel usar procedure felipe nascimento primeiro interação javascript backend painel montagem final felipe nascimento melhoria designer painel backend dto acordo novo campo aplicação disponível versão sisap nº;Nova instalação;disponível versão disponível versão prod versão atualizar deploy dev versão constar seguinte funcionalidade commitada período check feeder app expansion imc assembly line adicionar funcionalidade obter obter composição etiqueta funcionalidade imprimir coder criar funcionalidade gerar etiqueta coder visualização impressora comum tela setup criar procedure ler coder configuração setup configuração serviço dal funcionalidade commitar atividade priorização outro demanr setor iniciar funcionalidade salvar validar inserção validação ajuste método procedur executar leitura preparação transformação base incrementar funcionalidade executar operação coletar fornecedor numero serial correção tela login compor forma corretar token criação funcionalidade carregar tabela informação após confirmação ajuste criação procedure leitura insert tabela confirmação retirar campo numero serial colocar campo documento correção procedur leitura tabela adicionar validação etiqueta diferente checagem estrutura tabela lsaapitir aumento tempo mensagem erro alerta criar funcionalidade gerar relatorio leitura operação efetuar colaborador stored procedurar controller api implementar tabela log aplicação capturar mensagem erro negocio stored procedurar algum erro regra tela tela relatorio check operação ajustar função colorir célula status ajustir criação método backend resgatar painel usar procedure primeiro interação javascript backend painel montagem final melhoria designer painel backend dto acordo novo campo aplicação disponível versão
correção dentro período ppt disponível versão sisap nº analise fluxo processo junto joarez linha mf bug fix relatorio defeito igual nulo lista defeito filtrar bug fix relatorio defeito;Corretiva;correção dentro período ppt disponível versão analise fluxo processo junto joarez bug fix relatorio defeito igual nulo lista defeito filtrar bug fix relatorio defeito
dado painel bi qualidade incorreto sem classificação correção dado painel bi qa;Corretiva;painel qualidade incorreto classificação correção painel
analise refatoração código impressão etiqueta rede problema atualização Código projeto após chegar letra az fatoração código serial rede atualização projeto;Corretiva;analise refatoração código impressão etiqueta rede atualização código projeto após chegar letra fatoração código serial rede atualização projeto
incluir validação nullr passar ponto deleção lina selectmblnrmjahrzeilesmblnfrommseg wheresmbln endif endif correção select;Melhorias;incluir validação nullr passar ponto deleção lina selectmblnrmjahrzeilesmblnfrommseg wheresmbln endif endif correção select
projeto migração Banco firebase analise google ai studio;Avaliação_Técnica;projeto migração banco firebase analise google studio
auditoria qpa plano açãoresponsável João mende destinatário equipe engenharia ti qualidade assunto ação corretivo melhoria após auditoria qpa principal ponto auditoria controle atual via excel desenvolver sistema check feeder rastrear modelo limpeza vida útil solda controle fifo insuficiente criar controle lote tempo base confirmação ot sap tabela qzeit dispositivo sensível umidade não registro tempo exposição implementar controle automatizar check feeder avaliação melhoria considerar fifo pagamento material wip tubo pasta solda hoje não controlar incluir controle projeto prazo responsável prever três melhoria principal stencil pasta solda msd técnico felipe nascimento analista sr desenvolvimento check feeder anexo auditoria todo item verificar plano ação atribuír projeto auditoria qpa;Avaliação_Técnica;auditoria qpa plano açãoresponsável joão mende destinatário equipe engenharia qualidade assunto ação corretivo melhoria após auditoria qpa principal ponto auditoria controle atual via excel desenvolver check feeder rastrear modelo limpeza vida útil solda controle fifo insuficiente criar controle lote tempo base confirmação tabela qzeit dispositivo sensível umidade registro tempo exposição implementar controle automatizar check feeder avaliação melhoria considerar fifo pagamento material wip tubo pasta solda hoje controlar incluir controle projeto prazo responsável prever três melhoria principal stencil pasta solda msd técnico nascimento analista desenvolvimento check feeder anexo auditoria todo item plano ação atribuír projeto auditoria qpa
contexto tcl implementar mudança etiqueta interno painel tv substituir código barro tradicional qr coder alteração não previamente comunicar equipe envolver gerar impacto processo leitura recebimento rastreabilidade correção importante identificar qr coder ultrapassar caracter diferente informação inicial indicar apenas caracter exigir revalidação sistema leitura processamento mudança etiqueta qr coder fornecedor;Melhorias;contexto tcl implementar mudança etiqueta interno painel substituir código barro tradicional coder alteração previamente comunicar equipe envolver gerar impacto processo leitura recebimento rastreabilidade correção importante identificar coder ultrapassar caracter diferente informação inicial indicar apenas caracter exigir revalidação leitura processamento mudança etiqueta coder fornecedor
título sugerir chamado ajustir job odf identificar transferência manual ud estoque descrição aprimorar job odf executa intervalo tempo configurar checagem leitura painel realizar coletor seguida meio transação rfc sap realizar movimentação ver serviço rest melhoria processo sistema identifique supervisor outro usuário realizar manualmente transferência ud estoque ação dever gerar aviso atualizar tabela exibir documento transferência garantir rastreabilidade consistência movimentação ajustir job odf identificar transferência manual ud estoque;Melhorias;título sugerir chamado ajustir job odf identificar transferência manual estoque descrição aprimorar job odf executa intervalo tempo configurar checagem leitura painel realizar coletor seguida meio transação rfc realizar movimentação ver serviço rest melhoria processo identifique supervisor outro realizar manualmente transferência estoque ação dever gerar aviso atualizar tabela exibir documento transferência garantir rastreabilidade consistência movimentação ajustir job odf identificar transferência manual estoque
título solicitação monitoramento grafana servidor web docker descrição servidor web hospedar docker host apresentar erro http 500 internal server error indicar possível falha aplicação sobrecargo recurso evitar recorrência garantir visibilidade proativo solicitamos criação monitoramento grafana alerta monitorar servidor grafana;Melhorias;título monitoramento grafana servidor web docker descrição servidor web hospedar docker host apresentar erro http internal server error indicar possível falha aplicação sobrecargo recurso evitar recorrência garantir visibilidade proativo solicitamos criação monitoramento grafana alerta monitorar servidor grafana
implementar segmentação painel produção painel separar tv arcon sisap separação painel produção tv arcon;Melhorias;implementar segmentação painel produção painel separar arcon separação painel produção arcon
bom dia ticket criar registrar desenvolvimento módulodate coder authenticator dca solução basear módulo udwip registro barcode desenvolvimento módulo date coder authenticator dca;Melhorias;ticket criar registrar desenvolvimento módulodate coder authenticator dca solução basear módulo udwip registro barcode desenvolvimento módulo date coder authenticator dca
fazer analise dado produção analisar junto joarez eduardar tratativa gatway sincronização analise logs servição bi produção;Corretiva;fazer analise produção junto joarez eduardar tratativa gatway sincronização analise logs servição produção
analise processamento jobs identificação erro processamento ação reprocessar passagem conhecimento joarez inicializar em esse ano administração aplicação dockerr administrar colaborador anterior não trabalhar empresa analise bi produção após féria coletivo;Corretiva;analise processamento jobs identificação erro processamento ação reprocessar passagem conhecimento joarez inicializar ano administração aplicação dockerr administrar colaborador anterior trabalhar empresa analise produção após féria coletivo
bom dia conforme apresentar reunião projeto dti projeto dever desenvolver módulo monitoramento equipamento industrial stencil motivação principal sistema permitir gestão inspeção manutenção ajuste equipamento industrial basear critério ciclo produção período específico verificação equipamento cada unidade produzir cada dia sistema permitir definir plano inspeção cada equipamento fazer acompanhamento ver dashboard item precisar verificação estarer trabalhar definição arquitetura de este módulo iniciar processo desenvolvimento atividade registrar em este ticket qualquer dúvida contato cordialmente oscar menez módulo monitoramento equipamento industrial mei stencil;Avaliação_Técnica;conforme apresentar reunião projeto dti projeto dever desenvolver módulo monitoramento equipamento industrial stencil motivação principal permitir gestão inspeção manutenção ajuste equipamento industrial basear critério ciclo produção período específico verificação equipamento cada unidade produzir cada permitir definir plano inspeção cada equipamento fazer acompanhamento ver dashboard item precisar verificação estarer trabalhar definição arquitetura módulo iniciar processo desenvolvimento atividade registrar ticket qualquer dúvida contato cordialmente módulo monitoramento equipamento industrial mei stencil
bi analise logs tabela bi dashboard produção tipo sustentação saúde aplicação categoria serviço bi dashboard produção ci sistema bi ambiente docker postgr grupo designar informar prioridade impacto urgência médio médio baixo solicitante informar responsável felipe nascimento resumo executivo análise aplicação docker base postgr garantir estabilidade dashboard produção descrição detalhar síntese verificação logs comportamento aplicação containers docker inspeção postgr foco integridade dashboard escopo verificação docker postgr solução bi histórico lançamento esforço realizar mês h tarefa concluído inspeção logs validação serviço docker checagem básico saúde base risco dependêncio necessidade janela inspeção produção anexo sugerir prints Logs container consulta diagnóstico postgresql bi analise logs tabela bi dashboard produção;Corretiva;analise logs tabela dashboard produção tipo sustentação saúde aplicação categoria serviço dashboard produção ambiente docker postgr grupo designar informar prioridade impacto urgência médio médio baixo solicitante informar responsável nascimento resumo executivo análise aplicação docker base postgr garantir estabilidade dashboard produção descrição detalhar síntese verificação logs comportamento aplicação containers docker inspeção postgr foco integridade dashboard escopo verificação docker postgr solução histórico lançamento esforço realizar mês tarefa concluído inspeção logs validação serviço docker checagem básico saúde base risco dependêncio necessidade janela inspeção produção anexo sugerir prints logs container consulta diagnóstico postgresql analise logs tabela dashboard produção
projeto integração característica material tipo integração evolução categoria serviço sap sisap material ci sistema ambiente homologação grupo designar informar prioridade impacto urgência médiaalta alto média solicitante informar responsável felipe nascimento resumo executivo análise tabela fluxo sincronismo material sap sisap parceiro cajamar maurício descrição detalhar síntese análise tabela item criação ajuste reprocessamento pareamento paulo cássio escopo sincronização característica material histórico lançamento esforço realizar mês h tarefa concluído análises reprocessamento alinhamento time externo risco dependêncio disponibilidade ambiente sapsisap dar mestre anexo sugerir scripts consulta checklist reprocesso integração característica material;Avaliação_Técnica;projeto integração característica material tipo integração evolução categoria serviço material ambiente homologação grupo designar informar prioridade impacto urgência médiaalta alto média solicitante informar responsável nascimento resumo executivo análise tabela fluxo sincronismo material parceiro descrição detalhar síntese análise tabela item criação ajuste reprocessamento pareamento escopo sincronização característica material histórico lançamento esforço realizar mês tarefa concluído análises reprocessamento alinhamento time externo risco dependêncio disponibilidade ambiente sapsisap dar mestre anexo sugerir scripts consulta checklist reprocesso integração característica material
sisap selflife melhoria coletor criação processamento tipo melhoria categoria serviço dado processo rastreabilidade ci sistema sisap selflife ambiente homologação produção parcial grupo designar informar prioridade impacto urgência alta alto média solicitante informar responsável felipe nascimento resumo executivo evolução coletor procedur carga processamento atualização uds dca conferência checkfeeder evitar insumo vencir descrição detalhar síntese criação ajustir procedur relatório processamento validação correspondência coleta linha produção escopo procedur carga processamento app coletor histórico lançamento esforço realizar mês h tarefa concluído procedur ajustar lógico atualização uds implementar risco dependêncio consistência dado coletar integração checkfeeder anexo sugerir scripts relatório evidência atualização selflife melhoria coletor criação processamento;Avaliação_Técnica;selflife melhoria coletor criação processamento tipo melhoria categoria serviço processo rastreabilidade selflife ambiente homologação produção parcial grupo designar informar prioridade impacto urgência alta alto média solicitante informar responsável nascimento resumo executivo evolução coletor procedur carga processamento atualização uds dca conferência checkfeeder evitar insumo vencir descrição detalhar síntese criação ajustir procedur relatório processamento validação correspondência coleta produção escopo procedur carga processamento app coletor histórico lançamento esforço realizar mês tarefa concluído procedur ajustar lógico atualização uds implementar risco dependêncio consistência coletar integração checkfeeder anexo sugerir scripts relatório evidência atualização selflife melhoria coletor criação processamento
bom dia conforme apresentar reunião projeto dti projeto dever desenvolver ummódulo monitoramento equipamento industrial stencil motivação principal sistemaé permitir gestão inspeção manutenção ajuste equipamento industrial basear emcritério ciclo produção período específico verificação equipamento cada produzir cada dia sistema permitir definir plano inspeção cadaequipamento fazer acompanhamento ver dashboard item precisar verificação estarer trabalhar definição arquitetura de este módulo iniciar processo dedesenvolvimento atividade registrar em este ticket referente mês qualquer dúvida contato cordialmente oscar menez módulo monitoramento equipamento industrial mei stencil;Avaliação_Técnica;conforme apresentar reunião projeto dti projeto dever desenvolver ummódulo monitoramento equipamento industrial stencil motivação principal sistemaé permitir gestão inspeção manutenção ajuste equipamento industrial basear emcritério ciclo produção período específico verificação equipamento cada produzir cada permitir definir plano inspeção cadaequipamento fazer acompanhamento ver dashboard item precisar verificação estarer trabalhar definição arquitetura módulo iniciar processo dedesenvolvimento atividade registrar ticket referente mês qualquer dúvida contato cordialmente módulo monitoramento equipamento industrial mei stencil
implementação estrutura sap connector responsável realizar consulta estrutura tabela ltap Lqua criação querie busca utilizar dto bem desenvolvimento método persistir resultado consulta arquivo visar futuro integração processo automação extrair dado estrutura sap Lqua ltap;Melhorias;implementação estrutura connector responsável realizar consulta estrutura tabela ltap lqua criação querie busca utilizar dto bem desenvolvimento método persistir resultado consulta arquivo visar futuro integração processo automação extrair estrutura lqua ltap
abap pm gmt eduardo Romero Jhemerson Cruz problema nf componel passar registrar quantidade zero teste ambiente t xml anexo teste subcontratação qtde zero;Avaliação_Técnica;eduardo romero jhemerson cruz componel passar registrar quantidade zero teste ambiente xml anexo teste subcontratação qtde zero
abap pm gmt eduardo Romero jhemerson Cruz romero conforme informar via teams sap apresentar erro abap durante processamento arquivo xml anexo ambiente produção favor verificar urgência fechamento pendência fiscal marklisson Soares nota dar erro abp nota dar entrada correto comprar xml verificar divergência erro nota;Corretiva;jhemerson conforme informar via teams apresentar erro abap durante processamento arquivo xml anexo ambiente produção urgência fechamento pendência fiscal marklisson nota dar erro abp nota dar entrada correto comprar xml divergência erro nota
Jhemerson Cruz apoio teste processo subcontratação empresa ventto teste subcontratação ventto;Melhorias;jhemerson cruz apoio teste processo subcontratação empresa ventto teste subcontratação ventto
não conseguir dar entrada xml par problema vtin xml par;Corretiva;conseguir dar entrada xml par vtin xml par
favor alterar fluxo aprovação manutenção predial facilitie usuário jeymersonn aprovador nivel gerencia paulots diretor di conforme anexo alteração fluxo aprovação man fsi;Melhorias;alterar fluxo aprovação manutenção predial facilitie jeymersonn aprovador nivel gerencia paulots diretor conforme anexo alteração fluxo aprovação man fsi
criação estratégia liberação manutenção predial objetivo separar qualidade manutenção manau manutenção limpeza manutenção limpeza manutenção limpeza alessandro saraivo qu aprovar requisição Jeymerson nascimento fs aprovar pedir criar fluxo aprovação manutenção predial;Melhorias;criação estratégia liberação manutenção predial objetivo separar qualidade manutenção manau manutenção limpeza manutenção limpeza manutenção limpeza aprovar requisição nascimento aprovar pedir criar fluxo aprovação manutenção predial
criação estratégia liberação sgi sistema gestão integrar andreia aprovar requisição Jeymerson nascimento fs aprovar pedir criar grupo sgi sistema gestão integrar;Melhorias;criação estratégia liberação sgi gestão integrar aprovar requisição nascimento aprovar pedir criar grupo sgi gestão integrar
substituir conforme jerry abaixo Jerry cascaes enviar maio eduardo maregar cc joao mende assunto r chamar abaper favor considerar chamado excluir cancelar chamado sds pm gmt jerry cascaes anexo analise funcional atender chamado usuário melhoria processo subcontratação;Melhorias;substituir conforme enviar maio chamar considerar chamado excluir cancelar chamado sds gmt jerry cascaes anexo analise funcional atender chamado melhoria processo subcontratação
chamar funcional erro entrada retorno subcontratação erro lançamento xml pm gmt jerry cascaes analise funcional fazer atender chamado erro entrada retorno subcontratação erro lançamento xml melhoria processo subcontratação;Melhorias;chamar funcional erro entrada retorno subcontratação erro lançamento xml gmt jerry cascaes analise funcional fazer atender chamado erro entrada retorno subcontratação erro lançamento xml melhoria processo subcontratação
chamar funcional am gmt jerry cascaes chamar funcional corrigir situação tributário operação cfop entrada subcontratação fazer transação corrigir entrada retorno subcontratação;Melhorias;chamar funcional gmt jerry cascaes chamar funcional corrigir situação tributário operação cfop entrada subcontratação fazer transação corrigir entrada retorno subcontratação
correção entrada subcontratação atender fornecedor empresa diferente tv arcon chamar funcional nota subcontratação subcontratação fornecedor empresa diferente;Melhorias;correção entrada subcontratação atender fornecedor empresa diferente arcon chamar funcional nota subcontratação subcontratação fornecedor empresa diferente
atualizar calculo saldo remessa considerar item indicar vez retorno insumo não utilizar chamar funcional erro entrada terceiro calculo item indicar vez;Corretiva;atualizar calculo saldo remessa considerar item indicar vez retorno insumo utilizar chamar funcional erro entrada terceiro calculo item indicar vez
relacionar am gmt jerry cascaes alteração sequencia escrituração fiscal retorno subcontratação levantamento funcional atender chamado abaixo padrão sap sequencia item sap igual xml erro alteração sequencia padrão sap;Corretiva;relacionar alteração sequencia escrituração fiscal retorno subcontratação levantamento funcional atender chamado abaixo padrão sequencia item igual xml erro alteração sequencia padrão
chamar origem am gmt jerry cascaes efetuar ajuste programa movimento sm saída estoque sc considerar não valor nf remessa valor tabela mbew avaliação material caso campo controle preço vprsv v utilizar valor campo verpr preço médio móvel caso s dever utilizar campo stprs preço padrão alteração valor movimento sm saída estoque sc subcontratação;Corretiva;chamar origem gmt jerry cascaes efetuar ajuste programa movimento saída estoque considerar valor remessa valor tabela mbew avaliação material caso campo controle preço vprsv utilizar valor campo verpr preço médio móvel caso dever utilizar campo stprs preço padrão alteração valor movimento saída estoque subcontratação
fazer alteração testar acessar servidor sql alteração sistema Metro acesso Sql;Melhorias;fazer alteração testar acessar servidor sql alteração metro sql
alteração sistema pcp acesso sql alteração sistema Pcp acesso sql;Nova instalação;alteração pcp sql alteração sql
solicitar acesso sistema portaria consulta movimentaçao veiculo sr Alexandre Maciel usuario alexandr solicitaçao acesso sistema portaria;Avaliação_Técnica;solicitar portaria consulta movimentaçao veiculo usuario alexandr solicitaçao portaria
acesso sistema portaria consulta colaborador nicolasm alexandr solicitaçao acesso sistema portaria;Avaliação_Técnica;portaria consulta colaborador nicolasm alexandr solicitaçao portaria
acesso sistema portaria visualizaçao movimentação veiculo acesso sistema portaria;Nova instalação;portaria visualizaçao movimentação veiculo portaria
solicitar acesso sistema portaria colaboradora empresa angeliro verificação informação dado veiculo transporte produto acabar quanto entrada saída acesso sistema portario;Nova instalação;solicitar portaria colaboradora empresa angeliro verificação informação veiculo transporte produto acabar quanto entrada saída portario
solicitar aprovação eduardo romero poder realizar abertura chamado topdesk nome seguinte problema encontrar sap campo destacar abaixo precisar flegado po ativo fixo improdutivo internacional uso consumo po atualização flag pedido improdutivo importação;Corretiva;solicitar aprovação poder realizar abertura chamado topdesk nome seguinte encontrar campo destacar abaixo precisar flegado ativo fixo improdutivo internacional uso consumo atualização flag pedido improdutivo importação
Cabo rede posto teste cabo rede posto teste eng;Melhorias;cabo rede teste cabo rede teste eng
inclusao fluxo aprovacao contrato despesa fixa area ti manau inclusao fluxo contrato ti mao;Melhorias;inclusao fluxo aprovacao contrato despesa fixa area manau inclusao fluxo contrato mao
instalação impressora zebrar local ver zoom instalação impressora zebrar local;Avaliação_Técnica;instalação impressora zebrar local ver zoom instalação impressora zebrar local
job realizar importação novo funcionario base samifolha sistema ponto eletronico nao funcionando devido migração Banco dado sami novo servidor favor verificar ajuste necessario spc q realizar tarefa falha job utilizar base samifolha;Corretiva;job realizar importação novo funcionario base samifolha ponto eletronico nao funcionando devido migração banco sami novo servidor ajuste necessario spc realizar tarefa falha job utilizar base samifolha
favor migrar impressao etiqueta anatel hoje realizar sistema etqproduto impressivel imprimir atrave sisap migração funcionalidade;Melhorias;migrar impressao etiqueta anatel hoje realizar etqproduto impressivel imprimir atrave migração funcionalidade
favor conceder permissão usuario tiagoc novo colaborador engenharia arcon guia cadastro sistema Metro liberação acesso sistema Metro;Nova instalação;conceder permissão usuario tiagoc novo colaborador engenharia arcon guia cadastro metro liberação metro
equipe infraestrutura fazer processo migração gradual nome domínio site por sipap apresentar problema funcionalidade conexão após mudança necessário debugar aplicação descobrir qual arquivo sofrer alteração troca de esse dns backend frontend projeto sipap homologação executar correção junto equipe infraestrutura próprio depoy existente sipap homolog não funcionar mudança dns;Corretiva;equipe infraestrutura fazer processo migração gradual nome domínio site sipap apresentar funcionalidade conexão após mudança necessário debugar aplicação descobrir arquivo sofrer alteração troca dns backend frontend projeto ação executar correção junto equipe infraestrutura próprio depoy existente funcionar mudança dns
favor ajustar tela cadastro motivo parada linha conforme alinhamento reuniao manutenção tela cadastro motivo parada;Melhorias;ajustar tela cadastro motivo parada conforme alinhamento reuniao manutenção tela cadastro motivo parada
verificar procedure causar falhar job sisap atualizar plano produção conforme primeiro analise campo duplicado valor referente ano campo duplicar job acusar falha executar;Corretiva;procedure causar falhar atualizar plano produção conforme primeiro analise campo duplicado valor referente ano campo duplicar job acusar falha executar
elaboração budget elaboração budget;Melhorias;elaboração budget elaboração budget
colaboradora vivi ler não conseguir acessar sistema sisap usuario sem acesso sisap;Corretiva;colaboradora vivi ler conseguir acessar usuario
correção ajuste apontar dataside procedure query sem filtro ajustir procedure;Melhorias;correção ajuste apontar dataside procedure query filtro ajustir procedure
consultor pedido infraestrutura relativo requisição sipap tela principal loop conexão cada segundo analise conexão sipap muito conexão segundo;Melhorias;consultor pedido infraestrutura relativo requisição sipap tela principal loop conexão cada segundo analise conexão sipap conexão segundo
Banco dado auxilio analise processamento banco banco dado auxilio analise processamento Banco;Corretiva;banco auxilio analise processamento banco banco auxilio analise processamento banco
balanca selfhost analise projeto balança preparação ambiente testar novo balanca selfhost preparação ambiente teste código balanca selfhost visita teste laboratório toledo balança pix balanca selfhost prix toledo;Avaliação_Técnica;selfhost analise projeto balança preparação ambiente testar novo selfhost preparação ambiente teste código selfhost visita teste laboratório toledo balança pix selfhost prix toledo
levar vms vcenter levar vms;Melhorias;levar vms vcenter levar vms
grupo exceção ad grupo exceção ad;Melhorias;grupo exceção grupo exceção
analise junto Jarlisson site jit demanda processamento banco alto analise;Erro;analise junto jarlisson site jit demanda processamento banco alto analise
favor analisar melhoria sugerer dataside procedure cbobterdefeito analise melhoria;Melhorias;melhoria sugerer dataside procedure cbobterdefeito analise melhoria
eliminar serviço balança serviço balança;Melhorias;eliminar serviço balança serviço balança
conforme solicitação rh favor excluir menu intranet manau viagem hospedagem manutenção intranet;Adequação de layout;conforme excluir menu intranet manau viagem hospedagem manutenção intranet
correção dentro período ppt versão sisap nº analise fluxo processo defeito painel junto felipe linha mf acompanhamento report testar linha mf supervisão helano analise fluxo processo defeito painel junto felipe linha mf;Corretiva;correção dentro período ppt versão analise fluxo processo defeito painel junto testar supervisão helano analise fluxo processo defeito painel junto
favor ajustar link acesso sistema manutenção softman novo link atualização intranet mao;Melhorias;ajustar link manutenção novo link atualização intranet mao
organizar show room organização show room;Melhorias;organizar show room organização show room
título melhorar monitoramento temperatura sala servidor grafana descrição atualmente apenas ponto próximo saída servidor capturar temperatura sala solicitamos ampliar monitoramento incluir dado demais câmera sensor disponível exibir informação painel grafana requisito leitura temperatura todo ponto disponível ex câmera sensor adicional painel grafana métrico organizar Labels descritivo temperatura saída servidor temperatura ambiente temperatura ambiente b visualmente temperatura ex faixa cor normal alertar crítico alerta variação padrão justificativa monitoramento detalhar temperatura essencial prevenir falha superaquecimento garantir estabilidade serviço alertar vermelho temperatura sala servidor;Melhorias;título melhorar monitoramento temperatura sala servidor grafana descrição atualmente apenas ponto próximo saída servidor capturar temperatura sala solicitamos ampliar monitoramento incluir demais câmera sensor disponível exibir informação painel grafana requisito leitura temperatura todo ponto disponível câmera sensor adicional painel grafana métrico organizar labels descritivo temperatura saída servidor temperatura ambiente temperatura ambiente visualmente temperatura faixa cor normal alertar crítico alerta variação padrão justificativa monitoramento detalhar temperatura essencial prevenir falha superaquecimento garantir estabilidade serviço alertar vermelho temperatura sala servidor
verificação diário produção verificação diário;Melhorias;verificação diário produção verificação diário
pesquisa prototipação stencil backend sipap estrutura completo rastreabilidade estêncel incluir identificação ud histórico detalhar evento protótipo funcional backend endpoints rest aplicação regra negócio histerese sla bloqueio interface inicial filtro dinâmico timeline preparar controle acesso ver rbac mecanismos auditoria exportação formato Json integração futuro dev api externo core postgresql Docs api seguro integração banco dado existente sem utilização Migrations documentação completo ver Swagger openapi incluir versionamento logs estruturar health check monitoramento aplicação container docker deploy variável ambiente configurado imc reaproveitamento estoque análise problema dat alteração sistema checkfeeder desconsiderar leitura código fornecedor análise viabilidade constatar mudança impactario fluxo crítico regra negócio outro aplicação reportar líder ti João mende comunicar demais colaborador setor produção incidente docker valkey gunicorn problema docker produção painel online tratativa realizar conjunto joarez crítico mitigar restaurar estabilidade ambiente ajuste recurso timeouts health check erro conexão aumentar disponibilidade serviço iac análise bugs problema funcionalidade inserção defeito posto embalagem chamar evidência técnico desenvolvedor responsável visar correção melhoria bugs crítico execução teste regressão logs rastreabilidade auditoria hotfix acompanhar release note op produção siplace análise projeto odf identificar algum ops linha iac não contemplado estrutura coleta linha utilizar máquina siplace enquanto linha operar máquina fuji não passar checkfeeder registrar ajuste escopo projeto sisap crachá cartão padrão análise paulo Henrique Jarlisson sobre amostra crachás padrão leitura reconhecer sisap reportar Jarlisson xavier jordano responsável contato fornecedor confecção crachás diagnóstico ajustar regra tratamento cartão não conforme desenvolver bug fix paulo atualmente análise decisão aplicação designer resumo hora hora realizar planejar dia dia realizar planejar planejado cumprir resumo mensal atividade;Retorno;pesquisa prototipação stencil backend sipap estrutura completo rastreabilidade estêncel incluir identificação histórico detalhar evento protótipo funcional backend endpoints rest aplicação regra negócio histerese sla bloqueio interface inicial filtro dinâmico timeline preparar controle ver rbac mecanismos auditoria exportação formato json integração futuro externo core postgresql docs api seguro integração banco existente utilização migrations documentação completo ver openapi incluir versionamento logs estruturar health check monitoramento aplicação container docker deploy variável ambiente configurado imc reaproveitamento estoque análise dat alteração checkfeeder desconsiderar leitura código fornecedor análise viabilidade constatar mudança impactario fluxo crítico regra negócio outro aplicação reportar líder comunicar demais colaborador setor produção incidente docker valkey gunicorn docker produção painel online tratativa realizar conjunto joarez crítico mitigar restaurar estabilidade ambiente ajuste recurso timeouts health check erro conexão aumentar disponibilidade serviço iac análise bugs funcionalidade inserção defeito embalagem chamar evidência técnico desenvolvedor responsável visar correção melhoria bugs crítico execução teste regressão logs rastreabilidade auditoria hotfix acompanhar release note produção siplace análise projeto odf identificar algum ops iac contemplado estrutura coleta utilizar máquina siplace enquanto operar máquina fuji passar checkfeeder registrar ajuste escopo projeto crachá cartão padrão análise paulo sobre amostra crachás padrão leitura reconhecer reportar responsável contato fornecedor confecção crachás diagnóstico ajustar regra tratamento cartão conforme desenvolver bug fix paulo atualmente análise decisão aplicação designer resumo hora hora realizar planejar realizar planejar planejado cumprir resumo mensal atividade
fazer analise junto joarez servidor teste abertura chamado cassio Jarlisson verificação analise infraestrutura primeiro medida planejamento desenvolvimento fazer primeiro analise ferramenta programada fevereiro estudo teste poc servidor imagem vídeo compatível integração sisap;Avaliação_Técnica;fazer analise junto joarez servidor teste abertura chamado verificação analise infraestrutura primeiro medida planejamento desenvolvimento fazer primeiro analise ferramenta programada fevereiro estudo teste poc servidor imagem vídeo compatível integração
bom dia conforme conversar time gestão dti manau fazer poc paraestudar viabilidade uso câmera industrial basler keyence captura dado dobarcoder usar processo iac acordo viabilidade técnico atividade tornar projeto odesenvolvimento solução demanda iac ticket abrir registrar atividade março atividade realizar leitura barcode partir imagem leitura barcode partir imagem câmera Basler integração câmera sistema inspeção visual disparo comando registro imagem partir sistema inspeção visual posicionamento câmera linha produção teste início ajuste sistema leitura barcode partir imagem capturar linha produção atividade pendente ajustar processo captura imagem definir processo disparo câmera linha captura imagem deixar sistema teste linha validar resultado captura imagem integrar captura imagem sisap poc visão computacional leitura barcode iac;Melhorias;conforme conversar time gestão dti manau fazer uso câmera industrial basler keyence captura dobarcoder usar processo iac acordo viabilidade técnico atividade tornar projeto odesenvolvimento solução demanda iac ticket abrir registrar atividade março atividade realizar leitura barcode partir imagem leitura barcode partir imagem câmera integração câmera inspeção visual disparo comando registro imagem partir inspeção visual posicionamento câmera produção teste início ajuste leitura barcode partir imagem capturar produção atividade pendente ajustar processo captura imagem definir processo disparo câmera captura imagem deixar teste validar resultado captura imagem integrar captura imagem poc visão computacional leitura barcode iac
correção adequação entrada subcontratação jimmy correção empresa Jimmy;Corretiva;correção adequação entrada subcontratação correção empresa jimmy
solicitar configuração pc sistema samir configuração integração sami x fap onliner;Nova instalação;solicitar configuração samir configuração integração sami fap onliner
tirar necessidade usuário fazer cadastro manualmente novo item ecn exemplo item mudar ne xxxxxx yyyyyy através ecn então sistema ir fazer automaticamente cadastro item novo yyyyyy sem necessidade usuário dar input manualmente incluir cadastro automático;Melhorias;tirar necessidade fazer cadastro manualmente novo item ecn exemplo item mudar xxxxxx yyyyyy ecn então fazer automaticamente cadastro item novo yyyyyy necessidade dar input manualmente incluir cadastro automático
alteração item fabrico tv fabrica arcon hipot balança digital sistema Metro alteração item;Corretiva;alteração item fabrico fabrica arcon hipot balança digital metro alteração item
sistema Metro não abrir vide anexo mensagem erro não acessar sistema Metro;Corretiva;metro abrir vide anexo mensagem erro acessar metro
não abrir sistema portaria legado vide anexo mensagem erro sistema legar portaria não abrir sistema portario;Erro;abrir portaria legado vide anexo mensagem erro legar portaria abrir portario
não abrir sistema Metro preciso de este sistema atuar não conformidade auditoria interno assim não terr nenhum não conformidade auditoria externo anexo mensagem erro não acessar sistema Metro;Erro;abrir metro preciso atuar conformidade auditoria interno assim terr nenhum conformidade auditoria externo anexo mensagem erro acessar metro
erro sistema Metro acontecer máquina carla vide anexo mensagem erro dado máquina dado usuário carlans nome computador endereço ip não acessar sistema Metro;Corretiva;erro metro acontecer máquina carla vide anexo mensagem erro máquina carlans nome computador endereço acessar metro
não acessar sistema legar Metro lembrar abrir chamado segundo feira chamar preciso urgente sistema voltar funcionar pois precisar corrigir calibração auditoria externo não acessar sistema Metro;Corretiva;acessar legar metro lembrar abrir chamado segundo feira chamar preciso urgente voltar funcionar pois precisar corrigir calibração auditoria externo acessar metro
usuario nao logar sisap problema logar sisap;Corretiva;usuario nao logar logar
bom dia recuperação pasta rmar mês fevereiro rodrigo cota apagar data exclusa nome rodrigo inojoso recuperaco arquivo excel;Retorno;recuperação pasta rmar mês fevereiro cota apagar data nome inojoso recuperaco arquivo excel
manutenção tablet manutenção;Melhorias;manutenção tablet manutenção
recuperar senha rede login ismaelss recuperar senha rede;Corretiva;recuperar senha rede login ismaelss recuperar senha rede
configuração sistema sap layout configurar sap;Adequação de layout;configuração layout configurar
solicitação ramal líder leandro queiroz substoque solicitação ramal;Nova instalação;ramal líder ramal
erro pc sem rede conexão sap sem rede conexão;Erro;erro rede conexão rede conexão
troca máquina motivo solicito instalação sisap configuração sap;Nova instalação;troca máquina motivo instalação configuração
instalação configuração outlook configuração outlook;Nova instalação;instalação configuração outlook configuração outlook
instalação sistema instalação sistema;Nova instalação;instalação instalação
solicitar meio de este autorização sistema portaria modulo fiscar usuário giovannaar liberação sistema portaria;Avaliação_Técnica;solicitar meio autorização portaria modulo fiscar giovannaar liberação portaria
solicitar novamente acesso sitema portaria modul fiscal par usuario giovannaar liberação sistema portaria;Nova instalação;solicitar novamente sitema portaria modul fiscal par usuario giovannaar liberação portaria
solicito intalação aplicativo novo computador sistema portaria;Nova instalação;intalação aplicativo novo computador portaria
atualizar regra ativar ordem alimentação não poder ter item duplicidade não poder faltar item não poder ter item sistema precisar ter sincronismo alteração sap planoedp independente modo ordem alimentação gerar precisar atender regra acima item duplicidade;Corretiva;atualizar regra ativar ordem alimentação poder ter item duplicidade poder faltar item poder ter item precisar ter sincronismo alteração planoedp independente modo ordem alimentação gerar precisar atender regra acima item duplicidade
permiti duplicidade cadastro ne mesmo locação ordem alimentação sistema não dever permitir pois impressão ordem alimentação sair estar errado consequentemente gerar erro processo não permitir duplicidade cadastro ne ordem alimentação;Corretiva;permiti duplicidade cadastro locação ordem alimentação dever permitir pois impressão ordem alimentação sair errado consequentemente gerar erro processo permitir duplicidade cadastro ordem alimentação
erro iniciar acesso sistema sem acesso sistema planoedp;Corretiva;erro iniciar planoedp
registro demanda solicitar via teams solicitação análise erro visualização ordem alimentação captura tela erro ordem alimentação;Erro;registro demanda solicitar via teams análise erro visualização ordem alimentação captura tela erro ordem alimentação
consulta banco placa imc paga ne;Avaliação_Técnica;consulta banco placa imc paga
criar relatório visualizar todo produto embalar período item amarrar produção aopção exportação excel listar item amarrar produto;Melhorias;criar relatório visualizar todo produto embalar período item amarrar produção aopção exportação excel listar item amarrar produto
sistema leitura linha rede ultimamente apresentar muito lentidão sistema lentidão;Melhorias;leitura rede ultimamente apresentar lentidão lentidão
desamarrar série realizar leitura fase top desamarrar série;Melhorias;desamarrar série realizar leitura fase top desamarrar série
encontrar número série modelo top não embalar fase smd série não embalar;Avaliação_Técnica;encontrar número série modelo top embalar fase smd série embalar
melhorar visualização informação rastreamento número série tela rastreio pci;Melhorias;melhorar visualização informação rastreamento número série tela rastreio pci
filtrar somente número série não embalar respectivo modelo não importar linha modelo rodar relatório produto;Melhorias;filtrar somente número série embalar respectivo modelo importar modelo rodar relatório produto
desamarrar série;Melhorias;desamarrar série
diferença informação quantidade baixa sisap sap baixo scrap iac;Erro;diferença informação quantidade baixa baixo scrap iac
tela inicial detalhamento item mostrar quantidade caixa coletivo invés volume tela cadastro mostrar três campo tamanho pallet tamanhar Caixa coletivo volumer adicionar campo tamanho caixa coletivo detalhamento item;Melhorias;tela inicial detalhamento item mostrar quantidade caixa coletivo invés volume tela cadastro mostrar três campo tamanho pallet tamanhar caixa coletivo volumer adicionar campo tamanho caixa coletivo detalhamento item
realização teste avaliação sw versão modelo quebra fifo Imc;Melhorias;realização teste avaliação versão modelo quebra fifo
erro informação motivo parada registrar motivo ir consultar aparecer outro parar linha;Erro;erro informação motivo parada registrar motivo consultar aparecer outro parar
etiqueta numeração divergente etiqueta numeração divergente;Melhorias;etiqueta numeração divergente etiqueta numeração divergente
filtrar motivo parada linha motivo parada linha;Melhorias;filtrar motivo parada motivo parada
solicitação urgência realizar teste avaliação sw versão modelo necessário quebreer fifo placa paga imc solicitar retirar obrigatoriedade leitura posto entrada quebra fifo Imc;Melhorias;urgência realizar teste avaliação versão modelo necessário paga imc solicitar retirar obrigatoriedade leitura entrada quebra fifo
desamarrar série realização leitura iac desamarrar série;Corretiva;desamarrar série realização leitura iac desamarrar série
desamarrar série anexo desamarrar série;Corretiva;desamarrar série anexo desamarrar série
realizar número série Anexo realizo;Corretiva;realizar número série anexo realizo
realizar número anexo realizar;Corretiva;realizar número anexo realizar
desamarrar série realização leitura fase smd desamarrar série;Corretiva;desamarrar série realização leitura fase smd desamarrar série
solicitar acesso sistema colaboradora hellen santo oliveira drt técnico imc acesso sistema planoedp;Nova instalação;solicitar colaboradora técnico imc planoedp
erro recebimento lote placa não embalar imc apresentar mensagem ler em esse etapa erro recebimento lote mf sisap;Erro;erro recebimento lote placa embalar imc apresentar mensagem ler etapa erro recebimento lote
criar ordem embalagem placa retrabalhar ordem não necessitar realizar apontamento sap efeito rastreabilidade rastreabilidade placa retrabalho;Corretiva;criar ordem embalagem placa retrabalhar ordem necessitar realizar apontamento efeito rastreabilidade rastreabilidade placa retrabalho
adequar estrutura requisição compra adição estrutura aprovação Centro custo;Melhorias;adequar estrutura requisição compra adição estrutura aprovação centro custo
alteração tabela usuário Departamento usuário hellenso uso sistema planoedp manter padrão prod campo Departamento atualmente usuário constar alteração depto tabela usuário;Corretiva;alteração tabela departamento hellenso uso planoedp manter padrão prod campo departamento atualmente constar alteração depto tabela
transação visualizar backflush realizar status ok porém consumo não realizar total problema consumo sap;Avaliação_Técnica;transação visualizar backflush realizar status porém consumo realizar total consumo
sisap permitir realizar leitura op encerrado desde mês junho sisap aceitar leitura op encerrado;Corretiva;permitir realizar leitura encerrado desde mês junho aceitar leitura encerrado
excluir registro defeito relatório técnico placa série excluir registro relatório técnico;Corretiva;excluir registro defeito relatório técnico placa série excluir registro relatório técnico
relatório técnico não aparecer estrutura componente placa Skd não dar baixa defeito abrir modelo ne registro defeito placa Skd;Melhorias;relatório técnico aparecer estrutura componente placa skd dar baixa defeito abrir modelo registro defeito placa skd
liberar acesso sistema plano edp técnica viviane vivianeac ajudar atividade diário acesso plano edp;Adequação de layout;liberar plano edp técnica ajudar atividade diário plano edp
melhoria ganhar mão obra eliminar posto recebimento lote placa montagem final eliminar posto recebimento lote mf;Avaliação_Técnica;melhoria ganhar mão obra eliminar recebimento lote placa montagem final eliminar recebimento lote
registro solicitação fazer via canal comunicação teams demandar exclusão defeito serial imc motivo lançamento indevido exclusão defeito lançamento indevido;Corretiva;registro fazer via canal comunicação teams demandar exclusão defeito serial imc motivo lançamento indevido exclusão defeito lançamento indevido
lote ne circ int quantidade incorreto quantidade correto lote correção quantidade lote memória;Erro;lote circ int quantidade incorreto quantidade correto lote correção quantidade lote memória
demanda registro demanda ajustir serial duplicar lote;Corretiva;demanda registro demanda ajustir serial duplicar lote
registro demanda via teams exclusão registro defeito duplicar sistema registro demanda exclusao lançamento defeito duplicar;Corretiva;registro demanda via teams exclusão registro defeito duplicar registro demanda exclusao lançamento defeito duplicar
demanda favor ajustar lote sap qtd precisamo realizar ajustir multiplo apontar qtd correta registro demanda ajustir lote rede sala gravação;Corretiva;demanda ajustar lote qtd precisamo realizar ajustir multiplo apontar qtd correta registro demanda ajustir lote rede sala gravação
troca cor informação aparecer posto embalagem não passar posto anterior posto teste troca cor sisap embalagem;Melhorias;troca cor informação aparecer embalagem passar anterior teste troca cor embalagem
embalagem automático placa imc pós teste linha embalagem automático;Melhorias;embalagem automático placa imc pós teste embalagem automático
correção fechamento lote manual embalagem duplo sempre fechar manualmente lote cair qtde impedir envio sap correção fechamento lote manual embalagem duplo;Corretiva;correção fechamento lote manual embalagem duplo sempre fechar manualmente lote cair qtde impedir envio correção fechamento lote manual embalagem duplo
criar posto leitura placa rede linha montagem final incluir registro defeito imc leitura placo rede mf;Melhorias;criar leitura placa rede montagem final incluir registro defeito imc leitura placo rede
mudança etiqueta marfinite descrição componente prejudicar falta espaço etiqueta necessário melhorar legibilidade tela ckeck facilitar identificação componente possível cada leitura código marfinite tela ir altura onde descrição componente após completar leitura completar lista deixar salvar líder colocar numero crachá valir completar transação melhoria tela ckeck líder linha;Melhorias;mudança etiqueta marfinite descrição componente prejudicar falta espaço etiqueta necessário melhorar legibilidade tela ckeck facilitar identificação componente possível cada leitura código marfinite tela altura onde descrição componente após completar leitura completar lista deixar salvar líder colocar numero crachá valir completar transação melhoria tela ckeck líder
solicitação ver teams desamarração seguinte numero serie leitura iac registro ver teams desamarração numero serie;Erro;ver teams desamarração seguinte numero serie leitura iac registro ver teams desamarração numero serie
verificar situação colaboradora marlu Campos assunção não aparecer app imc chamar check Imc parametrização check imc líder marlu Campos assunção;Corretiva;situação colaboradora marlu campos assunção aparecer app imc chamar check imc parametrização check imc líder marlu campos assunção
divergência lista técnico ordem alimentação x listar técnico op problema iniciar realizar mudança versão sap divergênciar ordem alimentação x op;Corretiva;divergência lista técnico ordem alimentação listar técnico iniciar realizar mudança versão divergênciar ordem alimentação
não permitir entrada copia colar tela recebimento lote imc pois possibilitar entrada lote manual burlar prática bipar lote placar fisicamente não permitir digitar tela constatar existir falta sequanciamento fifo último receber posto relação produção de esse modelo lote perceber linha não interferir outro recebimento verificar flag copia cola não funcionando corrigir abrir chamar manutenção corretivo recebimento lote imc;Melhorias;permitir entrada copia colar tela recebimento lote imc pois possibilitar entrada lote manual burlar prática bipar lote placar fisicamente permitir digitar tela constatar existir falta sequanciamento fifo último receber relação produção modelo lote perceber interferir outro recebimento flag copia cola funcionando corrigir abrir chamar manutenção corretivo recebimento lote imc
alteração roteiro marcar exclusão programa perder realizar apontamento falha apontamento;Erro;alteração roteiro marcar exclusão programa perder realizar apontamento falha apontamento
usuário mateusps necessitar acesso realizar atividade técnico liberação acesso;Avaliação_Técnica;mateusps necessitar realizar atividade técnico liberação
erro fechamento lote manual embalagem duplo fazer lote zerar quantidade impedir apontar sap preciso acinar ti corrigir quantidade lote erro fechamento lote manual embalagem duplo;Melhorias;erro fechamento lote manual embalagem duplo fazer lote zerar quantidade impedir apontar preciso acinar corrigir quantidade lote erro fechamento lote manual embalagem duplo
solicitar colaborador Jackson navegante santo acesso sistema checkimc perfil alimentador acesso colaborador sistema checkimc perfil alimentador;Corretiva;solicitar colaborador navegante santo checkimc perfil alimentador colaborador checkimc perfil alimentador
check imc problema cadastrar alimentação realimentação check data hora frente horário manau fazer correção op check imc problema cadastrar alimentação realimentação;Erro;check imc cadastrar alimentação realimentação check data hora frente horário manau fazer correção check imc cadastrar alimentação realimentação
fechamento mensal atividade task continuidade mês maio;Melhorias;fechamento mensal atividade task continuidade mês maio
alteração lista técnico imc aplicação check imc op solicitar colaborador jozifran Souza freita ne posiçâo sair componetar entrar componete alteração lista técnico check Imc op;Corretiva;alteração lista técnico imc aplicação check imc solicitar colaborador jozifran sair componetar entrar componete alteração lista técnico check imc
adaptação sistêmico processo montagem conj rede critica ne basear ordem mf amarração placo rede;Melhorias;adaptação sistêmico processo montagem conj rede critica basear ordem amarração placo rede
correção sequência lote fifo retorno obrigatoriedade linha recebimento lote Imc obrigatoriedade;Corretiva;correção sequência lote fifo retorno obrigatoriedade recebimento lote imc obrigatoriedade
alteração lista técnico imcpar aplicação check imc aop solicitar colaboradora rafaelly danta torr alteração lista técnico imcpar aplicação check imc aop;Corretiva;alteração lista técnico imcpar aplicação check imc solicitar colaboradora rafaelly danta torr alteração lista técnico imcpar aplicação check imc
registro solicitação fazer via teams quantidade zerar lote qtd zerar;Erro;registro fazer via teams quantidade zerar lote qtd zerar
registro solicitação fazer via teams captura tela ajustir lote;Corretiva;registro fazer via teams captura tela ajustir lote
auditoria rastreabilidade pci rede linha montagem final amarração placo rede;Melhorias;auditoria rastreabilidade pci rede montagem final amarração placo rede
projeto check feeder adaptar setor imc fabrico tv extensão check feeder setor imc;Avaliação_Técnica;projeto check feeder adaptar setor imc fabrico extensão check feeder setor imc
alteração colaborador aprovação aplicação sisap ajustir divergência amarração helanat paraingrids alteração aprovador motivo férias;Adequação de layout;alteração colaborador aprovação aplicação ajustir divergência amarração helanat paraingrids alteração aprovador motivo férias
correção relatório produção dia contingênciar correção relatório contingêncer;Erro;correção relatório produção contingênciar correção relatório contingêncer
solicitar pareamento fifo imc pareamento fifo imc;Corretiva;solicitar pareamento fifo imc pareamento fifo imc
sistema ondrive não atualizar tablet colaborador acessar mês dezembro registrar informação porém aparecer tudo novembro atualização on drive;Erro;ondrive atualizar tablet colaborador acessar mês dezembro registrar informação porém aparecer tudo novembro atualização drive
abap loteqa du ocultar coletor pm gmt ingrid lamego carioca descrição conforme reunião gostar otimizar atividade liberação produto área quarentena após análise detecção vazamento gás hoje fluxo seguir seguinte maneira acesso sap variante criar liberação excluir data lote criar n executar selecionar arcon selecionar ac unidade liberar tomar otimização liberação produto quarentena;Melhorias;abap loteqa ocultar coletor carioca descrição conforme reunião gostar otimizar atividade liberação produto área quarentena após análise detecção vazamento gás hoje fluxo seguir seguinte maneira variante criar liberação excluir data lote criar executar selecionar arcon selecionar unidade liberar tomar otimização liberação produto quarentena
solicitar acesso fssc subir nota fiscal pedido compra geração miro assim aprovação sisap;Nova instalação;solicitar fssc subir nota fiscal pedido compra geração miro assim aprovação
cadastrar ean ar condicionado instalaçao Permissao;Nova instalação;cadastrar ean condicionado instalaçao permissao
preciso criar login sisap copiar login herbertrm sisap;Avaliação_Técnica;preciso criar login copiar login
poder favor fazer melhoria sisap colocar data criaçao puder setar data poder fazer migraçao sap status avisar migrar não melhoria sisap;Melhorias;poder fazer melhoria colocar data criaçao puder setar data poder fazer status avisar migrar melhoria
sistema principio pedir atualizaçao atualizar aparecer erro querer colocar descriçao gerar novo ean erro aparecer caso colocar algum item ean pois dar erro database erro;Erro;principio pedir atualizaçao atualizar aparecer erro querer colocar descriçao gerar novo ean erro aparecer caso colocar algum item ean pois dar erro database erro
sistema aparecer areo trabalho dever atualizar erro;Erro;aparecer areo trabalho dever atualizar erro
preciso cadastro alterar codigo coloque codigo nao conseguir corrigir alterar registro intreno fazer correçao poder cadastrar outro ean sim;Corretiva;preciso cadastro alterar codigo coloque codigo nao conseguir corrigir alterar registro intreno fazer correçao poder cadastrar outro ean sim
thiago conseguiria favor serial painel lir hoje ne produto talvez consigar rastrear comparar sequencial código bipado ecn não material fábrica;Avaliação_Técnica;conseguiria serial painel lir hoje produto talvez consigar rastrear comparar sequencial código bipado ecn material fábrica
necessário visualizar taxa falha teste placa rede imc separar registro rede registro placa principal separar registro falha placo rede imc;Corretiva;necessário visualizar taxa falha teste placa rede imc separar registro rede registro placa principal separar registro falha placo rede imc
inspetor ismael Gomes user ismaelgsx fabian ferreira user fabianfs não ter permissão reabrir lote processo inspeção oba sisap conseguir efetuar processo inspeção ob porém caso fechamento indevido acidental sisap ficar impossibilitado reabrir inspeção liberar reabertura lote inspeção sisap oba;Corretiva;inspetor ter permissão reabrir lote processo inspeção oba conseguir efetuar processo inspeção porém caso fechamento indevido acidental ficar impossibilitado reabrir inspeção liberar reabertura lote inspeção oba
solicitar readequação roteador sala oba confiabilidade banda independente detecção rede haver modelo rodar somente frequência separação banda redes Rede cq oba;Melhorias;solicitar readequação roteador sala oba confiabilidade banda independente detecção rede modelo rodar somente frequência separação banda redes rede oba
retirar cálculo automático Campo meta inspeção vide linkr abaixo alterar referir campo input manual parametrizar inspetor base plano produção diário definição manual meta inspeção diário;Melhorias;retirar cálculo automático campo meta inspeção vide linkr abaixo alterar referir campo input manual parametrizar inspetor base plano produção diário definição manual meta inspeção diário
usuário cq abaixo não conseguir efetuar reabertura lote inspeção sisap edição necessário normalmente input alteração dado usuário luizpp elybm andersonss reabrir editar lote inspeção ob;Erro;abaixo conseguir efetuar reabertura lote inspeção edição necessário normalmente input alteração luizpp elybm andersonss reabrir editar lote inspeção
incluir novo checklists inspeção cq sisap substituição atual incluir checklists inspeção sisap posto oba;Melhorias;incluir novo checklists inspeção substituição atual incluir checklists inspeção oba
necessário incluir novo checklists inspeção oqc menu oba sisap atualmente registro realizar planilha excel incluir checklists inspeção sisap posto oba;Nova instalação;necessário incluir novo checklists inspeção oqc menu oba atualmente registro realizar planilha excel incluir checklists inspeção oba
solicitar inclusão novo checklist rotino inspeção produto função qualidade sistema sisap contatar hitle francisco dcq detalhe incluir novo checklist inspeção sisap posto oba;Melhorias;solicitar inclusão novo checklist rotino inspeção produto função qualidade contatar detalhe incluir novo checklist inspeção oba
solicitação input manual meta qtde amostra linha dia mf alinhamento metodologia amostragem ob input manual meta amostragem inspeção diário oba;Adequação de layout;input manual meta qtde amostra alinhamento metodologia amostragem input manual meta amostragem inspeção diário oba
solicitar restauração acesso usuário cq glaubercv não conseguir logar máquina assim não registrar inspeção nem avaliar produto tentar acessar aparecer msg tela banco dado segurança servidor não conta computador relação confiança de este estação trabalho restaurar conta acesso login;Erro;solicitar restauração conseguir logar máquina assim registrar inspeção avaliar produto tentar acessar aparecer msg tela banco segurança servidor conta computador relação confiança estação trabalho restaurar conta login
solicitar desassociação painel pa serial apresentar problema qualidade durante inspeção oqc desassociação painel pa;Corretiva;solicitar desassociação painel serial apresentar qualidade durante inspeção oqc desassociação painel
integração software asm novo linha smt coleta informação sistema controle produção sisap integração consistir coleta informação lançar sistema asm intepretação dado gravação banco dado salvar informação referente coleta serial contabilização passagem embalagem produto integração ordem alimentação sisap asm validar dado ordem produção lista descarte componente controlar insersora smt integração baixa componente sisap sap validação dado referente auditoria componente realizar sistema asm integração asm sisap;Melhorias;integração software asm novo smt coleta informação controle produção integração consistir coleta informação lançar asm intepretação gravação banco salvar informação referente coleta serial contabilização passagem embalagem produto integração ordem alimentação asm validar ordem produção lista descarte componente controlar insersora smt integração baixa componente validação referente auditoria componente realizar asm integração asm
inserir layout relatorio entrada saer carreta bau nome fornecedor inclusaõ campo relatorio portaria;Adequação de layout;inserir layout relatorio entrada saer carreta bau nome fornecedor inclusaõ campo relatorio portaria
gostaríamo adicionar função aba roteiro pudésser ter acesso relatório todo roteiro criar planto desenvolver função eventual caso pudésser fazer carga massa roteiro criação alteração desenvolver formato padrão usar upload carga massa sistema inclusão função roteiro;Melhorias;adicionar função aba roteiro pudésser ter relatório todo roteiro criar planto desenvolver função eventual caso pudésser fazer carga massa roteiro criação alteração desenvolver formato padrão usar upload carga massa inclusão função roteiro
relacionar chamado desenvolvimento de este chamado pm gmt herbert Rodrigues mendonça hoje sap não existir nenhum transação poder extrair sistema relatório todo roteiro criar sistema nem algum poder fazer alteração massa solicitar criar onde poder mesmo transação escolher extração excell alteração tela principal preciso poder colocar varia nes onde dever disponivel campo onde poder colocar planto mesmo tela preciso disponível campo data criação puxar nome responsável criação exemplo tela abaixo de esse campo preciso campo onde poder selecionar querer alterar informação roteiro massa caso ser selecionar alteração obrigatório uso template padrão estabeleci planilha excell anexo fomato excell preciso achar campo tela principal upload arquivo caso não vir selecionar alteração poder gerar arquivo extrair;Avaliação_Técnica;relacionar chamado desenvolvimento chamado herbert rodrigues mendonça hoje existir nenhum transação poder extrair relatório todo roteiro criar algum poder fazer alteração massa solicitar criar onde poder transação escolher extração excell alteração tela principal preciso poder colocar varia nes onde dever disponivel campo onde poder colocar planto tela preciso disponível campo data criação puxar nome responsável criação exemplo tela abaixo campo preciso campo onde poder selecionar querer alterar informação roteiro massa caso selecionar alteração obrigatório uso template padrão estabeleci planilha excell anexo fomato excell preciso achar campo tela principal upload arquivo caso vir selecionar alteração poder gerar arquivo extrair
problema cadastro matéria item não conseguir transferir alinhamento fazer via tems ingrid carioca cq permissão realizar transação transferência;Corretiva;cadastro matéria item conseguir transferir alinhamento fazer via tems ingrid carioca permissão realizar transação transferência
conforme alinhar paulo Costa necessario cadastro novo linha apontamento copper tube cnc descrição linha copper tubes cnc observação tubo transição copper tubes cnc obsrvação tubo capilar cadastro linha apontamento copper tube;Nova instalação;conforme alinhar necessario cadastro novo apontamento copper tube cnc descrição copper tubes cnc observação tubo transição copper tubes cnc obsrvação tubo capilar cadastro apontamento copper tube
atualmente realizar cadastro item módulo rastreabilidade cadastro detalhamento item onde registrar ne seguinte componente ac cond evap kit recentemente enfrentar problema produção devido falta informação essencial em esse cadastro além erro recorrente descrição item evitar recorrência de esse falha precisar implementar regra obrigatoriedade mecanismo sinalização erro campo crítico cadastro validação dever garantir informação indispensável preenchir corretamente antes conclusão registro reduzir inconsistência aumentar confiabilidade processo anexo segar informação obrigatoriedade campo cadastro item;Melhorias;atualmente realizar cadastro item módulo rastreabilidade cadastro detalhamento item onde registrar seguinte componente cond evap kit recentemente enfrentar produção devido falta informação essencial cadastro além erro recorrente descrição item evitar recorrência falha precisar implementar regra obrigatoriedade mecanismo sinalização erro campo crítico cadastro validação dever garantir informação indispensável preenchir corretamente antes conclusão registro reduzir inconsistência aumentar confiabilidade processo anexo segar informação obrigatoriedade campo cadastro item
alteração sistema liberação quarentena agora ir liberar produto sem ac coletor necessário fazer alteração alinhar leandro pagan alteração sistema liberação quarentena;Melhorias;alteração liberação quarentena agora liberar produto necessário fazer alteração alinhar alteração liberação quarentena
precisar criar material kit chave colocar aba classificaçao onde abriar campo colocar informaçao sistema sisap pegar informaçao forma automatica criacao chave aba classificaçao kit acessorio;Avaliação_Técnica;precisar criar material kit chave colocar aba classificaçao onde abriar campo colocar informaçao pegar informaçao forma automatica criacao chave aba classificaçao kit acessorio
sipap melhoria formulário cadastro modelo eng tipo melhoria evolução aplicação categoria serviço engenharia produto formulário ci sistema sipap engenhario ambiente homologação produção grupo designar informar prioridade impacto urgência alta alto média solicitante informar responsável felipe nascimento resumo executivo novo validação automação Campos ver rfc sap criar atualizar item Merge deploy homologação descrição detalhar síntese validação formulário automação rfc sap teste integridade homologação ajuste conforme feedback solicitante escopo formulário cadastro modelo engenharia criar atualizar histórico lançamento esforço realizar mês h tarefa concluído merge deploy homologação bugfix melhoria solicitar risco dependêncio disponibilidade rfc sap janela homologação produção anexo sugerir prints roteiro teste registro homologação melhoria formulário cadastro modelo eng;Melhorias;sipap melhoria formulário cadastro modelo eng tipo melhoria evolução aplicação categoria serviço engenharia produto formulário sipap engenhario ambiente homologação produção grupo designar informar prioridade impacto urgência alta alto média solicitante informar responsável nascimento resumo executivo novo validação automação campos ver criar atualizar item merge deploy homologação descrição detalhar síntese validação formulário automação teste integridade homologação ajuste conforme feedback solicitante escopo formulário cadastro modelo engenharia criar atualizar histórico lançamento esforço realizar mês tarefa concluído merge deploy homologação melhoria solicitar risco dependêncio disponibilidade janela homologação produção anexo sugerir prints roteiro teste registro homologação melhoria formulário cadastro modelo eng
sisap cadastro item módulo rastreabilidade cadastro detalhamento item onde registrar ne tipo melhoria evolução aplicação categoria serviço engenharia produto cadastro ci sistema sisap rastreabilidade detalhamento item ambiente homologação produção parcial grupo designar informar prioridade impacto urgência alta alto média solicitante informar responsável felipe nascimento resumo executivo robustecimento detalhamento item novo biblioteca validação contagem cadastro múltiplo service result limpeza código regra contra inconsistência nulo descrição detalhar síntese análise tela dar substituição biblioteca validação atualização conforme mrs encadear retirada código comentado atualização regra componente suportar crud completo escopo tela manter detalhe item rastreabilidade cadastro histórico lançamento esforço realizar mês h tarefa concluído biblioteca validação jquery contador cadastro múltiplo service result limpeza comentário regra validação atualizar risco dependêncio aderência usuário integração sap mrs correlato anexo sugerir prints tela evidência validação mrs cadastro item módulo detalhamento item;Melhorias;cadastro item módulo rastreabilidade cadastro detalhamento item onde registrar tipo melhoria evolução aplicação categoria serviço engenharia produto cadastro rastreabilidade detalhamento item ambiente homologação produção parcial grupo designar informar prioridade impacto urgência alta alto média solicitante informar responsável nascimento resumo executivo robustecimento detalhamento item novo biblioteca validação contagem cadastro múltiplo service result limpeza código regra contra inconsistência nulo descrição detalhar síntese análise tela dar substituição biblioteca validação atualização conforme mrs encadear retirada código comentado atualização regra componente suportar crud completo escopo tela manter detalhe item rastreabilidade cadastro histórico lançamento esforço realizar mês tarefa concluído biblioteca validação jquery contador cadastro múltiplo service result limpeza comentário regra validação atualizar risco dependêncio aderência integração mrs correlato anexo sugerir prints tela evidência validação mrs cadastro item módulo detalhamento item
dar erro processo unimar pedir fator conversao pc ser item cadastrar kg pedido estao favor verifcar errao veroificaçao erro unidade medir;Erro;dar erro processo unimar pedir fator conversao item cadastrar pedido estao verifcar erro unidade medir
preciso usuario ingridlc acesso transaçao migo fazer transferencia deposito baixo scrap migo;Avaliação_Técnica;preciso usuario ingridlc transaçao migo fazer transferencia deposito baixo scrap migo
solicitar autorização aprovaçao grupo comprador sqa login katarinafm iaraom pedir compra;Melhorias;solicitar autorização aprovaçao grupo comprador sqa login katarinafm iaraom pedir compra
preciso Criaçao novo usuario silvaneidir dario cópia acesso sap igual usuário alexandreo denizar Matos cópia acesso sap igual usuário alexandreo criaçao usuario;Avaliação_Técnica;preciso criaçao novo usuario cópia igual alexandreo denizar matos cópia igual alexandreo criaçao usuario
favor verificar pois nao consigo mudar unidade medida nao ter pedir nem entrada item verificar item modificar unidade pc m;Corretiva;pois nao consigo mudar unidade medida nao ter pedir entrada item item modificar unidade
poder configurar sap item zsem planto tipo suprimento f suprimento especial informaçao configuraçao sap zsem;Corretiva;poder configurar item zsem planto tipo suprimento suprimento especial informaçao configuraçao
poder adicionar parte multinivel caso usuario querer selecionar aparecer maneira foto melhoria;Melhorias;poder adicionar parte multinivel caso usuario querer selecionar aparecer maneira foto melhoria
pedir acesso configuração setup produção sisap pedir acesso;Corretiva;pedir configuração setup produção pedir
pedir acesso configuração setup produção sisap pedir acesso;Corretiva;pedir configuração setup produção pedir
justifique intuito obter informação rapidez veículo transportador entrar sair planto solicitar acesso sistema portaria usuário abaixo arionaldo antonion ismaelss henriquef aceeso sistema portaria;Melhorias;justifique intuito obter informação rapidez veículo transportador entrar sair planto solicitar portaria abaixo arionaldo antonion ismaelss henriquef aceeso portaria
romero conforme informeir ver teams divergência saldo sistema modelo solicitar ajuda resolução de esse problema saldo divergente;Melhorias;ver teams divergência saldo modelo solicitar ajuda resolução saldo divergente
verificar pedido abaixo pois constar abrir impactar processo calo verifiquei algum remessa estornar tentar eliminar remessa jogar pedido lixeira não possível pedido antigo abrir;Melhorias;pedido abaixo pois constar abrir impactar processo calo verifiquei algum remessa estornar tentar eliminar remessa jogar pedido lixeira possível pedido antigo abrir
henrickson santo informar todo vez ir fazer processo nota passar normal por retorno problema ai talvez problema sap nao nota querer de esse verificado ajustir subcontratação;Melhorias;informar todo vez fazer processo nota passar normal retorno talvez nao nota querer verificado ajustir subcontratação
favor carregar xml anexo seidor pois não possível fazer carga automaticamente carga xmls seidor;Melhorias;carregar xml anexo seidor pois possível fazer carga automaticamente carga xmls seidor
sistema não conseguir fazer check list sistema sipap;Erro;conseguir fazer check list sipap
não acessar baixa scrap sistema sisap;Corretiva;acessar baixa scrap
sistema sipap continuar inoperante desde dia enviar dti não retorno sistema sipap;Corretiva;sipap continuar inoperante desde enviar dti retorno sipap
sisap aparecer informação indevir modelo linha não informar gerar produção sistema sisap;Corretiva;aparecer informação indevir modelo informar gerar produção
sistema sisap inoperante colaborador andersonr Silva Carvalho sistema sisap;Corretiva;inoperante colaborador andersonr
troca senha sap troca senha sap;Retorno;troca senha troca senha
solicitar acesso colaboradordaniel vasconcelo rei danielvr acesso função liberação carretel desbloquear carretel dentro check feeder pois não acesso op senior acesso função liberação carretel desbloquear carretel dentro che;Corretiva;solicitar colaboradordaniel rei função liberação carretel desbloquear carretel dentro check feeder pois senior função liberação carretel desbloquear carretel dentro che
tipo acesso adicionar caixa correio check feeder especificar Daniel Vasconcelos rei solicitar acesso colaborador Daniel Vasconcelos rei acesso função liberação carretel desbloquear carretel dentro check feeder pois não acesso operador sênior sistema sisap;Melhorias;tipo adicionar caixa correio check feeder especificar rei solicitar colaborador rei função liberação carretel desbloquear carretel dentro check feeder pois operador sênior
solicitar acesso conta sap utilizar area trabalho permissão acesso sap;Avaliação_Técnica;solicitar conta utilizar area trabalho permissão
painel alimentar errar linha entrar semp lugar tcl seguir ns limpar numero serie produto;Erro;painel alimentar errar entrar semp lugar tcl seguir limpar numero serie produto
não consigar fazer checklist modelo não programar melhoria sipap;Melhorias;consigar fazer checklist modelo programar melhoria sipap
favor substituir numero serie painel conforme abaixo n s ap sair painel entrar painel troca serial painel Prob qualidade;Melhorias;substituir numero serie painel conforme abaixo sair painel entrar painel troca serial painel prob qualidade
limpar número série devido problema qualidade limpar numero serie produto;Melhorias;limpar número série devido qualidade limpar numero serie produto
painel apresentar linha vertical n s sair entrar troca serial painel Prob qualidade;Avaliação_Técnica;painel apresentar vertical sair entrar troca serial painel prob qualidade
erro aprovar checklist login trocar erro aprovador checklist;Erro;erro aprovar checklist login trocar erro aprovador checklist
painel após algum tempo teste cq apresentar defeito elétrico sair painel n s entrar painel n s troca serial painel Prob qualidade;Melhorias;painel após algum tempo teste apresentar defeito elétrico sair painel entrar painel troca serial painel prob qualidade
favor trocar placa conforme abaixo sistema sisap devido problema qualidade analise cq eng n s prod entrar pci pr sair pci pr troca serial pci pr prob qualidade;Avaliação_Técnica;trocar placa conforme abaixo devido qualidade analise eng prod entrar pci sair pci troca serial pci prob qualidade
placa montar vs errado limpar numero serie produto;Corretiva;placa montar errado limpar numero serie produto
painel associado problema qualidade limpar numero serie produto;Corretiva;painel associado qualidade limpar numero serie produto
número série associar painel errar limpar numero serie produto;Erro;número série associar painel errar limpar numero serie produto
desassociar placa retornar Paulo uso novo produto desassociar placa retrabalhado;Erro;desassociar placa retornar paulo uso novo produto desassociar placa retrabalhado
limpar número série devido problema qualidade painel modelo tv led semp cq tratar problema junto fornecedor limpar numero serie produto;Corretiva;limpar número série devido qualidade painel modelo led semp tratar junto fornecedor limpar numero serie produto
tentativa ler dois kit acessório produto embalar mensagem erro sumir após leitura próximo aparelho ocorrer coleta aparelho ponta linha expedição mensagem erro embalagir recebimento expedição;Melhorias;tentativa ler dois kit acessório produto embalar mensagem erro sumir após leitura próximo aparelho ocorrer coleta aparelho ponta expedição mensagem erro embalagir recebimento expedição
etiqueta cortar picote causar associação indevir limpar passagem número série;Corretiva;etiqueta cortar picote causar associação indevir limpar passagem número série
entrar painel errar linha favor limpar serial abaixo limpar passagem número série;Corretiva;entrar painel errar limpar serial abaixo limpar passagem número série
favor retirar defeito anexo relatório técnico sisap duplicado técnico equivocar acabar lançar aparelho dois vez lançamento duplicar;Corretiva;retirar defeito anexo relatório técnico duplicado técnico equivocar acabar lançar aparelho dois vez lançamento duplicar
favor limpar passagem número serie abaixo pois montar limpar passagem número série;Corretiva;limpar passagem número serie abaixo pois montar limpar passagem número série
erro alimentação iac preciso desassociar aparelho abaixo conserto placa favor atender breve possível devido fechamento mensal limpar passagem número série;Corretiva;erro alimentação iac preciso desassociar aparelho abaixo conserto placa atender breve possível devido fechamento mensal limpar passagem número série
devido problema falta material solicitar limpeza passagem número serie abaixo limpar passagem número série;Corretiva;devido falta material solicitar limpeza passagem número serie abaixo limpar passagem número série
posto amarra painel linha setupr fazer linha favor limpar passagem número serie abaixo limpar passagem número série;Corretiva;amarra painel setupr fazer limpar passagem número serie abaixo limpar passagem número série
painel entrar errar linha solicitar limpar ns abaixo associar painel correto limpar passagem número série;Corretiva;painel entrar errar solicitar limpar abaixo associar painel correto limpar passagem número série
diagnostico pci rede porém pci testar outro aparelho não apresentar falha seguir número retirada defeito sistema n s retirar defeito incorreto relatório;Corretiva;diagnostico pci rede porém pci testar outro aparelho apresentar falha seguir número retirada defeito retirar defeito incorreto relatório
defeito lançar duplicar em esse n s correção relatório técnico;Corretiva;defeito lançar duplicar correção relatório técnico
problema não painel sim pci principal favor retirar todo registro defeito numero série abaixo limpar numero relatório técnico;Corretiva;painel sim pci principal retirar todo registro defeito numero série abaixo limpar numero relatório técnico
painel vir fornecedor calço causar dano painel não chegar posto teste favor limpar amarração limpar passagem número série;Corretiva;painel vir fornecedor calço causar dano painel chegar teste limpar amarração limpar passagem número série
não conseguir pesquisar ritmo produção dia anterior produção horo hora;Corretiva;conseguir pesquisar ritmo produção anterior produção horo hora
limpar amarração número serie abaixo problema qualidade painel limpar passagem número série;Corretiva;limpar amarração número serie abaixo qualidade painel limpar passagem número série
devido alimentação errar painel linha defeito registrar linha favor retirar relatório técnico linha lançamento defeito número série abaixo limpar numero relatório técnico;Corretiva;devido alimentação errar painel defeito registrar retirar relatório técnico lançamento defeito número série abaixo limpar numero relatório técnico
n s associar painel outro modelo limpar passagem número série;Corretiva;associar painel outro modelo limpar passagem número série
limpar passagem n s devido problema qualidade limpar passagem número série;Corretiva;limpar passagem devido qualidade limpar passagem número série
favor limpar passagem n s abaixo devido problema qualidade modelo ncr abrir fornecedor nº limpar passagem número série;Corretiva;limpar passagem abaixo devido qualidade modelo ncr abrir fornecedor limpar passagem número série
limpar passagem associação número série abaixo devido problema qualidade ncr limpar passagem número série associação;Corretiva;limpar passagem associação número série abaixo devido qualidade ncr limpar passagem número série associação
limpar passagem associação número série abaixo devido problema qualidade ncr limpar passagem número série associação;Corretiva;limpar passagem associação número série abaixo devido qualidade ncr limpar passagem número série associação
limpar passagem associação número série abaixo devido problema qualidade ncr favor fazer etiqueta abaixo limpar passagem número série associação;Corretiva;limpar passagem associação número série abaixo devido qualidade ncr fazer etiqueta abaixo limpar passagem número série associação
problema qualidade painel ncr aberto limpar passagem número série associação;Corretiva;qualidade painel ncr aberto limpar passagem número série associação
dever montagem divergente iac imc solicitar limpar passagem desassociar nú mero série abaixo limpar passagem número série associação;Corretiva;dever montagem divergente iac imc solicitar limpar passagem desassociar mero série abaixo limpar passagem número série associação
aparelho embalar placa erro alimentação iac precisar substituír placa novo substituição n s placa prod embalar;Corretiva;aparelho embalar placa erro alimentação iac precisar substituír placa novo substituição placa prod embalar
aparelho apresentar defeito qualidade ainda sem diagnostico limpar passagem número série associação;Corretiva;aparelho apresentar defeito qualidade ainda diagnostico limpar passagem número série associação
limpar numero serie abaixo defeito qualidade limpar passagem número série associação;Corretiva;limpar numero serie abaixo defeito qualidade limpar passagem número série associação
painel associado problema qualidade ncr limpar passagem número série associação;Corretiva;painel associado qualidade ncr limpar passagem número série associação
defeito ncr aberto limpar número serie abaixo limpar passagem número série associação;Corretiva;defeito ncr aberto limpar número serie abaixo limpar passagem número série associação
aparelho problema qualidade favor limpar passagem associação entregar peça cq limpar passagem número série associação;Corretiva;aparelho qualidade limpar passagem associação entregar peça limpar passagem número série associação
colaborador posto amarração conseguir selecionar item tela coleta sisap jogar área leitura solicitar verificar forma congelar descrição não consigar selecionar nenhum informação tela leitura etiqueta encer;Melhorias;colaborador amarração conseguir selecionar item tela coleta jogar área leitura solicitar forma congelar descrição consigar selecionar nenhum informação tela leitura etiqueta encer
lançamento defeito linha errar modelo passar linha defeito lançar linha solicitar correção quantidade defeito lançar linha errar correção relatório técnico;Corretiva;lançamento defeito errar modelo passar defeito lançar solicitar correção quantidade defeito lançar errar correção relatório técnico
solicitar limpeza passagem aparelho abaixo montar linha limpar passagem número série;Corretiva;solicitar limpeza passagem aparelho abaixo montar limpar passagem número série
solicitar transferir defeito modelo linha linha correção relatório técnico;Corretiva;solicitar transferir defeito modelo correção relatório técnico
solicitar substituição painel associar n s sair entrar substituir amarração painel;Melhorias;solicitar substituição painel associar sair entrar substituir amarração painel
solicitar limpeza passagem n s produto amarrar linha limpar passagem número série;Corretiva;solicitar limpeza passagem produto amarrar limpar passagem número série
solicitar limpar passagem n s testar linha limpar passagem número série;Corretiva;solicitar limpar passagem testar limpar passagem número série
solicitar limpeza n s montar teste limpar passagem número série;Corretiva;solicitar limpeza montar teste limpar passagem número série
limpar passagem n s limpar passagem número série;Corretiva;limpar passagem limpar passagem número série
favor limpar passagem n s abaixo limpar passagem número série;Melhorias;limpar passagem abaixo limpar passagem número série
solicitar limpeza passagem n s abaixo ir produzir produto limpar passagem número série;Corretiva;solicitar limpeza passagem abaixo produzir produto limpar passagem número série
solicitar limpeza n s abaixo ocorrer acidente painel limpar passagem número série;Corretiva;solicitar limpeza abaixo ocorrer acidente painel limpar passagem número série
solicitar limpeza n s abaixo painel pagar errar linha limpar passagem número série;Corretiva;solicitar limpeza abaixo painel pagar errar limpar passagem número série
limpar n s painel danificar retrabalho cq polegada limpar passagem número série;Retorno;limpar painel danificar retrabalho polegada limpar passagem número série
problema qualidade painel modelo ncr abrir fornecedor limpar passagem número série;Corretiva;qualidade painel modelo ncr abrir fornecedor limpar passagem número série
solicitar novo fluxo solicitação aprovação clear barcode seguir abaixo fluxo solicitante líder ingridcg kellyoa aprovador supervisor helanat Waltert melhoria fluxo solicitação aprovação clear barcode;Corretiva;solicitar novo fluxo aprovação clear barcode seguir abaixo fluxo solicitante líder aprovador supervisor helanat waltert melhoria fluxo aprovação clear barcode
favor substituir n s painel conforme abaixo devido aparelho ter cair após embalagem n s produto sair n s entrar n s painel substituição n s painel;Corretiva;substituir painel conforme abaixo devido aparelho ter cair após embalagem produto sair entrar painel substituição painel
favor substituir serial pci pr aparelho sair entrar pci analisar engenharia substituir amarração placa;Corretiva;substituir serial pci aparelho sair entrar pci engenharia substituir amarração placa
trocar origem defeito produto fornecedor estoque correção relatório técnico;Corretiva;trocar origem defeito produto fornecedor estoque correção relatório técnico
acompanhamento retrabalho linha elana precisar verificação linha;Adequação de layout;acompanhamento retrabalho elana precisar verificação
devido necessidade detalhamento laudo causa defeito aparelho solicitar aumento quantidade caracter campo observação tela manutenção posto técnico atualmente limitação caracter acabar ser insuficiente técnico elaborar parecer impacto de isso não salvar registro manutenção aumento limitador caracter descrição posto técnico;Corretiva;devido necessidade detalhamento laudo causa defeito aparelho solicitar aumento quantidade caracter campo observação tela manutenção técnico atualmente limitação caracter acabar insuficiente técnico elaborar parecer impacto salvar registro manutenção aumento limitador caracter descrição técnico
não conseguir desassociar etiqueta posto tecnico parar aparelho local necessitar intervenção ti fazer manualmente erro anexo etiqueta pci skd importar problema;Melhorias;conseguir desassociar etiqueta tecnico parar aparelho local necessitar intervenção fazer manualmente erro anexo etiqueta pci skd importar
sisap aumento limitador caracter descrição posto técnico tipo melhoria categoriaserviço posto técnico regra ui cisistema sisap posto técnico ambiente homologação grupo designar informar prioridade impacto urgência médio médio baixo solicitante informar responsável felipe nascimento resumo executivo ajustir limitador caracter descrição integrar novo biblioteca validação descrição detalhar síntese continuidade chamado correção debug aplicação novo regra validação tela posto técnico escopo campo descrição posto técnico histórico lançamento esforço realizar mês h tarefa concluído ajustir limitador validação aplicar risco dependêncio aderência usuário anexo sugerir prints contador evidência bloqueio aumento limitador caracter descrição posto técnico;Melhorias;aumento limitador caracter descrição técnico tipo melhoria categoriaserviço técnico regra cisistema técnico ambiente homologação grupo designar informar prioridade impacto urgência médio médio baixo solicitante informar responsável nascimento resumo executivo ajustir limitador caracter descrição integrar novo biblioteca validação descrição detalhar síntese continuidade chamado correção debug aplicação novo regra validação tela técnico escopo campo descrição técnico histórico lançamento esforço realizar mês tarefa concluído ajustir limitador validação aplicar risco dependêncio aderência anexo sugerir prints contador evidência bloqueio aumento limitador caracter descrição técnico
sisap criar tela crud tabela item importar tipo melhoria evolução aplicação categoria serviço engenharia produto cadastro ci sistema sisap engenharia ambiente homologação grupo designar informar prioridade impacto urgência alta alto média solicitante informar responsável felipe nascimento resumo executivo implementação tela erviço crud item importar base kits cubo cobre multiplicação lote descrição detalhar síntese reuso melhoria biblioteca formulário engenharia desenvolver serviço ui crud escopo tabela serviço item importar ui manutenção histórico lançamento esforço realizar mês h tarefa concluído crud entregar homologação validação consistente risco dependêncio regra específico negócio kits tubo cobre anexo sugerir evidência crud scripts tabela criar tela crud tabela item importar;Melhorias;criar tela crud tabela item importar tipo melhoria evolução aplicação categoria serviço engenharia produto cadastro engenharia ambiente homologação grupo designar informar prioridade impacto urgência alta alto média solicitante informar responsável nascimento resumo executivo implementação tela erviço crud item importar base kits cubo cobre multiplicação lote descrição detalhar síntese reuso melhoria biblioteca formulário engenharia desenvolver serviço crud escopo tabela serviço item importar manutenção histórico lançamento esforço realizar mês tarefa concluído crud entregar homologação validação consistente risco dependêncio regra específico negócio kits tubo cobre anexo sugerir evidência crud scripts tabela criar tela crud tabela item importar
sistema sisap permitir pci avançasse fase subsequente sem ter realizar anterior pci produzir radial sem produzir smt amarração fase processo iac;Erro;permitir pci avançasse fase subsequente ter realizar anterior pci produzir radial produzir smt amarração fase processo iac
sistema sisap não apontar quantidade corretar embalagem placa embolachar pcis embalar qtd divergente ordem produção;Melhorias;apontar quantidade corretar embalagem placa embolachar pcis embalar qtd divergente ordem produção
incluir tela anexo dentro tela principal modal parada linha adicionar lista departamento dentro modal parada linha carregar lista área fab departamento tipo corrigir falha gravar revisar parada linha destinatário manutenção tela parada linha;Corretiva;incluir tela anexo dentro tela principal modal parada adicionar lista departamento dentro modal parada carregar lista área fab departamento tipo corrigir falha gravar revisar parada destinatário manutenção tela parada
correção visualização sub total ac relatorio produção relatorio anexo correção visualização sub total ac;Corretiva;correção visualização sub total produção relatorio anexo correção visualização sub total
passo troca Formula painel sipap relação ppm real atual qtd defeito ponto qtd produzir solicitação qtd defeito qtd produzir passo alterar sinalizador cor relação meta tela cadastro meta atual vermelho amarelo valor aproximar verificar fómula atual solicitação vermelho amarelo verde tela dever restritar usuario cadastrar verificar tela alterar form mudança cálculo ppm painel iac;Melhorias;passo troca formula painel sipap relação ppm real atual qtd defeito ponto qtd produzir qtd defeito qtd produzir passo alterar sinalizador cor relação meta tela cadastro meta atual vermelho amarelo valor aproximar fómula atual vermelho amarelo verde tela dever restritar usuario cadastrar tela alterar form mudança cálculo ppm painel iac
solicitar melhoria relatório produção relatório técnico substituição indicativo porcentagem coluna ppm relatório produção novo calculo vigente atualmente painel produção iac relatorio técnico preciso de esse indicador campo informativo próximo gráfico imagem imagem adequação informação ppm relatório;Adequação de layout;solicitar melhoria relatório produção relatório técnico substituição indicativo porcentagem coluna ppm relatório produção novo calculo vigente atualmente painel produção iac relatorio técnico preciso indicador campo informativo próximo gráfico imagem imagem adequação informação ppm relatório
habilitação serial retrabalho sisap leitura aparelho retrabalho;Melhorias;habilitação serial retrabalho leitura aparelho retrabalho
erro entrada nota terceiro sole nota sem dar entrada desde manhã ontem nota entrar normalmente pedido erro entrada terceiro;Corretiva;erro entrada nota terceiro sole nota dar entrada desde manhã ontem nota entrar normalmente pedido erro entrada terceiro
erro entrada nota entrada subcontratação erro;Erro;erro entrada nota entrada subcontratação erro
erro entrada nota retorno material saldo contabil fiscal ok dizer não saldo nota remessa nota erro anexo erro entrada terceiro;Erro;erro entrada nota retorno material saldo contabil fiscal dizer saldo nota remessa nota erro anexo erro entrada terceiro
não conseguir emitir nota remessa industrialização terceiro erro faturamento remessar industrialização urgente;Erro;conseguir emitir nota remessa industrialização terceiro erro faturamento remessar industrialização urgente
erro carregamento arquivo xml sap operação fornecedor ventoos parado erro carregamento arquivo xml sap;Corretiva;erro carregamento arquivo xml operação fornecedor ventoos parado erro carregamento arquivo xml
xml dar erro entrada retorno componente não aplicar cfop erro entrada nota;Corretiva;xml dar erro entrada retorno componente aplicar cfop erro entrada nota
não ser possível estorno nota fiscal retorno componente travar processo nota erro estorno nota subcontratação;Erro;possível estorno nota fiscal retorno componente travar processo nota erro estorno nota subcontratação
vtim não puxar xml arcon vtin não puxar xml nota;Erro;vtim puxar puxar xml nota
abap pm gmt Carlos Filho erro unidade medir entrada xml nota fiscal parar recebimento invetário dia precisamo todo nota sistema seguir anexo xml imagem erro erro entrada sub contratação unidade medida;Corretiva;carlos filho erro unidade medir entrada xml nota fiscal parar recebimento invetário precisamo todo nota seguir anexo xml imagem erro erro entrada sub contratação unidade medida
problema entrada nota fiscal subcontratação nota fiscal par parar impactar fechamento erro entrada nota;Corretiva;entrada nota fiscal subcontratação nota fiscal par parar impactar fechamento erro entrada nota
abap pm gmt Carlos Filho problema unidade medida entrada nota fiscal subcontratação componel erro entrada subcontratação;Corretiva;carlos filho unidade medida entrada nota fiscal subcontratação componel erro entrada subcontratação
rapaz recebimento estornar nota subcontratação migo não precisar estornar processo pois nota impactar fechamento processo erro estorno nota subcontratação;Corretiva;rapaz recebimento estornar nota subcontratação migo precisar estornar processo pois nota impactar fechamento processo erro estorno nota subcontratação
atraso envio documentação despachante possível impacto liberação carga usuário helisonc erro transação usuário helisonc;Erro;atraso envio documentação despachante possível impacto liberação carga helisonc erro transação helisonc
abap am gmt haroldo filho descrição problema rapaz recebimento estornar nota subcontratação migo não precisar estornar processo pois nota impactar fechamento processo erro estorno nota subcontratação;Erro;abap gmt haroldo filho descrição rapaz recebimento estornar nota subcontratação migo precisar estornar processo pois nota impactar fechamento processo erro estorno nota subcontratação
problema miro entrada po linha erro miro fornecedor tecumseh;Erro;miro entrada erro miro fornecedor tecumseh
basi am gmt haroldo filho nota fiscal subcontatratação estornar migo não estornar serviço não dar pq estorno fazer transação errar favor estornar processo erro estorno nota;Erro;basi gmt haroldo filho nota fiscal subcontatratação estornar migo estornar serviço dar estorno fazer transação errar estornar processo erro estorno nota
tipo manutenção alterar key user processo transação sim justifique favor alterar cadeia aprovação pedido compra sap conforme abaixo usuário alteração simoneeb anexo seguir email autorização alteração eduardo freita simone brandão Miguel Marialva simone brandão eason xueyx kaysen guo outro informação tipo pedido alteração improdutivo local ac ac imp ac improdutivo ac ac the approval Authority of sap fssc has been transferred to simone The approval content of The original eduardo manutenção perfil sap;Melhorias;tipo manutenção alterar key user processo transação sim justifique alterar cadeia aprovação pedido compra conforme abaixo alteração simoneeb anexo seguir email autorização alteração outro informação tipo pedido alteração improdutivo local improdutivo the approval authority fssc has been transferred simone the approval content the original eduardo manutenção perfil
abap am gmt haroldo filho nota fiscal retorno componente componel retornar grama sistema puxar kg nota fiscal vir grama sistema puxa somente unidade kg ficar tentar dar entrada kg erro entrada nota retorno componenete componel unidade medir;Erro;abap gmt haroldo filho nota fiscal retorno componente componel retornar grama puxar nota fiscal vir grama puxa somente unidade ficar tentar dar entrada erro entrada nota retorno componenete componel unidade medir
nota fiscal retorno componente componel retornar grama sistema puxar kg nota fiscal vir grama sistema puxa somente unidade kg ficar tentar dar entrada kg verificar subcontratação;Melhorias;nota fiscal retorno componente componel retornar grama puxar nota fiscal vir grama puxa somente unidade ficar tentar dar entrada subcontratação
cadeia aprovação pedido ativo imobilizar grupo compra ainda estrturado confiuração fabrica tv favor configurar conforme anexo fabrica arcon email anexo aprovação de esse cadeia lok liang correção cadeio aprovação ativo fixo arcon;Corretiva;cadeia aprovação pedido ativo imobilizar grupo compra ainda estrturado confiuração fabrica configurar conforme anexo fabrica arcon email anexo aprovação cadeia correção cadeio aprovação ativo fixo arcon
instalar sistema portaria maquina elia instalar sistema portaria;Nova instalação;instalar portaria maquina elia instalar portaria
preciso gerar relatorio entrada sair empresa sta envio gia ano anexo modelo informação entrada sair gia;Melhorias;preciso gerar entrada sair empresa sta envio gia ano anexo modelo informação entrada sair gia
preciso fazer atualização sistema sistema usar vez ano prazo entrega de esse obrigação dia entrada sair gia;Melhorias;preciso fazer atualização usar vez ano prazo entrega obrigação entrada sair gia
excluir arquivo empresa sistema nota fiscal dia mês importação incompleto excluir arquivo;Erro;excluir arquivo empresa nota fiscal mês importação incompleto excluir arquivo
preciso disponibilizar versão nota fiscal alteração pontual funcionalidade modulo dia homologação atualização sistema nota fiscal vm;Nova instalação;preciso disponibilizar versão nota fiscal alteração pontual funcionalidade modulo homologação atualização nota fiscal
homologação acompanhamento atividade envio xml dia novo tag sistema nota fiscal homologação acompanhamento atividade envio xml dia;Melhorias;homologação acompanhamento atividade envio xml novo tag nota fiscal homologação acompanhamento atividade envio xml
preciso liber sistema nota fiscal poder lançar nota dia referente fev sem acesso sistema nota fiscal;Erro;preciso liber nota fiscal poder lançar nota referente fev nota fiscal
solicitar analise porque todo inicio mês não consigo fazer login sistema nota fiscal aplicativo não consigo fazer login sistema nota fiscal aplicativo;Erro;solicitar analise porque todo inicio mês consigo fazer login nota fiscal aplicativo consigo fazer login nota fiscal aplicativo
colaboradora graça santo precisar aumente usuário mariag capacidade pasta cota aumente usuário mariag capacidade pasta cota;Adequação de layout;colaboradora precisar aumente mariag capacidade pasta cota aumente mariag capacidade pasta cota
fazer copia perfil fluxo execução trabalho colaboradora graça santo login ad mariag am gmt felipe nascimento preciso liberar sistema nota fiscal colaboradora arcon nome suelen graciene arevalo gome login colaboradora computador login senha r sim computador login senhar acesso somente software especifico r porém ainda não fazer liberação sap agora precisar sistema legar nota fiscal liberação usuário nota fiscal;Nova instalação;fazer copia perfil fluxo execução trabalho colaboradora graça santo login mariag gmt felipe nascimento preciso liberar nota fiscal colaboradora arcon nome suelen graciene arevalo gome login colaboradora computador login senha sim computador login senhar somente software especifico porém ainda fazer liberação agora precisar legar nota fiscal liberação nota fiscal
fazer copia perfil fluxo execução trabalho colaboradora graça santo login ad mariag preciso liberar acesso erp sap colaboradora arcon observação coloquei chamado topdesk subcategoria nota fiscal pois não saber qual permissão sistema atividade analista fiscal envolver erp sap nome suelen graciene arevalo gome login colaboradora computador login senha r sim computador login senhar acesso somente software especifico r porém ainda não fazer liberação sap agora precisar sistema legar nota fiscal permissão acesso fluxo trabalho ambiente sap;Nova instalação;fazer copia perfil fluxo execução trabalho colaboradora graça santo login mariag preciso liberar colaboradora arcon observação coloquei chamado topdesk subcategoria nota fiscal pois saber permissão atividade analista fiscal envolver nome suelen graciene arevalo gome login colaboradora computador login senha sim computador login senhar somente software especifico porém ainda fazer liberação agora precisar legar nota fiscal permissão fluxo trabalho ambiente
realizar procedimento adicionar mascara item retornar mensagem modelo não encontar item pertencer modelo ne;Erro;realizar procedimento adicionar mascara item retornar mensagem modelo encontar item pertencer modelo
preciso novo usuario sistema portaria novo funcionaria solicitação usuario sistema portaria;Avaliação_Técnica;preciso novo usuario portaria novo funcionaria usuario portaria
parte processo estratégico curso separar grupo compra unidade negócio tv ar condicionado solicitar criação novo grupo compra condicionador ar especificamente grupo destacar amarelo arquivo anexo algum dúvida precisar esclarecimento não hesitar entrar contato alteração estratégia liberação;Melhorias;parte processo estratégico curso separar grupo compra unidade negócio condicionado solicitar criação novo grupo compra condicionador especificamente grupo destacar amarelo arquivo anexo algum dúvida precisar esclarecimento hesitar entrar contato alteração estratégia liberação
preciso apoio realizar transição aprovação sap poder verificar breve possível favor ajustir estrutura organizacional fábrica tv;Melhorias;preciso apoio realizar transição aprovação poder breve possível ajustir estrutura organizacional fábrica
acordo reunião ir alterar fluxo aprovação grupo comprador ordem compra ativo fixos incluír faixa valor quinn fluxo aprovação pedido ativo fixo;Melhorias;acordo reunião alterar fluxo aprovação grupo comprador ordem compra ativo fixos incluír faixa valor quinn fluxo aprovação pedido ativo fixo
devido alteração fluxo aprovação pedido ativo fixo necessário revisar fluxo grupo comprador tv intranet possuir documentação devido detalhe ajustir fluxo aprovação ativo fixo tv;Melhorias;devido alteração fluxo aprovação pedido ativo fixo necessário revisar fluxo grupo comprador intranet possuir documentação devido detalhe ajustir fluxo aprovação ativo fixo
autorização fechamento lote autorização fechamento lote;Melhorias;autorização fechamento lote autorização fechamento lote
não conseguir apontar atividade sap lote abaixo apontamento lote sap;Corretiva;conseguir apontar atividade lote abaixo apontamento lote
fazer amarração condensadora evaporadora ac evaporadora condensadora ordem produção ac amarração condensadora produzir motivo ajustar amarração produto acabar;Corretiva;fazer amarração condensadora evaporadora evaporadora condensadora ordem produção amarração condensadora produzir motivo ajustar amarração produto acabar
não consigo força apontamento sisap fechamento lote sisap;Melhorias;consigo força apontamento fechamento lote
forma ac acordo quantidade evap cond ac splitr tcl qtd unid evap of tcl Unid cond of tcl apontamento ac;Corretiva;forma ordo quantidade evap cond splitr tcl qtd unid evap tcl unid cond tcl apontamento
não consigo força lote seguir tela sisap fechamento lote;Corretiva;consigo força lote seguir tela fechamento lote
não consigo força apontamento lote seguir tela sisap apontamento lote sap;Corretiva;consigo força apontamento lote seguir tela apontamento lote
não consigo força apontamento lote seguir sap duplicidade serial apontamento lote sap;Corretiva;consigo força apontamento lote seguir duplicidade serial apontamento lote
não consigo força apontamento lote seguir tela sisap fechamento lote sisap;Corretiva;consigo força apontamento lote seguir tela fechamento lote
não consigo força apontamento lote seguir sap apontamento lote sap;Corretiva;consigo força apontamento lote seguir apontamento lote
lotar abaixo não consiger forçar apontamento sisap fechamento lote sisap;Corretiva;lotar abaixo consiger forçar apontamento fechamento lote
não casamento automático evap cond modelo unid evap tcl modelo unid cond tcl ordir ac amarração apontamento ac;Corretiva;casamento automático evap cond modelo unid evap tcl modelo unid cond tcl amarração apontamento
não consigo força apontamento lote abaixo sisap apontamento lote sisap;Corretiva;consigo força apontamento lote abaixo apontamento lote
ordem kit acessório encerrar sem totalidade total embalagem kit acessório;Corretiva;ordem kit acessório encerrar totalidade total embalagem kit acessório
não consigo força apontamento lote sisap tamanho apenas serial apontamento lote sap;Corretiva;consigo força apontamento lote tamanho apenas serial apontamento lote
não consigo força apontamento sap lote abaixo apontamento lote sap;Corretiva;consigo força apontamento lote abaixo apontamento lote
não consigo força apontamento lote abaixo sap lote ordem apontamento lote sap;Corretiva;consigo força apontamento lote abaixo lote ordem apontamento lote
adaptar layout usuário pcp usuário Gabriellysa acesso amarração op;Adequação de layout;adaptar layout pcp gabriellysa amarração
erro tentativa senha sap bloqueado uso maquina sap;Avaliação_Técnica;erro tentativa senha bloqueado uso maquina
necessidade acesso sistema controle aprovação acessar usuário dar erro senha acesso fssc;Melhorias;necessidade controle aprovação acessar dar erro senha fssc
solicitar configuração sistema acesso login configurar sap pc;Avaliação_Técnica;solicitar configuração login configurar
sistema sisap inoperante sisap inoperante;Melhorias;inoperante inoperante
fazer troca cabo leitor cond troca cabo leitor;Melhorias;fazer troca cabo leitor cond troca cabo leitor
bom tarde conforme contato realizar teams receber seguinte solicitação verificar instalação sistema portaria naportario hine expedição arcon sistema parecer não ter atualizar automaticamente usuáriasano oliveira Maria se ales sem acesso módulo cadastro veículo certificar estarer verificar dar apoio time ti confirmar resolução ponto informar obrigado configuração sistema portaria arcon;Nova instalação;conforme contato realizar teams receber seguinte instalação portaria naportario hine expedição arcon parecer ter atualizar automaticamente ales módulo cadastro veículo certificar estarer dar apoio time confirmar resolução ponto informar configuração portaria arcon
solicitar acesso alteração cadastro linha produção permissão igual analista;Melhorias;solicitar alteração cadastro produção permissão igual analista
usurário fredericomlr josenj sem acesso responder parada linha causa manutenção somente engenharia sem acesso fechamento parar sisap;Melhorias;usurário fredericomlr josenj responder parada causa manutenção somente engenharia fechamento parar
inclusão atalho cmm aba sistema inclusão atalho intranet;Melhorias;inclusão atalho cmm aba inclusão atalho intranet
solicitar;Avaliação_Técnica;solicitar
liberar permissao responder parada linha sisap permissoa resposta parada linha sisap;Melhorias;liberar permissao responder parada permissoa resposta parada
solicitar correção duplicação amostragem oba dia duplicação amostragem ob;Corretiva;solicitar correção duplicação amostragem oba duplicação amostragem
sistema não fazer soma correto amostra relatório registro oba sistema não fazer soma correto amostra relatório registro;Corretiva;fazer soma correto amostra relatório registro oba fazer soma correto amostra relatório registro
sistema não fazer soma correto amostra relatório registro oba solução chamado atender somente dia reincidente sistema não fazer soma correto amostra oba;Corretiva;fazer soma correto amostra relatório registro oba solução chamado atender somente reincidente fazer soma correto amostra oba
duplicação informação registro falha oba mês outubro produto reprovar dia dia preencher informação produto dia referente análises contenção mesmo informação aparecer produto dia ser falho diferente solicitar correção possar preencher forma corretar registro falha oba registro encontrar sisap opção relatório registro oba duplicação informação registro falha oba;Corretiva;duplicação informação registro falha oba mês outubro produto reprovar preencher informação produto referente análises contenção informação aparecer produto falho diferente solicitar correção possar preencher forma corretar registro falha oba registro encontrar opção relatório registro oba duplicação informação registro falha oba
registro defeito oba não mostrar dado data correto oba correção registro defeito;Erro;registro defeito oba mostrar data correto oba correção registro defeito
divergênciar informação relatório registro oba valor mostrar produção diário divergir resumo produção ex dia produção produto porém registro oba mostrar produto nota valor inspeção divergente todo data valor incorreto divergênciar informação relatório registro oba;Corretiva;divergênciar informação relatório registro oba valor mostrar produção diário divergir resumo produção produção produto porém registro oba mostrar produto nota valor inspeção divergente todo data valor incorreto divergênciar informação relatório registro oba
erro visualizar relatório inspeção erro visualizar relatório inspeção;Corretiva;erro visualizar relatório inspeção erro visualizar relatório inspeção
ativação sistema sisap posto confiabilidade produto teste confiabilidade registrar sisap hoje registro fazer planilha eletrônico ferramenta existir outro qualidade confiabilidade ativação sistema sisap posto confiabilidade;Melhorias;ativação confiabilidade produto teste confiabilidade registrar hoje registro fazer planilha eletrônico ferramenta existir outro qualidade confiabilidade ativação confiabilidade
tentar verificar serial aprovados sisap posto oba mostrar mensagem erro erro verificar registro serial sisap posto oba;Corretiva;tentar serial aprovados oba mostrar mensagem erro erro registro serial oba
ativação sistema sisap posto confiabilidade produto teste confiabilidade registrar sisap hoje registro fazer planilha eletrônico ferramenta registro existir outro qualidade confiabilidade ativação sistema sisap posto confiabilidade;Corretiva;ativação confiabilidade produto teste confiabilidade registrar hoje registro fazer planilha eletrônico ferramenta registro existir outro qualidade confiabilidade ativação confiabilidade
erro verificar registro serial sisap posto oba tentar verificar serial inspecionar data antigo mostrar mensagem erro tela erro verificar registro serial sisap posto oba;Corretiva;erro registro serial oba tentar serial inspecionar data antigo mostrar mensagem erro tela erro registro serial oba
relatório técnico não possível evidenciar registro painel reparar qualidade dúvida contatar jackson rodrigo iqc painel registro sistema sisap relatório técnico painel;Corretiva;relatório técnico possível evidenciar registro painel reparar qualidade dúvida contatar painel registro relatório técnico painel
solicitar correção sistema sisap drt inspetor edson Lima Silva junior drt tiago dinelly oliveira drt rastreabilidade oba inspetor realizar leitura produto aprovar sisap aparecer nome outro pessoa vide anexo drt incompatível inspetor;Corretiva;solicitar correção drt inspetor oba inspetor realizar leitura produto aprovar aparecer nome outro pessoa vide anexo drt incompatível inspetor
erro verificar registro serial sisap posto oba halissonr jozildo Marcelo erro verificar registro serial sisap posto oba;Corretiva;erro registro serial oba halissonr jozildo marcelo erro registro serial oba
solicitar;Melhorias;solicitar
solicitar inclusão nome operador apenas inspetor cq fase leitura postos sisap atualmente apenas registro drt operador caminhar sisap relatório leitura posto fec selecionar oba clicar seta azul ir aparecer tela serial inspecionar coluna nome oerador dever constar nome inspetor inspecionar produto inclusão nome operador fase leitura postos sisap;Melhorias;solicitar inclusão nome operador apenas inspetor fase leitura postos atualmente apenas registro drt operador caminhar relatório leitura fec selecionar oba clicar seta azul aparecer tela serial inspecionar coluna nome oerador dever constar nome inspetor inspecionar produto inclusão nome operador fase leitura postos
solicitar;Melhorias;solicitar
solicitar;Melhorias;solicitar
correção data fechamento liberação inspeção pôr oba correção data fechamento liberação inspeção;Corretiva;correção data fechamento liberação inspeção pôr oba correção data fechamento liberação inspeção
descrição problema opção reabrir lote posto oba inoperante inspetor edson Lima Silva junior drt tiago dinelly oliveira drt opção reabrir lote inoperante pôr oba;Corretiva;descrição opção reabrir lote oba inoperante inspetor opção reabrir lote inoperante pôr oba
verificar possibilidade elaborar painel onlinar inspeção oqc elaboração painel on linar inspeção oqc;Melhorias;possibilidade elaborar painel onlinar inspeção oqc elaboração painel linar inspeção oqc
solicitar limpeza registro sisap linha serial destacado amarelo planilha anexo informo supervisora produção ciente chamado limpeza registro sisap;Corretiva;solicitar limpeza registro serial destacado amarelo planilha anexo informo supervisora produção ciente chamado limpeza registro
solicitar exclusão ns somente relatório técnico abaixo lançar devido problema qualidade reportar mesmo não dever contabilizar indicador qualidade exclusão serial relatório técnico sisap;Corretiva;solicitar exclusão somente relatório técnico abaixo lançar devido qualidade reportar dever contabilizar indicador qualidade exclusão serial relatório técnico
solicitar exclusão ns somente relatório técnico abaixo lançar devido problema qualidade reportar mesmo não dever contabilizar indicador qualidade exclusão serial relatório técnico sisap;Corretiva;solicitar exclusão somente relatório técnico abaixo lançar devido qualidade reportar dever contabilizar indicador qualidade exclusão serial relatório técnico
solicitar exclusão ns somente relatório técnico abaixo lançar devido problema qualidade reportar mesmo não dever contabilizar indicador qualidade exclusão serial relatório técnico sisap;Corretiva;solicitar exclusão somente relatório técnico abaixo lançar devido qualidade reportar dever contabilizar indicador qualidade exclusão serial relatório técnico
solicitar exclusão ns somente relatório técnico abaixo lançar devido problema qualidade reportar mesmo não dever contabilizar indicador qualidade exclusão serial relatório técnico sisap;Corretiva;solicitar exclusão somente relatório técnico abaixo lançar devido qualidade reportar dever contabilizar indicador qualidade exclusão serial relatório técnico
solicitar exclusão ns somente relatório técnico abaixo lançar devido problema qualidade reportar mesmo não dever contabilizar indicador qualidade exclusão serial relatório técnico sisap;Corretiva;solicitar exclusão somente relatório técnico abaixo lançar devido qualidade reportar dever contabilizar indicador qualidade exclusão serial relatório técnico
solicitar correção melhoria sistema sipap resumo inspeção ob duplicidade informação drt nome inspetor vide anexo inclusão registro serial produto inspecionar exclusão serial relatório técnico sisap;Corretiva;solicitar correção melhoria sipap resumo inspeção duplicidade informação drt nome inspetor vide anexo inclusão registro serial produto inspecionar exclusão serial relatório técnico
descrição problema solicitar correção melhoria sistema sipap resumo inspeção ob duplicidade informação drt nome inspetor vide anexo inclusão registro serial produto inspecionar correção melhoria sistema sipap;Corretiva;descrição solicitar correção melhoria sipap resumo inspeção duplicidade informação drt nome inspetor vide anexo inclusão registro serial produto inspecionar correção melhoria sipap
solicitar exclusão ns somente relatório técnico abaixo lançar devido problema qualidade reportar mesmo não dever contabilizar indicador qualidade exclusão serial relatório técnico sisap;Corretiva;solicitar exclusão somente relatório técnico abaixo lançar devido qualidade reportar dever contabilizar indicador qualidade exclusão serial relatório técnico
solicitar exclusão ns somente relatório técnico abaixo lançar devido problema qualidade reportar mesmo não dever contabilizar indicador qualidade exclusão serial relatório técnico sisap;Corretiva;solicitar exclusão somente relatório técnico abaixo lançar devido qualidade reportar dever contabilizar indicador qualidade exclusão serial relatório técnico
solicitar exclusão ns somente relatório técnico abaixo lançar devido problema qualidade reportar mesmo não dever contabilizar indicador qualidade exclusão serial relatório técnico sisap;Corretiva;solicitar exclusão somente relatório técnico abaixo lançar devido qualidade reportar dever contabilizar indicador qualidade exclusão serial relatório técnico
solicitar exclusão ns somente relatório técnico abaixo lançar devido problema qualidade reportar mesmo não dever contabilizar indicador qualidade exclusão serial relatório técnico sisap;Corretiva;solicitar exclusão somente relatório técnico abaixo lançar devido qualidade reportar dever contabilizar indicador qualidade exclusão serial relatório técnico
solicitar exclusão ns somente relatório técnico abaixo lançar devido problema qualidade reportar mesmo não dever contabilizar indicador qualidade exclusão serial relatório técnico sisap;Corretiva;solicitar exclusão somente relatório técnico abaixo lançar devido qualidade reportar dever contabilizar indicador qualidade exclusão serial relatório técnico
solicitar exclusão ns somente relatório técnico abaixo lançar devido problema qualidade reportar mesmo não dever contabilizar indicador qualidade exclusão serial relatório técnico sisap;Corretiva;solicitar exclusão somente relatório técnico abaixo lançar devido qualidade reportar dever contabilizar indicador qualidade exclusão serial relatório técnico
solicitar exclusão ns somente relatório técnico abaixo lançar devido problema qualidade reportar mesmo não dever contabilizar indicador qualidade exclusão serial relatório técnico sisap;Corretiva;solicitar exclusão somente relatório técnico abaixo lançar devido qualidade reportar dever contabilizar indicador qualidade exclusão serial relatório técnico
solicitar exclusão ns somente relatório técnico abaixo lançar devido problema qualidade reportar mesmo não dever contabilizar indicador qualidade exclusão serial relatório técnico sisap;Corretiva;solicitar exclusão somente relatório técnico abaixo lançar devido qualidade reportar dever contabilizar indicador qualidade exclusão serial relatório técnico
bom tarde solicitar inclusão informação linho origem modelo sipap tela resumo inspeção ob inspeção inroom baixar planilha exel solicitação inclusão linha origem modelo sipap;Corretiva;solicitar inclusão informação linho origem modelo sipap tela resumo inspeção inspeção inroom baixar planilha exel inclusão origem modelo sipap
solicitar criação posto inspeção oqc inline onde inspetor poder registrar serial dentro sisap após auditoria realizar linha atividade melhoria afim garantir confiabilidade processo atividade executar cada hora durante expediente criação posto inspeção h h cq Inline;Melhorias;solicitar criação inspeção oqc inline onde inspetor poder registrar serial dentro após auditoria realizar atividade melhoria afim garantir confiabilidade processo atividade executar cada hora durante expediente criação inspeção inline
solicitar exclusão ns somente relatório técnico abaixo lançar devido problema qualidade reportar mesmo não dever contabilizar indicador qualidade exclusão serial relatório técnico sisap;Corretiva;solicitar exclusão somente relatório técnico abaixo lançar devido qualidade reportar dever contabilizar indicador qualidade exclusão serial relatório técnico
solicitar serial inspecionar ano inspeção inlinir inroom desde agradeço solicitação serial oqc tv;Corretiva;solicitar serial inspecionar ano inspeção inlinir inroom desde agradeço serial oqc
solicitar exclusão ns somente relatório técnico abaixo lançar devido problema qualidade reportar mesmo não dever contabilizar indicador qualidade exclusão serial relatório técnico sisap;Corretiva;solicitar exclusão somente relatório técnico abaixo lançar devido qualidade reportar dever contabilizar indicador qualidade exclusão serial relatório técnico
solicitar verificar possibilidade relatório oba sipap baixar arquivo excel todo serial único vez arquivo dever constar serial data linha origem nome inspetor turno modelo baixar relatório detalhar sipap;Corretiva;solicitar possibilidade relatório oba sipap baixar arquivo excel todo serial único vez arquivo dever constar serial data origem nome inspetor turno modelo baixar relatório detalhar sipap
solicitar inclusão registro inspeção inlinir serial abaixo respectivo linha dia inspetor registrar serial planilha exel favor incluir sisap registro leitura posto arquivo anexo seguir serial inclusão serial inspeção oqc inline;Corretiva;solicitar inclusão registro inspeção inlinir serial abaixo respectivo inspetor registrar serial planilha exel incluir registro leitura arquivo anexo seguir serial inclusão serial inspeção oqc inline
solicitar correção sistema sipap posto oba não conseguir baixar relatório diário falha baixar arquivo sipap posto oba;Corretiva;solicitar correção sipap oba conseguir baixar relatório diário falha baixar arquivo sipap oba
resultado oqc data misturar resumo sipap resultado oqc data misturar resumo sipap;Corretiva;resultado oqc data misturar resumo sipap resultado oqc data misturar resumo sipap
solicitar estudo time verificar possibilidade não considerar registro falso falha fase placo painel registro oficial montagem final ex fase placo registro falso falha não dever considerar defeito montagem final registro pouco correção melhoria sistema sisap;Corretiva;solicitar estudo time possibilidade considerar registro falso falha fase placo painel registro oficial montagem final fase placo registro falso falha dever considerar defeito montagem final registro pouco correção melhoria
solicitar correção reprovação serial correção reprovação pa;Corretiva;solicitar correção reprovação serial correção reprovação
solicitar correção dentro posto oba aprovação inspetor ex dentro relatório inspeção aparecer nome inspetor agora branco conforme anexo correção nome inspetor relatório oqc;Corretiva;solicitar correção dentro oba aprovação inspetor dentro relatório inspeção aparecer nome inspetor agora branco conforme anexo correção nome inspetor relatório oqc
solicitar correção reprovação serial correção reprovação pa;Corretiva;solicitar correção reprovação serial correção reprovação
solicitar inclusão posto h h dois coluna nome inspetor status reprovar incluir posto h h coluna nome inspetor status;Melhorias;solicitar inclusão dois coluna nome inspetor status reprovar incluir coluna nome inspetor status
solicitar exclusão serial relatório técnico fase Imc mf anexo seguir serial exclusão serial relatório técnico sisap;Corretiva;solicitar exclusão serial relatório técnico fase anexo seguir serial exclusão serial relatório técnico
solicitar exclusão serial relatório técnico fase mf serial diagnosticar falso falha exclusão serial relatório técnico sisap;Corretiva;solicitar exclusão serial relatório técnico fase serial diagnosticar falso falha exclusão serial relatório técnico
solicitar exclusão seria abaixo somente relatório técnico mf exclusão serial relatório técnico sisap;Corretiva;solicitar exclusão abaixo somente relatório técnico exclusão serial relatório técnico
desconsiderar nada constar fase placo mf desconsiderar nada constar fase placo mf;Corretiva;desconsiderar nada constar fase placo desconsiderar nada constar fase placo
solicitar correção usuário thiago pereirar Cruz drt durante registro sipap mostrar duplicidade nome inspetor avaliar percebir tratar drt diferente nome inspetor drt;Corretiva;solicitar correção thiago pereirar durante registro sipap mostrar duplicidade nome inspetor avaliar percebir tratar drt diferente nome inspetor drt
solicitar correção serial abaixo correção relatório técnico Pa;Corretiva;solicitar correção serial abaixo correção relatório técnico
solicitar estudo verificar possibilidade inclusão checklist inspeção oqc sisap criação controle atividade reembalagem oqc ex inspetor dever realizar leitura todo item embalagem sisap antes aprovação produto controle atividade reembalagem oqc;Melhorias;solicitar estudo possibilidade inclusão checklist inspeção oqc criação controle atividade reembalagem oqc inspetor dever realizar leitura todo item embalagem antes aprovação produto controle atividade reembalagem oqc
solicitar estudo verificar possibilidade inspeção produto acabar produto embalar teste inlinir realizar qualidade inspeção inlinir pa aparelho embalar;Melhorias;solicitar estudo possibilidade inspeção produto acabar produto embalar teste inlinir realizar qualidade inspeção inlinir aparelho embalar
solicitar ativação função sisap tela confiabilidade opção confiabilidade existir sisap porém inoperante registro inspeção sisap confiabilidade;Melhorias;solicitar ativação função tela confiabilidade opção confiabilidade existir porém inoperante registro inspeção confiabilidade
solicitar exclusão seria relatório técnico fase iac sisap exclusão serial relatório técnico sisap;Corretiva;solicitar exclusão relatório técnico fase exclusão serial relatório técnico
solicitar exclusão seria relatório técnico fase mf sisap exclusão serial relatório técnico sisap;Corretiva;solicitar exclusão relatório técnico fase exclusão serial relatório técnico
solicitar estudo possibilidade incluir posto inspeção oqc inlinir coluna seguinte status start inspeção end inspeção inclusão coluna posto inspeção oqc inline;Melhorias;solicitar estudo possibilidade incluir inspeção oqc inlinir coluna seguinte status start inspeção end inspeção inclusão coluna inspeção oqc inline
solicitar correção usuário tiagodo thiagopc relatorio posto oba usuário relatar não conseguir incluir informação campo observação dentro relatorio posto oba sisap;Corretiva;solicitar correção tiagodo oba relatar conseguir incluir informação campo observação dentro relatorio oba
solicitar exclusão serial relatório técnico mf exclusão serial relatório técnico sisap;Corretiva;solicitar exclusão serial relatório técnico exclusão serial relatório técnico
solicitar exclusão serial relatório técnico fase imc exclusão serial relatório técnico sisap;Corretiva;solicitar exclusão serial relatório técnico fase imc exclusão serial relatório técnico
solicitar exclusão serial relatório técnico mf exclusão serial relatório técnico sisap;Corretiva;solicitar exclusão serial relatório técnico exclusão serial relatório técnico
solicitar exclusão serial relatorio tecnico mf serial abaixo exclusão serial relatório técnico sisap;Corretiva;solicitar exclusão serial relatorio tecnico serial abaixo exclusão serial relatório técnico
descrição problema solicitar exclusão serial relatorio tecnico mf serial abaixo exclusão serial relatório técnico sisap;Corretiva;descrição solicitar exclusão serial relatorio tecnico serial abaixo exclusão serial relatório técnico
estudo proposta modelagem sistêmico estudo inspeção oqc inline;Melhorias;estudo proposta modelagem sistêmico estudo inspeção oqc inline
solicitar inclusão serial rejeitar oqc correção reprovação pa;Corretiva;solicitar inclusão serial rejeitar oqc correção reprovação
solicitar remoção coluna percentual regra definir alteração cor vermelho verde anexo seguir detalhamento correção relatório inspeção ob;Corretiva;solicitar remoção coluna percentual regra definir alteração cor vermelho verde anexo seguir detalhamento correção relatório inspeção
solicitar rastreio serial placa modelo dia rastreio serial;Corretiva;solicitar rastreio serial placa modelo rastreio serial
solicitar serial placa montada ne pa abaixo solicitação serial;Corretiva;solicitar serial placa montada abaixo serial
solicitar exclusão seria abaixo relatorio tecnico mf exclusão serial relatório técnico sisap;Corretiva;solicitar exclusão abaixo relatorio tecnico exclusão serial relatório técnico
bom tarde solicitar dissociação serial abaixo produto revisar retrabalhar dissociação sisap;Corretiva;solicitar dissociação serial abaixo produto revisar retrabalhar dissociação
solicitar correção reprovação pa oqc correção reprovação pa;Corretiva;solicitar correção reprovação oqc correção reprovação
serial modelo serial painel amarrar rastreio pa;Corretiva;serial modelo serial painel amarrar rastreio
solicitar serial de esse modelo assim serial painel amarrar rastreio serial;Corretiva;solicitar serial modelo assim serial painel amarrar rastreio serial
solicitar rastreio pa ne respectivo serial painel associar rastreio pa;Corretiva;solicitar rastreio respectivo serial painel associar rastreio
bom dia cassio solicitar desassociação serial abaixo produto revisar mobilidade linha retrabalho revisão pa;Corretiva;solicitar desassociação serial abaixo produto revisar mobilidade retrabalho revisão
bom dia cassio conforme falar solicitar estudo ti inclusão painel onlinar inspeção oqc objetivo monitorarmos tempo real resultado inspeção ideia painel onlinar similar utilizar produção hoje diferença precisaríar visualizar data gerar relatório diário mensal resultado inspeção anexo seguir sugestão layout criação painel on linar inspeção oqc;Melhorias;conforme falar solicitar estudo inclusão painel onlinar inspeção oqc objetivo monitorarmos tempo real resultado inspeção ideia painel onlinar similar utilizar produção hoje diferença precisaríar visualizar data gerar relatório diário mensal resultado inspeção anexo seguir sugestão layout criação painel linar inspeção oqc
descrição problema bom dia cassio solicitar desassociação serial abaixo retrabalho revisão pa;Corretiva;descrição solicitar desassociação serial abaixo retrabalho revisão
bom dia eduardo solicitar inclusão campo leitura base pedestal pois modelo não efetuar leitura qr coder base posto oba inclusão campo leitura base pedestal;Corretiva;eduardo solicitar inclusão campo leitura base pedestal pois modelo efetuar leitura coder base oba inclusão campo leitura base pedestal
desconsiderar serial abaixo desconsiderar seria;Corretiva;desconsiderar serial abaixo desconsiderar
solicitar serial painéis associado pa modelo tv qled tcl associação Pa;Corretiva;solicitar serial painéis associado modelo qled tcl associação
desconsiderar serial abaixo relatório técnico mf desconsiderar seria;Corretiva;desconsiderar serial abaixo relatório técnico desconsiderar
bom dia cassio solicitar desassociação kit acessório base pedestal serial abaixo produto revisar produção linha retrabalho revisão pa;Corretiva;solicitar desassociação kit acessório base pedestal serial abaixo produto revisar produção retrabalho revisão
solicitar rastreio serial painel associado pa modelo tv qled tcl rastreio pa;Corretiva;solicitar rastreio serial painel associado modelo qled tcl rastreio
descrição problema desconsiderar serial abaixo relatório técnico mf anexo seguir serial desconsiderar seria;Corretiva;descrição desconsiderar serial abaixo relatório técnico seguir serial desconsiderar
bom dia solicitar desassociação serial abaixo produto retrabalhar retrabalho revisão pa;Corretiva;solicitar desassociação serial abaixo produto retrabalhar retrabalho revisão
solicitar estudo incluir relatório inspeção ob associação item kit acessório base pedestal lir processo produtivo serial especifico objetivo evitar mistura kit acessório base pedestal durante inspeção amarração kit acessório base pedestal;Melhorias;solicitar estudo incluir relatório inspeção associação item kit acessório base pedestal lir processo produtivo serial especifico objetivo evitar mistura kit acessório base pedestal durante inspeção amarração kit acessório base pedestal
solicitar correção checklist oqc remover item teste funcional Ajust Adc atualização checklist oqc;Corretiva;solicitar correção checklist oqc remover item teste funcional ajust adc atualização checklist oqc
desconsiderar serial somente relatório técnico desconsiderar seria;Corretiva;desconsiderar serial somente relatório técnico desconsiderar
desconsiderar serial relatório técnico mf desconsiderar seria;Corretiva;desconsiderar serial relatório técnico desconsiderar
bom dia solicitar exclusão serial somente relatório técnico mf anexo seguir serial desconsiderar seria;Corretiva;solicitar exclusão serial somente relatório técnico seguir serial desconsiderar
bom tarde solicitar viabilidade incluir sistema sisap sipap registro inspeção realizar time iqc objetivo aprimorar controle rastreabilidade atividade inspeção centralizar informação sistema arquivo anexo possível acessar link direcionar formato atual registro utilizar google forms proposta manter modelo estrutura Campos porém diretamente sistema sisap sipap objetivo padronizar fortalecer controle inspeção realizar time iqc fico disposição esclarecer qualquer dúvida apoiar necessário inclusão registro inspeção iqc sisap sipap;Melhorias;solicitar viabilidade incluir sipap registro inspeção realizar time iqc objetivo aprimorar controle rastreabilidade atividade inspeção centralizar informação arquivo anexo possível acessar link direcionar formato atual registro utilizar google forms proposta manter modelo estrutura campos porém diretamente sipap objetivo padronizar fortalecer controle inspeção realizar time iqc fico disposição esclarecer qualquer dúvida apoiar necessário inclusão registro inspeção iqc sipap
bom tarde northon conforme falar solicitar correção dado inspeção oqc dia não aparecer registro imputar inspeção inroom inspetor ruar falha registro sipap;Corretiva;northon conforme falar solicitar correção inspeção oqc aparecer registro imputar inspeção inroom inspetor falha registro sipap
bom tarde cassio solicitar desassociação somente base pedestal kit acessório serial abaixo retrabalho revisão pa;Corretiva;solicitar desassociação somente base pedestal kit acessório serial abaixo retrabalho revisão
solicitar serial painel associado ne período associação pa;Corretiva;solicitar serial painel associado período associação
favor desconsiderar relatório técnico mf serial anexo desconsiderar seria;Corretiva;desconsiderar relatório técnico serial anexo desconsiderar
bom tarde favor realizar desassociação kit acessório serial destacado anexo produção retrabalhar linha retrabalho revisão pa;Corretiva;realizar desassociação kit acessório serial destacado anexo produção retrabalhar retrabalho revisão
solicitar rastreio serial placa painel associado pa abaixo serial rastreio serial;Corretiva;solicitar rastreio serial placa painel associado abaixo serial rastreio serial
bom tarde solicitar desconsiderar relatório técnico mf serial destacado anexo desconsiderar seria;Corretiva;solicitar desconsiderar relatório técnico serial destacado anexo desconsiderar
solicitar correção pois função reabrir lote inoperante posto confiabilidade função reabrir lote inoperante posto confiabilidade;Corretiva;solicitar correção pois função reabrir lote inoperante confiabilidade função reabrir lote inoperante confiabilidade
solicitar desconsiderar relatório técnico mf serial abaixo desconsiderar seria;Corretiva;solicitar desconsiderar relatório técnico serial abaixo desconsiderar
solicitar desconsiderar serial relatório técnico mf desconsiderar seria;Corretiva;solicitar desconsiderar serial relatório técnico desconsiderar
solicitar desconsiderar relatório técnico serial abaixo desconsiderar seria;Corretiva;solicitar desconsiderar relatório técnico serial abaixo desconsiderar
solicitar desconsiderar serial abaixo relatorio técnico desconsiderar seria;Corretiva;solicitar desconsiderar serial abaixo técnico desconsiderar
bom dia favor desconsiderar serial relatorio técnico mf desconsiderar seria;Corretiva;desconsiderar serial técnico desconsiderar
bom dia solicitar desconsiderar serial abaixo relatorio técnico mf desconsiderar seria;Corretiva;solicitar desconsiderar serial abaixo relatorio técnico desconsiderar
solicitar gentileza desconsiderar serial abaixo relatorio técnico mf desconsiderar seria;Corretiva;solicitar desconsiderar serial abaixo relatorio técnico desconsiderar
solicitar exclusão serial relatorio técnico mf desconsiderar seria;Corretiva;solicitar exclusão serial relatorio técnico desconsiderar
bom dia solicitar exclusão serial relatorio tecnico mf desconsiderar seria;Corretiva;solicitar exclusão serial relatorio tecnico desconsiderar
solicitar desconsiderar serial relatorio técnico mf desconsiderar seria;Corretiva;solicitar desconsiderar serial técnico desconsiderar
atualização serial oqc em g sisap atualização serial em g sisap;Corretiva;atualização serial oqc atualização serial
solicitar correção status lote reprovado aprovar inspetor registrar reprovação forma equivocar correção registro inspeção oqc;Corretiva;solicitar correção status lote reprovado aprovar inspetor registrar reprovação forma equivocar correção registro inspeção oqc
solicitar desconsiderar serial relatorio tecnico mf desconsiderar seria;Corretiva;solicitar desconsiderar serial relatorio tecnico desconsiderar
solicitar desconsiderar serial abaixo relatorio tecnico mf desconsiderar seria;Corretiva;solicitar desconsiderar serial abaixo relatorio tecnico desconsiderar
solicitar inclusão relatório técnico mf imc smt coluna específico registro ap op ordem produção associar serial defeito identificar fim aprimorar rastreabilidade ocorrência ncluir relatório técnico mf imc smt coluna conter ap op ord;Melhorias;solicitar inclusão relatório técnico coluna específico registro ordem produção associar serial defeito identificar fim aprimorar rastreabilidade ocorrência ncluir relatório técnico coluna conter ord
solicitar desconsiderar serial abaixo relatório técnico iac desconsiderar seria;Corretiva;solicitar desconsiderar serial abaixo relatório técnico iac desconsiderar
solicitar desconsiderar serial abaixo desconsiderar seria;Corretiva;solicitar desconsiderar serial abaixo desconsiderar
durante processo registro amostra oqc identificar falha modelo não realizar leitura base pedestal inconsistência impedir conclusão adequado procedimento registro sistema diante ocorrer intervenção equipe ti análise correção falha fim restabelecer operação normal processo falha registro oqc;Corretiva;durante processo registro amostra oqc identificar falha modelo realizar leitura base pedestal inconsistência impedir conclusão adequado procedimento registro diante ocorrer intervenção equipe análise correção falha fim restabelecer operação normal processo falha registro oqc
bom tarde favor realizar desassociação kit acessório serial destacado anexo produção retrabalhar linha desconsiderar seria;Corretiva;realizar desassociação kit acessório serial destacado anexo produção retrabalhar desconsiderar
bom tarde favor realizar desassociação kit acessório serial destacado anexo produto retrabalhar linha retrabalho revisão pa;Corretiva;realizar desassociação kit acessório serial destacado anexo produto retrabalhar retrabalho revisão
solicitar desconsiderar serial abaixo relatório técnico produção mf desconsiderar seria;Corretiva;solicitar desconsiderar serial abaixo relatório técnico produção desconsiderar
solicitar desconsiderar serial abaixo relatorio tecnico mf desconsiderar seria;Corretiva;solicitar desconsiderar serial abaixo relatorio tecnico desconsiderar
bom tarde northon dar conforme falar seguir chamado atualização painel onlinar ocq item ser adicionar incluir nivel ii acordo em br após detecção defeito produto reprovar inspeção dever modificar nivel ii ajustar layout conforme planilhar anexo nota lembrar produto partir inspeção dar somente inspeção inroom atualização painel onlinar oqc;Melhorias;dar conforme falar seguir chamado atualização painel onlinar ocq item adicionar incluir nivel acordo após detecção defeito produto reprovar inspeção dever modificar nivel ajustar layout conforme planilhar anexo nota lembrar produto partir inspeção dar somente inspeção inroom atualização painel onlinar oqc
implantar estação controle caixa embalagem processo controle dever ter informação número caixa entrar processo número defeito tipo indicador cada caixa entrar contémr número série nota controle existir forma manual querer otimizar processo sistema garantir bom praticidade acuracidade desenvolvimento novo tela sisap;Nova instalação;implantar estação controle caixa embalagem processo controle dever ter informação número caixa entrar processo número defeito tipo indicador cada caixa entrar contémr número série nota controle existir forma manual querer otimizar processo garantir praticidade acuracidade desenvolvimento novo tela
acesso pasta detalhamento item acesso sisap;Avaliação_Técnica;pasta detalhamento item
técnico vandir Ramos Souza não conseguir fazer login sisap impossibilidade login;Corretiva;técnico vandir conseguir fazer login impossibilidade login
solicitar realizar casamento condensadora evaporadora ac quantidade unidade amarração produto descasar;Corretiva;solicitar realizar casamento condensadora evaporadora quantidade unidade amarração produto descasar
solicitar realizar casamento condensadora evaporadora op ac qty unidade amarração produto descasar;Corretiva;solicitar realizar casamento condensadora evaporadora qty unidade amarração produto descasar
registro solicitação fazer ver Whatsapp algum cooper tube estao aparecer encerrado posto consultar ainda saldo problema ocorrer recorrencia fechar sisap saldo;Erro;registro fazer ver whatsapp algum cooper tube estao aparecer encerrado consultar ainda saldo ocorrer recorrencia fechar saldo
requisição usuário lista anexo problema acessar sisap dizer logar sistema usuário sessão ativo sisap;Avaliação_Técnica;requisição lista anexo acessar dizer logar sessão ativo
op lote apontar sisap porém sap unidade lote migrar quantidade errar;Corretiva;lote apontar porém unidade lote migrar quantidade errar
analise migração lote sisap sap ap amarração lote constar ok sap constar migrar somente unidade lote consumo op sistema sisap constar apontado lote migrar quantidade errar;Corretiva;analise migração lote amarração lote constar constar migrar somente unidade lote consumo constar apontado lote migrar quantidade errar
erro baixar informação sisap planilha excel erro baixar planilha resumo produção sisap;Erro;erro baixar informação planilha excel erro baixar planilha resumo produção
tentar reimprimir etiqueta modelo constar sistema reimpressão intervalo seguir número serie reimpressão reimpressão etiqueta;Corretiva;tentar reimprimir etiqueta modelo constar reimpressão intervalo seguir número serie reimpressão reimpressão etiqueta
solicitar correção quantidade apontar lote correção lote;Corretiva;solicitar correção quantidade apontar lote correção lote
correção cadastro item sistema metro cadastro sistema Metro;Melhorias;correção cadastro item metro cadastro metro
seguir ver solicitação lista evaps conds ne;Melhorias;seguir ver lista evaps conds
acesso menu pôr posto erro error an error occurred While processing Your request usuario francimarrl acesso sistema;Erro;menu pôr erro error error occurred while processing your request usuario francimarrl
defeito ser lançar pli não ser adicionar sisap defeito pli x sem descrição sisap;Corretiva;defeito lançar pli adicionar defeito pli descrição
alteração perfil usuario evaldocb alterar perfil francimarrl atelração perfil;Adequação de layout;alteração perfil usuario evaldocb alterar perfil francimarrl atelração perfil
usuario francimarrl não acesso cadastro mascara espelhar usuario cynthiags usuario francimarrl acesso atelração perfil;Melhorias;usuario francimarrl cadastro mascara espelhar usuario cynthiags usuario francimarrl atelração perfil
importar contato rede tcl instalar linguagem zoom importar contato;Melhorias;importar contato rede tcl instalar linguagem zoom importar contato
não consigar acessar sistema sap atualização sap;Erro;consigar acessar atualização
não ser possível leitura ns sistema sisap posto linha oba arcon arc testar oba leitura sisap posto oba arcon;Erro;possível leitura oba arcon arc testar oba leitura oba arcon
durante analise coleta dado rastreio ns nome registrar operação não fazer parte planto arcon solicitar analise atualização atualização cadastro nome pessoa registrar processo;Melhorias;durante analise coleta rastreio nome registrar operação fazer parte planto arcon solicitar analise atualização atualização cadastro nome pessoa registrar processo
solicitar forma melhoria adaptação posto oba sisap planto arcon forma melhorar otimizar processo inspeção qualidade projeto posto oba sisap arcon;Avaliação_Técnica;solicitar forma melhoria adaptação oba planto arcon forma melhorar otimizar processo inspeção qualidade projeto oba arcon
cadastro úsuario sistema pli instalação software computador técnico reparo cadastro acesso sistema instalação pli;Nova instalação;cadastro úsuario pli instalação software computador técnico reparo cadastro instalação pli
realizar novo cadastro usuario apenas consulta sistema pli operador jamerson oliveira Pereira drt solicitação login pli manager;Nova instalação;realizar novo cadastro usuario apenas consulta pli operador jamerson oliveira pereira drt login pli manager
registo defeito reteste sisap não disponível consulta dia hoje sistema iot online funcionando porém não ter registro erro consulta registro relatório técnico;Erro;registo defeito reteste disponível consulta hoje iot online funcionando porém ter registro erro consulta registro relatório técnico
pôr reparo desmembrar lista causa tv x arcon lista causa ação opção diverso compartilhar tv arcon solicito melhoria poder individualizar lista apareçar somente opção relacionar planto arcon posto reparo desmembrar lista causa tv x arcon;Melhorias;pôr reparo desmembrar lista causa arcon lista causa ação opção diverso compartilhar arcon melhoria poder individualizar lista apareçar somente opção relacionar planto arcon reparo desmembrar lista causa arcon
todo defeito origem posto testar performance ser lançar failcode correto porém descrição branco defeito failcode branco;Corretiva;todo defeito origem testar performance lançar failcode correto porém descrição branco defeito failcode branco
solicitar desativar obrigatoriedade posto hipot Evap devido problema dispositivo teste obs solicitação desativação temporário aprovar adriano carolino retirar temporariamente obrigatoriedade hipot Evap;Erro;solicitar desativar obrigatoriedade hipot evap devido dispositivo teste obs desativação temporário aprovar retirar temporariamente obrigatoriedade hipot evap
migração dado não ocorrer sistema iot sisap leitura posto teste sem registro sem leitura posto teste;Corretiva;migração ocorrer iot leitura teste registro leitura teste
solicitar correção lançamento dado relatório técnico rastreabilidade abaixo necessário corrigir causo origem observação correção lançamento relatório técnico arcon;Erro;solicitar correção lançamento relatório técnico rastreabilidade abaixo necessário corrigir causo origem observação correção lançamento relatório técnico arcon
retornar registro ns deixar abrir arcon alteração defeito lançar;Retorno;retornar registro deixar abrir arcon alteração defeito lançar
solicitar cadastro supervisor autenticação alteração defeito desassioação item cadastro supervisor alteração defeito;Melhorias;solicitar cadastro supervisor autenticação alteração defeito desassioação item cadastro supervisor alteração defeito
solicitar permissão acesso usuário franciscobf cadastro defeito posto defeito especifico listagem causa origem ação autorizar adriano carolino adicionar permissão cadastro defeito;Melhorias;solicitar permissão franciscobf cadastro defeito defeito especifico listagem causa origem ação autorizar adicionar permissão cadastro defeito
posto leitura testador iot não requer autorização acesso solicitar criar autenticação bloqueio acesso restrito posto teste iot autenticação;Melhorias;leitura testador requer autorização solicitar criar autenticação bloqueio restrito teste autenticação
após leitura número série não possível lançamento defeito avaliar alternativa caso necessário lançamento defeito após leitura posto lançamento possível lançamento defeito após leitura;Corretiva;após leitura número série possível lançamento defeito avaliar alternativa caso necessário lançamento defeito após leitura lançamento possível lançamento defeito após leitura
sequenciamento posto linha condensadora incorreto posto testar vácuo sequência sequenciamento correto amarração teste vácuo injeção gás vazamento hipot teste performance vazamento embalagem sequenciamento posto incorreto condensador;Corretiva;sequenciamento condensadora incorreto testar vácuo sequência sequenciamento correto amarração teste vácuo injeção gás vazamento hipot teste performance vazamento embalagem sequenciamento incorreto condensador
sisap não registrar defeito produto repror modo quente teste performance produto quente frio;Corretiva;registrar defeito produto repror modo quente teste performance produto quente frio
cadastro tela detalhamento item filtro não trás ne inclusão regra engenharia cadastrar descrição campo descrição resumir criação ap impressão teste modelo kit acessório configuração posto criar tipo amarração posto vincular codigo familia verificar cod familia sap conversão sisap ativar ne junto bom produto cadastro etiqueta rastreabilidade;Melhorias;cadastro tela detalhamento item filtro trás inclusão regra engenharia cadastrar descrição campo descrição resumir criação impressão teste modelo kit acessório configuração criar tipo amarração vincular codigo familia conversão ativar junto produto cadastro etiqueta rastreabilidade
incluir linha kit acessório amarração validação outro etiqueta estrutura desejar leitura Barcode kit leitura validação etiq diagrama novo validação peso kit acessório kit acessório amarração etiq;Melhorias;incluir kit acessório amarração validação outro etiqueta estrutura desejar leitura barcode kit leitura validação etiq diagrama novo validação peso kit acessório kit acessório amarração etiq
registro defeito fazer forma incorreto registro triplicado solicitar correção deixar apenas registro três anexo alteração registro defeito;Corretiva;registro defeito fazer forma incorreto registro triplicado solicitar correção deixar apenas registro três anexo alteração registro defeito
solicitar permissão acesso usuário qualidade abaixo cadastro defeito posto defeito especifico listagem causa origem ação usuário ingridlc christiansp alexandreo autorizar adriano carolino adicionar permissão cadastro defeito;Melhorias;solicitar permissão qualidade abaixo cadastro defeito defeito especifico listagem causa origem ação ingridlc christiansp alexandreo autorizar adicionar permissão cadastro defeito
acrescentar lista desvio linha novo ne condensadora cassete novo ne realizar desvio leitura linha dispositivo teste desvio leitura teste iot x sisap;Melhorias;acrescentar lista desvio novo condensadora cassete novo realizar desvio leitura dispositivo teste desvio leitura teste iot
sisap não registrar defeito produto reprovar modo quente condensadora teste performance simular teste ns reprovar modo quente sistema não lançar defeito reprovar modo frio sistema lançar defeito aprovar todo teste teste performance produto quente frio;Corretiva;registrar defeito produto reprovar modo quente condensadora teste performance simular teste reprovar modo quente lançar defeito reprovar modo frio lançar defeito aprovar todo teste teste performance produto quente frio
solicitar alteração registro defeito vincular número lançamento fazer forma duplicar alterar nada constar alteração defeito arcon;Corretiva;solicitar alteração registro defeito vincular número lançamento fazer forma duplicar alterar nada constar alteração defeito arcon
posto embalagem evaporadora arcon permitir ler apontar produto kit acessório não ler apontar posto origem proposta caso número série kit acessório não produzir ler linha origem sistema bloqueie leitura validação origem amarração acessório;Corretiva;embalagem evaporadora arcon permitir ler apontar produto kit acessório ler apontar origem proposta caso número série kit acessório produzir ler origem bloqueie leitura validação origem amarração acessório
após leitura número série não possível lançamento defeito atendir chamado passado onde criar posto lançamento defeito linha evaporadoro replicar posto lançamento defeito linha evaporadoro condensador condensador evaporadoro condensador anexo posto replicar outro linha lançamento defeito após leitur;Corretiva;após leitura número série possível lançamento defeito atendir chamado passado onde criar lançamento defeito evaporadoro replicar lançamento defeito evaporadoro condensador condensador evaporadoro condensador anexo replicar outro lançamento defeito após leitur
durante produção hoje identificar número série lançar defeito failed porém não defeito registrar testador posto vácuo número série sisap relatório técnico defeito failed;Erro;durante produção hoje identificar número série lançar defeito failed porém defeito registrar testador vácuo número série relatório técnico defeito failed
produto aprovar reteste porém não fechar registro nada constar serial iot sisap defeito abrir não fechar reteste;Corretiva;produto aprovar reteste porém fechar registro nada constar serial iot defeito abrir fechar reteste
maneira excepcional solicitar remover obrigatoriedade posto abaixo linha arcon Evap posto teste funcional remover obrigatoriedade pôr evaporadora;Adequação de layout;maneira excepcional solicitar remover obrigatoriedade abaixo arcon evap teste funcional remover obrigatoriedade pôr evaporadora
acrescentar novo teste hipot falha apresentar failcoder ok necessário analise melhoria quanto failcode sisap x iot Evap integração hipot funcional;Melhorias;acrescentar novo teste hipot falha apresentar failcoder necessário analise melhoria quanto failcode iot evap integração hipot funcional
adicionar lista failcode equipamento hipot ainuo pw above limit pw Below limit adicionar failcode testador iot;Melhorias;adicionar lista failcode equipamento hipot ainuo above limit below limit adicionar failcode testador iot
solicitar expansão permissão usuário sisap sandreym seguinte usuário fernandot adrianoscr espelhamento permissão sisap;Melhorias;solicitar expansão permissão sandreym seguinte fernandot adrianoscr espelhamento permissão
alterar obrigatoriedade posto linha arcon Evap posto teste hipot obrigatório posto teste funcional opcional alteração obrigatoriedade posto evaporador;Melhorias;alterar obrigatoriedade arcon evap teste hipot obrigatório teste funcional opcional alteração obrigatoriedade evaporador
configurar posto importação dado iot linha posto teste hipot configuração posto integração iot;Melhorias;configurar importação iot teste hipot configuração integração iot
cadastrar failcode defeito adicionar descrição test step aborted cadastro failcode;Melhorias;cadastrar failcode defeito adicionar descrição test step aborted cadastro failcode
alterar registo resteste defeito alteração defeito transferir reteste defeito;Corretiva;alterar registo resteste defeito alteração defeito transferir reteste defeito
alterar observação defeito registrar ns pci análise técnico pci substituido alterar observação registro defeito;Corretiva;alterar observação defeito registrar pci análise técnico pci substituido alterar observação registro defeito
não possível selecionar defeito modificar registro exemplo ns adicionar permissão selecionar defeito alterar alteração defeito relatório técnico;Melhorias;possível selecionar defeito modificar registro exemplo adicionar permissão selecionar defeito alterar alteração defeito relatório técnico
acrescentar lista desvio linha novo ne condensadora cassete realizar desvio leitura linha dispositivo teste desvio leitura teste iot x sisap;Melhorias;acrescentar lista desvio novo condensadora cassete realizar desvio leitura dispositivo teste desvio leitura teste iot
criação ordem impressão item substituir atual ordem sisap ordir impressão;Melhorias;criação ordem impressão item substituir atual ordem ordir impressão
duplicidade registro leitura realizar operadora drt duplicidade leitura posto embalagem cond drt;Erro;duplicidade registro leitura realizar operadora drt duplicidade leitura embalagem cond drt
sistema impressão não permitir impresso etiq único impressão etiq número série único;Melhorias;impressão permitir impresso etiq único impressão etiq número série único
adicionar permissão acesso sisap usuário cynthiagl acordo permissão usuário fernandot adicionar permissão sisap;Melhorias;adicionar permissão cynthiagl acordo permissão fernandot adicionar permissão
solicitar criação ordem padrão impressão etiq modulo eletr cont invert fi Mont modulo eletr cont invert criação ordem impressão etiq;Melhorias;solicitar criação ordem padrão impressão etiq modulo eletr cont mont modulo eletr cont invert criação ordem impressão etiq
acrescentar ne abaixo lista desvio leitura ponto teste realizar desvio leitura linha dispositivo teste desvio leitura teste iot x sisap;Nova instalação;acrescentar abaixo lista desvio leitura ponto teste realizar desvio leitura dispositivo teste desvio leitura teste iot
cadastrar novo centro trabalho linha novo posto solda válvula via Coppertube solda via centro trabalho linha solda válvula via;Nova instalação;cadastrar novo centro trabalho novo solda válvula via coppertube solda via centro trabalho solda válvula via
solicitar criação ordem escrar impressão etiqueta modulo eletr Cont invert fi mont modulo eletr Cont invert fi mont criação ordem impressão etiq;Nova instalação;solicitar criação ordem escrar impressão etiqueta modulo eletr cont invert mont modulo eletr cont invert mont criação ordem impressão etiq
não possível imprimir arcon etiqueta ordem lista aparecer apenas impressora tv adicionar impressora arcon;Corretiva;possível imprimir arcon etiqueta ordem lista aparecer apenas impressora adicionar impressora arcon
solicitar criação ordem impressão etiq anatel ne etiq imp anatel rede utilizar referência item atual etiq imp anatel rede criação ordem único impressão etiq anatel;Melhorias;solicitar criação ordem impressão etiq anatel rede utilizar referência item atual rede criação ordem único impressão etiq anatel
criar ordem padrão impressão etiq painel item painel frontal evap cassete cj exemplo item semelhante ordir item painel frontal evap cassete cj criação ordem único impressão etiq painel;Nova instalação;criar ordem padrão impressão etiq painel item painel frontal evap cassete exemplo item semelhante ordir item painel frontal evap cassete criação ordem único impressão etiq painel
posto sisap cabine vazemento condensadora ficar inoperante após hrs novo jornada trabalho turno arcon postos sisap;Corretiva;cabine vazemento condensadora ficar inoperante após hrs novo jornada trabalho turno arcon postos
ajustar sisap início jornada trabalho arcon acordo informação abaixo intervalo horário término permanecer inalterado início comercial novo horário antes início turnão novo horário antes válido todo linha razão redução minuto reunião dds início linha alinhar rh dprod ajustir horário jornar trabalho sisap;Corretiva;ajustar início jornada trabalho arcon acordo informação abaixo intervalo horário término permanecer inalterado início comercial novo horário antes início horário antes válido todo razão redução minuto reunião dds início alinhar dprod ajustir horário jornar trabalho
adicionar permissão supervisor usuário abaixo alteração registro defeito posto reparo atualmente arcon somente permissão fernandot adrianosc adicionar usuário ingridlc cpf adicionar supervisor alteração defeito;Melhorias;adicionar permissão supervisor abaixo alteração registro defeito reparo atualmente arcon somente permissão fernandot adrianosc adicionar ingridlc cpf adicionar supervisor alteração defeito
solicitar junto ti melhoria posto leitura kit acessório implantar;Melhorias;solicitar junto melhoria leitura kit acessório implantar
bom dia sem acesso Metro preciso sistema baixar lista equipamento precisar calibração mensalmente erro informar precisar atualizar sem acesso Metro;Erro;metro preciso baixar lista equipamento precisar calibração mensalmente erro informar precisar atualizar metro
campo tipo instrumento equipamento abaixo estao classificar equipamento precisar mudar eletrico ficar igual demais seguir código equipamento osciloscópio digital osciloscópio digital osciloscópio digital mudança campo tipo instrumento;Corretiva;campo tipo instrumento equipamento abaixo estao classificar equipamento precisar mudar eletrico ficar igual demais seguir código equipamento osciloscópio digital osciloscópio digital osciloscópio digital mudança campo tipo instrumento
configurar catraca produção substituido configurar catraca produção substituir;Corretiva;configurar catraca produção substituido configurar catraca produção substituir
realizar criação procedure ir alimentar tabela criação procedure job atualização tabela funcionário;Corretiva;realizar criação procedure alimentar tabela criação procedure job atualização tabela funcionário
preciso instancia produção projeto web api projeto mvcr atualmente existeum ambiente homologação temporário nome instancia poder sugestão novo instancia iis servidor compativel;Nova instalação;preciso instancia produção projeto web api projeto mvcr atualmente existeum ambiente homologação temporário nome instancia poder sugestão novo instancia iis servidor compativel
preciso criar índice otimização consulta tabela tabela encontrar servidor tabela estrutura principal tabela estrutura secundario muito inserção log atividade otimização tabela projeto check imc;Melhorias;preciso criar índice otimização consulta tabela tabela encontrar servidor tabela estrutura principal tabela estrutura secundario inserção log atividade otimização tabela projeto check imc
não consigar acessar sisap banco usuário sistema não consigo acessar sisap banco homolog;Nova instalação;consigar acessar banco consigo acessar banco homolog
preciso acesso desenvolvedor software aluno Boostcamp acesso banco restrição isolamento de esse perfil somente servidor provisoriamente banco estudo novo aspirante dev preciso acesso desenvolvedor software aluno Boostcamp;Nova instalação;preciso desenvolvedor software aluno boostcamp banco restrição isolamento perfil somente servidor provisoriamente banco estudo novo aspirante dev preciso desenvolvedor software aluno boostcamp
manutenção código fonte sistema sisap imprimir novo etiqueta data matrix impressora amazon zebro manutenção código etiqueta rede;Corretiva;manutenção código fonte imprimir novo etiqueta data matrix impressora amazon zebro manutenção código etiqueta rede
construir query usar tabela log Banco dado clickhouse auxiliar dti mao construção painel monitoramento analise construção query monitoramento memoria clickhouse database;Melhorias;construir query usar tabela log banco clickhouse auxiliar dti mao construção painel monitoramento analise construção query monitoramento memoria clickhouse database
analise fluxo reimpressão etiqueta rede usar layout impressorazebra ajustir controlador etiqueta tipo funcionalidade ajustir regra negócio reprimir etiqueta rede remoção código anterior refactory funcionalidade fazer deploy código ajustir código fonte fluxo reimpressão etiqueta rede;Melhorias;analise fluxo reimpressão etiqueta rede usar layout impressorazebra ajustir controlador etiqueta tipo funcionalidade ajustir regra negócio reprimir etiqueta rede remoção código anterior refactory funcionalidade fazer deploy código ajustir código fonte fluxo reimpressão etiqueta rede
criação log aplicação rastreabilidade exceção sistema app backend frontend sistema iot arcon criar log aplicação salver localmente exceção aplicação rastreio biblioteca api frameworkr consolidar melhoria criação log aplicação rastreabilidade exceçãosistema;Melhorias;criação log aplicação rastreabilidade exceção app backend frontend iot arcon criar log aplicação salver localmente exceção aplicação rastreio biblioteca api frameworkr consolidar melhoria criação log aplicação rastreabilidade exceçãosistema
disponibilizar ambiente iis substituir acordo padrão comparativo servidor colocar em esse novo servidor projeto checkfeederwebapi após migrar mudar nome projeto migrar mudar nome projeto workfklow avaliar projeto office automation disponibilizar ambiente iis substituir;Nova instalação;disponibilizar ambiente iis substituir acordo padrão comparativo servidor colocar novo servidor projeto checkfeederwebapi após migrar mudar nome projeto migrar mudar nome projeto workfklow avaliar projeto office automation disponibilizar ambiente iis substituir
disponibilizar ambiente rabbitmq otimização serviço produção fazer ambiente novo qualquer sistema lts não servidor outro aplicação pegar lista fila servidor rabitmq ambiente produção em esse novo ambiente disponibilizar novo ambiente rabbitmq;Nova instalação;disponibilizar ambiente rabbitmq otimização serviço produção fazer ambiente novo qualquer lts servidor outro aplicação pegar lista fila servidor rabitmq ambiente produção novo ambiente disponibilizar novo ambiente rabbitmq
manutenção tela sisap editar posto revisar debugar tela encontrar solução salvar não modificar sobrescrever parametrização configuração integração iot checar tela editar manutenção tela sisap editar posto;Melhorias;manutenção tela editar revisar debugar tela encontrar solução salvar modificar sobrescrever parametrização configuração integração iot checar tela editar manutenção tela editar
aplicação check feeder imc melhorar funcionalidade importar dado ap anterior transferência componente modelo próximo ap planejado intuído passar componente sobrarar ap finalizar próximo ap rodar mesmo linha modelo fazer manutenção tela listar técnico transpassar ap melhorar funcionalidade importar dado ap anterior transferência;Melhorias;aplicação check feeder imc melhorar funcionalidade importar anterior transferência componente modelo próximo planejado intuído passar componente sobrarar finalizar próximo rodar modelo fazer manutenção tela listar técnico transpassar melhorar funcionalidade importar anterior transferência
avaliar possibilidade disponibilidade troca teclado fio mouse dell sem fio bluetooth notbook dell latitude teclado mouse sem fio somente receptor usb usar somente baia desenvolvimento laboratório dti mao proximidade perímetro fábrica avaliar possibilidade disponibilidade troca teclado mouse;Avaliação_Técnica;avaliar possibilidade disponibilidade troca teclado fio mouse dell fio bluetooth notbook dell latitude teclado mouse fio somente receptor usb usar somente baia desenvolvimento laboratório dti mao proximidade perímetro fábrica avaliar possibilidade disponibilidade troca teclado mouse
permitir sisap trabalhe versão existente etiqueta novo versão data matrix tipo etiqueta pci principal fazer manutenção melhoria tela impressão etiqueta tipo pci principal melhoria permitir sisap trabalhar etiqueta produção antigo novo;Melhorias;permitir trabalhe versão existente etiqueta novo versão data matrix tipo etiqueta pci principal fazer manutenção melhoria tela impressão etiqueta tipo pci principal melhoria permitir trabalhar etiqueta produção antigo novo
conjunto ocorrência não planejado análise ronald sobre painel iac estar branco análise sap conector projeto embalagem duplo usuário conexão bloqueio análise debug stress analista iot arcon análise reconfiguração serviço integrador bloquear senha sap disponibilização deploy servidor teste projeto leitura etiqueta duplo conjunto ocorrência não planejado;Melhorias;conjunto ocorrência planejado análise ronald sobre painel iac branco análise conector projeto embalagem duplo conexão bloqueio análise debug stress analista iot arcon análise reconfiguração serviço integrador bloquear senha disponibilização deploy servidor teste projeto leitura etiqueta duplo conjunto ocorrência planejado
reunião cassio juarez northon teste laboratório primeiro impressão simulação passagem posto embalagem duplo acompanhamento teste laboratório projeto etiqueta duplo;Avaliação_Técnica;reunião teste laboratório primeiro impressão simulação passagem embalagem duplo acompanhamento teste laboratório projeto etiqueta duplo
am gmt felipe nascimento criação mapeamento sql server projeto sisap estrutura auxilio configuração embalagem duplo validação tela embalagem execução criação estrutura dado persistente configuração embalagem duplo;Avaliação_Técnica;nascimento criação mapeamento sql server projeto estrutura auxilio configuração embalagem duplo validação tela embalagem execução criação estrutura persistente configuração embalagem duplo
refatorar lógico carregar campo formulário edição campo tipo bolear bit poder ter valor null banco dado tela editar posto ajustir tela editar posto;Melhorias;refatorar lógico carregar campo formulário edição campo tipo bolear bit poder ter valor null banco tela editar ajustir tela editar
recuperação projeto impressão etiqueta iac lote aplicação legar converter aplicação similar usar por demanda projeto embalagem duplo necessário rever código de esse aplicação aplicativo dependência dll coder soft impressão etiqueta zebrar maquina toshiba dpi necessário melhorar parte código aceitar modelo codificação chaveamento continuar usar codesoft etiqueta zebro ver template modificação aplicativo iac impressão lote;Melhorias;recuperação projeto impressão etiqueta iac lote aplicação legar converter aplicação similar usar demanda projeto embalagem duplo necessário rever código aplicação aplicativo dependência dll coder soft impressão etiqueta zebrar maquina toshiba dpi necessário melhorar parte código aceitar modelo codificação chaveamento continuar usar etiqueta zebro ver template modificação aplicativo iac impressão lote
preciso processo docker aplicação mqtt usar aplicação Broken mqtt emqxr abaixo tutorial somente nortear sobre ferramenta criar docker aplicação mqtt;Avaliação_Técnica;preciso processo docker aplicação mqtt usar aplicação broken mqtt emqxr abaixo tutorial somente nortear sobre ferramenta criar docker aplicação mqtt
fazer copia etiqueta localizar fazer alteração em esse novo copia etiqueta algum parte visível ter identificação visual lado direito esquerdo relativo projeto etiqueta duplo iac copia alteração etiqueta iac lote;Melhorias;fazer copia etiqueta localizar fazer alteração novo copia etiqueta algum parte visível ter identificação visual lado direito esquerdo relativo projeto etiqueta duplo iac copia alteração etiqueta iac lote
ckeckfeeder alimentação iac op relatar ocorrência leitura carretel maquina não fazer alimentação após analise local fluxo desassociação carretel não poder ocorrer poque sistema reservar bobina maquina posterior mesmo op sistema atualmente conseguir fechar fender porém transferência ocorrer outro op relatar líder processo situação contornar problema reservar próximo leitura outro op fazer leitura outro bobina equivalente maquina feeder alimentação iac;Avaliação_Técnica;ckeckfeeder alimentação iac relatar ocorrência leitura carretel maquina fazer alimentação após analise local fluxo desassociação carretel poder ocorrer poque reservar bobina maquina posterior atualmente conseguir fechar fender porém transferência ocorrer outro relatar líder processo situação contornar reservar próximo leitura outro fazer leitura outro bobina equivalente maquina feeder alimentação iac
analise rastreamento código funcionalidade cadastro número serial placa precisar limpeza passagem aval diretor produção sistema sisap fazer teste testar processo apresentação funcionalidade funcionalidade manutenção serial;Melhorias;analise rastreamento código funcionalidade cadastro número serial placa precisar limpeza passagem aval diretor produção fazer teste testar processo apresentação funcionalidade funcionalidade manutenção serial
analise debug bug fix fluxo reimpressão etiqueta rede zebra analise debug bug fix fluxo reimpressão etiqueta rede zebra;Corretiva;analise debug bug fix fluxo reimpressão etiqueta rede zebra analise debug bug fix fluxo reimpressão etiqueta rede zebra
configuração firmware tasmoto configuração mqtt tasmota estudo logica atualizar mqtt usar algum serviço monitoramento mapeamento tabela pg serviço dataside correção sistema sisap impressão etiqueta rede configuração dispositivo mqqt manutenção sisap;Melhorias;configuração firmware tasmoto configuração mqtt tasmota estudo logica atualizar mqtt usar algum serviço monitoramento mapeamento tabela serviço dataside correção impressão etiqueta rede configuração dispositivo mqqt manutenção
criar script python buscar informação ver rest relatório produção diário x programa sisap fazer etl conexão popular banco postegr criar script python buscar informação ver rest relatório produção di;Avaliação_Técnica;criar script python buscar informação ver rest relatório produção diário programa fazer etl conexão popular banco postegr criar script python buscar informação ver rest relatório produção
analise porque linha imc não criar etiqueta fechar lote analise porque linha imc não criar etiqueta fechar lote;Adequação de layout;analise porque imc criar etiqueta fechar lote analise porque imc criar etiqueta fechar lote
notafiscal sistema controle nota fiscal manau versão problema importação xml geração declaração mensal dia problema importação xml geração declaração mensal dia;Corretiva;notafiscal controle nota fiscal manau versão importação xml geração declaração mensal importação xml geração declaração mensal
objetivo realizar prova conceito poc desenvolver documentação estilo wikipéder aplicação documentação integrar topdesk servir plataforma abrangente fornecer manual dica configuração procedimento detalhar sistema fluxo processo benefício documentação servir base conhecimento robusta acessível todo colaborador fábrica funcionário chave facilitar disseminação informação técnico procedimento operacional promover assim eficiência produtividade ambiente trabalho expectativa poc demonstre viabilidade eficácia ter documentação centralizar facilmente acessível não apenas melhorar comunicação interno fornecer referência rápido solução problema otimização processo poc documentação estilo wikipéder topdesk;Melhorias;objetivo realizar prova conceito desenvolver documentação estilo wikipéder aplicação documentação integrar topdesk servir plataforma abrangente fornecer manual dica configuração procedimento detalhar fluxo processo benefício documentação servir base conhecimento robusta acessível todo colaborador fábrica funcionário chave facilitar disseminação informação técnico procedimento operacional promover assim eficiência produtividade ambiente trabalho expectativa demonstre viabilidade eficácia ter documentação centralizar facilmente acessível apenas melhorar comunicação interno fornecer referência rápido solução otimização processo documentação estilo
teste integração sisap modulo pss analise Merge request branch projeto teste integridade código deploy ambiente produção teste integração sisap modulo pss;Nova instalação;teste integração modulo pss analise merge request branch projeto teste integridade código deploy ambiente produção teste integração modulo pss
requisição verificação porque op fase bobina código informar sistema coletor item não pertencer feeder verificação ordem produção divergir coletor;Corretiva;requisição verificação porque fase bobina código informar coletor item pertencer feeder verificação ordem produção divergir coletor
analise debug modulo parar linha relacionar agrupamento colaborador departamento dti de esse funcionalidade analise comportamento tela cadastro limpezar junto juarez colaborador precisão atualizar lista analise junto equipe dev melhoria funcionalidade modulo saneamento base dado relacionar colaborador apontar tópico todo outro lista departamento de esse funcionalidade analise debug saneamento lista parada linha;Corretiva;analise debug modulo parar relacionar agrupamento colaborador departamento dti funcionalidade analise comportamento tela cadastro limpezar junto juarez colaborador precisão atualizar lista analise junto equipe dev melhoria funcionalidade modulo saneamento base relacionar colaborador apontar tópico todo outro lista departamento funcionalidade analise debug saneamento lista parada
corretivo sisap retirada colaborador lista agrupamento sistema modulo parar linha identificação pessoa Chaves grupo remoção pessoa indicar fase identificação atualização novo colaborador atualização grupo dti modulo parar linha sisap;Adequação de layout;retirada colaborador lista agrupamento modulo parar identificação pessoa chaves grupo remoção pessoa indicar fase identificação atualização novo colaborador atualização grupo dti modulo parar
colaborador ronald solicitar assistência analisar problema impressora zebro impressora ter dificuldade aceitar comando calibração impressão etiqueta data matriz após análise cuidadoso problema realizar correção código atender demanda específico resultar geração novo versão aplicação agora pronto homologar testar funcionalidade etiqueta placo montar não aceitar calibração manual;Corretiva;colaborador solicitar assistência impressora zebro impressora ter dificuldade aceitar comando calibração impressão etiqueta data matriz após análise cuidadoso realizar correção código atender demanda específico resultar geração novo versão aplicação agora pronto homologar testar funcionalidade etiqueta placo montar aceitar calibração manual
precisar assistência colaborador ronald analisar problema impressora zebro impressora ter dificuldade aceitar comando calibração impressão etiqueta data matriz após análise cuidadoso problema realizar correção código atender demanda específico resultar geração novo versão aplicação agora pronto homologar testar funcionalidade assistência infra analisar problema impressora zebro;Melhorias;precisar assistência colaborador impressora zebro impressora ter dificuldade aceitar comando calibração impressão etiqueta data matriz após análise cuidadoso realizar correção código atender demanda específico resultar geração novo versão aplicação agora pronto homologar testar funcionalidade assistência infra impressora zebro
realizar atividade criação etiqueta matriz dado zebra designer sob inspeção supervisor engenharia Allan lima atividade necessário transição novo modelo impressora etiqueta rede incorpor novo informação sobre produto composição criação etiqueta matriz dado zebra designer;Melhorias;realizar atividade criação etiqueta matriz zebra designer sob inspeção supervisor engenharia lima atividade necessário transição novo modelo impressora etiqueta rede incorpor novo informação sobre produto composição criação etiqueta matriz zebra designer
realizar atividade criação etiqueta endereçamento zebra designer sob inspeção analista sistema cassio Pereira atividade necessário transição novo modelo impressora dpi incorpor novo layout informação sobre produto composição modelo etiqueta endereçamento sap;Melhorias;realizar atividade criação etiqueta endereçamento zebra designer sob inspeção analista cassio pereira atividade necessário transição novo modelo impressora dpi incorpor novo layout informação sobre produto composição modelo etiqueta endereçamento
disponibilizar acesso comando serviço docker relacionar serviço atualização dado Postegress disponibilizar acesso contêiner dockerr;Nova instalação;disponibilizar comando serviço docker relacionar serviço atualização postegress disponibilizar contêiner dockerr
instalação iso criar docker desenvolvimento ambiente produção preparação ambiente dockerr serviço bi;Nova instalação;instalação iso criar docker desenvolvimento ambiente produção preparação ambiente dockerr serviço
coletor não liberar estação op tela informação problema liberação estação;Corretiva;coletor liberar estação tela informação liberação estação
manutenção script importação dado relatório powerbi recriar imagem docker ambiente python criar script manutenção tabela atividader criar adequar dockfile gerar imagem não fazer muito intervenção atualização após build criação imagem manutenção script importação dado relatório powerbi;Melhorias;manutenção script importação relatório powerbi recriar imagem docker ambiente python criar script manutenção tabela atividader criar adequar dockfile gerar imagem fazer intervenção atualização após build criação imagem manutenção script importação relatório powerbi
pair Programing informativo identificação analise melhoria código informativo splash desktop windows semp tcl pair Programing informativo;Corretiva;pair programing informativo identificação analise melhoria código informativo splash desktop windows semp tcl pair programing informativo
problema alimentação realimentação ocorrer troca layout otimização maquina causar colateral alimentação efetuar ordem alimentação permissão carvalho efetuar manutenção base registro de esse ordem especifico;Corretiva;alimentação realimentação ocorrer troca layout otimização maquina causar colateral alimentação efetuar ordem alimentação permissão carvalho efetuar manutenção base registro ordem especifico
operador linha iac informar tentar fazer operação check porém aplicação informar bobina não alimentar item analise posição máquina ordem alimentação ud;Avaliação_Técnica;operador iac informar tentar fazer operação check porém aplicação informar bobina alimentar item analise posição máquina ordem alimentação
manutenção tela jar script teste usuário deploy ambiente teste deploy ambiente homologação manutenção tela geração ordem integrar t;Melhorias;manutenção tela jar script teste deploy ambiente teste deploy ambiente homologação manutenção tela geração ordem integrar
criar tabela referencia banco postgresql fazer primeiro importe banco criar script migração dado tabela postegr fazer migração dado dia criar tabela referencia banco postgresql;Avaliação_Técnica;criar tabela referencia banco postgresql fazer primeiro importe banco criar script migração tabela postegr fazer migração criar tabela referencia banco postgresql
melhoria tela transpor ap colocar novo ordem alimentação sistema dever chegar ordem alimentação referencia fazer batimento componente posição mostrar tela usuário somente importar componente bater corretamente ap destino check feeder imc melhoria tela transpor ap;Melhorias;melhoria tela transpor colocar novo ordem alimentação dever chegar ordem alimentação referencia fazer batimento componente posição mostrar tela somente importar componente bater corretamente destino check feeder imc melhoria tela transpor
fazer importação imagem link abaixo servidor dockerr fazer importação imagem link abaixo servidor dockerr;Nova instalação;fazer importação imagem link abaixo servidor dockerr fazer importação imagem link abaixo servidor dockerr
backup portal rh restaurar dado banco portal rh exploratório funcionalidade manutenção preventivo backup portal rh;Corretiva;backup portal restaurar banco portal exploratório funcionalidade manutenção preventivo backup portal
preciso servidor iss colocar dois aplicativo projeto cheeckimc objetivo tirar aplicação servidor produção retirar aplicação colocar outro iis;Melhorias;preciso servidor iss colocar dois aplicativo projeto cheeckimc objetivo tirar aplicação servidor produção retirar aplicação colocar outro iis
migração aplicação iis worflow sipaphomolog migração aplicação iis;Avaliação_Técnica;migração aplicação iis worflow sipaphomolog migração aplicação iis
atualização script projeto python etl power bi atualizar tudo pasta atualização script projeto python etl power bi;Melhorias;atualização script projeto python etl power atualizar tudo pasta atualização script projeto python etl power
melhoria scripts projeto python aceitar múltiplo data processamento migração teste novo script docker execução processamento script bi ano migração dado bi sisap postegress;Melhorias;melhoria scripts projeto python aceitar múltiplo data processamento migração teste novo script docker execução processamento script ano migração postegress
verificação situação sincronia dadosno banco pedir auxilio verificação servidor banco verificação situação banco;Corretiva;verificação situação sincronia dadosno banco pedir auxilio verificação servidor banco verificação situação banco
bug servidor giga teste engenharia aplicação coleta resultado teste txt processamento inserção defeito caso exista travando congelar determinar horário noite exigir intervenção direto analista infraestrutura reiniciar aplicação segundo relato plantonista todo dia fazer intervenção detalhe entrar contato diego barroco bug servidor giga teste engenharia aplicação coleta r;Erro;bug servidor giga teste engenharia aplicação coleta resultado teste txt processamento inserção defeito caso exista travando congelar determinar horário exigir intervenção direto analista infraestrutura reiniciar aplicação segundo relato plantonista todo fazer intervenção detalhe entrar contato diego barroco bug servidor giga teste engenharia aplicação coleta
ronaldfigueredo gente ir ter fazer mudança ip impressora zebro iis projeto cheeckfeeder imc tablet baia joarezpeixoto impressora kit acessório mudança ip impressora zebro iis projeto cheeckfeeder imc tabletr;Adequação de layout;ronaldfigueredo gente ter fazer mudança impressora zebro iis projeto cheeckfeeder imc tablet baia joarezpeixoto impressora kit acessório mudança impressora zebro iis projeto cheeckfeeder imc tabletr
apoio barrocas kit acessório coleta informação estabelecimento serviço apoio impressão código barro kit acessório;Erro;apoio barrocas kit acessório coleta informação estabelecimento serviço apoio impressão código barro kit acessório
colocar topdesk nome software checkfeeder imc software tablet imc colocar topdesk nome software checkfeeder imc;Melhorias;colocar topdesk nome software checkfeeder imc software tablet imc colocar topdesk nome software checkfeeder imc
analisar executar cada hora job sql server analisar possibilidade vez truncar todo tabela fazer delete período pequeno fazer busca dado query procedure período pequeno checar impacto impacto de esse mudança algum área negocio otimizar procedure;Melhorias;executar cada hora job sql server possibilidade vez truncar todo tabela fazer delete período pequeno fazer busca query procedure período pequeno checar impacto impacto mudança algum área negocio otimizar procedure
coleta dado tabela log rastreamento acesso funcionalidade sisap gerar métricas utilização serviço rank log admin coleta dado tabela log rastreamento acesso funcionalidade;Melhorias;coleta tabela log rastreamento funcionalidade gerar métricas utilização serviço rank log admin coleta tabela log rastreamento funcionalidade
criar procedure ordem produção kit acessório data referencia atualizar próximo mês preciso executar atividade criação agendamento sql server chamar procedure todo dia horário dentro procedure ir checar horário atual execução primeiro dia mês fazer execução regra negocio kit acessório caso procedure identifique dia atual não primeiro dia mês procedure pular execução não executar nada existir fluxo exceção porém poder acessível ver paragem paramento caso realmente precise forçar atualização criação agendamento job;Nova instalação;criar procedure ordem produção kit acessório data referencia atualizar próximo mês preciso executar atividade criação agendamento sql server chamar procedure todo horário dentro procedure checar horário atual execução primeiro mês fazer execução regra negocio kit acessório caso procedure identifique atual primeiro mês procedure pular execução executar nada existir fluxo exceção porém poder acessível ver paragem paramento caso realmente precise forçar atualização criação agendamento job
criar procedure dentro procedure ir checar horário atual execução primeiro dia mês fazer execução regra negocio kit acessório caso procedure identifique dia atual não primeiro dia mês procedure pular execução não executar nada existir fluxo exceção porém poder acessível ver paragem paramento caso realmente precise forçar atualização criar procedure job;Melhorias;criar procedure dentro procedure checar horário atual execução primeiro mês fazer execução regra negocio kit acessório caso procedure identifique atual primeiro mês procedure pular execução executar nada existir fluxo exceção porém poder acessível ver paragem paramento caso realmente precise forçar atualização criar procedure job
banco conectar Sting conexão projeto portal rh sistema informar usuário não permissão acessar recurso user usrportalrh password favor recriar usuário dar permissão acesso base tabela view procedur usuário não permissão acessar recurso;Corretiva;banco conectar conexão projeto portal informar permissão acessar recurso user usrportalrh password recriar dar permissão base tabela view procedur permissão acessar recurso
analise tela avaliação desempenho portal rh iis hospedado cajamar simulação visualização tela líder departamento relação visão colaborador liderança checagem base teste produção porque lista não ser carregar alinhamento dado obter cassio mauricio tratativo manutenção loco analise tela avaliação desempenho portal rh iis hospedado ca;Erro;analise tela avaliação desempenho portal iis hospedado cajamar simulação visualização tela líder departamento relação visão colaborador liderança checagem base teste produção porque lista carregar alinhamento obter tratativo manutenção loco analise tela avaliação desempenho portal iis hospedado
fazer instalação banco dado memoria similar redis instalação redis commander visualizar dado instalação servidor banco memoria;Nova instalação;fazer instalação banco memoria similar redis instalação redis commander visualizar instalação servidor banco memoria
adição usuárioronald Santos figueredo efetuar poc baixar conteúdo git projeto docker gerar imagem dockerr ambiente linux adição usuárioronald Santos figueredo;Nova instalação;adição usuárioronald efetuar poc baixar conteúdo git projeto docker gerar imagem dockerr ambiente linux adição usuárioronald
devido permissão efetuar devop preciso poc baixar ambiente linux código git disponível master gerar imagem ambiente docker linux antes gerar imagem requisitar usuário felipebnr configurar poc docker buildr docker run m tz americo manau poc baixar código Git geração imagem dockerr;Avaliação_Técnica;devido permissão efetuar preciso poc baixar ambiente linux código git disponível master gerar imagem ambiente docker linux antes gerar imagem requisitar felipebnr configurar buildr docker run americo baixar código git geração imagem dockerr
bom dia amandar godoy felipe nascimento analista site manau receber demanda manutenção software sistema nota fiscal mao Jarlisson xavier conseguir versão análise trabalho caso conforme versão utilizar aqui manau Jarlisson xavier disponibilizar vm chamado onde coloquei pasta projeto notafiscal abri ide carreguei projeto enfrentar dificuldade pois ambiente diferente visual studio acostumado usar ter problema identificar dependência instalação futuramente realizar deploy manutenção realizar gostar agendar consultoria resolver problema poder criar chamado consultoria topdesk base em este conversa fazer hoje ver microsoft teams alocação hora atividade consultoria aguardo retorno;Melhorias;amandar nascimento analista site manau receber demanda manutenção software nota fiscal mao conseguir versão análise trabalho caso conforme versão utilizar aqui manau disponibilizar chamado onde coloquei pasta projeto notafiscal abri ide carreguei projeto enfrentar dificuldade pois ambiente diferente visual studio acostumado usar ter identificar dependência instalação futuramente realizar deploy manutenção realizar gostar agendar consultoria resolver poder criar chamado consultoria topdesk base conversa fazer hoje ver microsoft teams alocação hora atividade consultoria aguardo retorno
prezar equipe infraestrutura gostar solicitar criação novo vm partir cópia vm uso desenvolvimento unidade manau vm possuir todo dependência necessário projeto nota fiscal incluir instalação específico imagem além de isso peço entr contato responsável ambiente infraestrutura cajamar obter lista completo software necessário instalação ambiente desenvolvimento importante possar ter disposição todo iso executável necessário caso preciso realizar novo instalação agradeço atenção aguardo retorno;Nova instalação;prezar equipe infraestrutura gostar solicitar criação novo partir cópia uso desenvolvimento unidade manau possuir todo dependência necessário projeto nota fiscal incluir instalação específico imagem além peço entr contato responsável ambiente infraestrutura cajamar obter lista completo software necessário instalação ambiente desenvolvimento importante possar ter disposição todo iso executável necessário caso preciso realizar novo instalação agradeço atenção aguardo retorno
desenvolvimento script verificar informação pp guardar horário bi semelhante verificação dia corrente volta saber pcp mudar PP fazer reprocessamento criar novo script verificação pp serviço bi;Melhorias;desenvolvimento script informação guardar horário semelhante verificação corrente volta saber mudar fazer reprocessamento criar novo script verificação serviço
deploy teste integração git analise merge request atividade relacionar integração código desenvolvedor devido banch principal aplicação deploy teste integração git analise merge request;Nova instalação;deploy teste integração git analise merge request atividade relacionar integração código desenvolvedor devido banch principal aplicação deploy teste integração git analise merge request
disponível versão sisap nº disponível versão qa versão prod favor atualizar deploy sisap homolog versão constar seguinte funcionalidade felipe nascimento chamar adicionar relatório regra negocio tipo smd Paulo Costa melhoria impressão ewtq homologação adicionar opção selecionar tipo etq data matrix cod barro imagem atualização sisap homologação;Melhorias;disponível versão disponível versão versão prod atualizar deploy homolog versão constar seguinte funcionalidade chamar adicionar relatório regra negocio tipo smd paulo costa melhoria impressão ewtq homologação adicionar opção selecionar tipo etq data matrix cod barro imagem atualização homologação
disponível versão office automation nº disponível ambiente produção deploy disponibilizar versão constar seguinte funcionalidade felipe nascimento fazer funcionalidade sincronia informação tabela tabela correção formulário receber novo identificador hierarquia ajustir tela regra negocio manter hierarquia aceitar identificador avaliador diretor geral diretor corporativo atualização office automation nº;Nova instalação;disponível versão office automation disponível ambiente produção deploy disponibilizar versão constar seguinte funcionalidade fazer funcionalidade sincronia informação tabela tabela correção formulário receber novo identificador hierarquia ajustir tela regra negocio manter hierarquia aceitar identificador avaliador diretor geral diretor corporativo atualização office automation
disponível versão sisap nº disponível versão qa versão prod favor atualizar deploy sisap homolog versão constar seguinte funcionalidade alteração regex posto defeito aceitar alfanumérico dois primeiro casa indicar início linha grupo capturar combinação possível dois primeiro caracter dois caracter alfanumérico letra dígito caractere alfanumérico seguir dígito dígito seguir caractere alfanumérico dois dígito dois dígito adicional indicar fim linha disponível versão sisap nº;Nova instalação;disponível versão disponível versão versão prod atualizar deploy homolog versão constar seguinte funcionalidade alteração regex defeito aceitar alfanumérico dois primeiro casa indicar início grupo capturar combinação possível dois primeiro caracter dois caracter alfanumérico letra dígito caractere alfanumérico seguir dígito dígito seguir caractere alfanumérico dois dígito dois dígito adicional indicar fim disponível versão
preciso migrar código aplicação iis ambiente produção realocar aplicação checkfeeder imc ambiente vm iis produção;Adequação de layout;preciso migrar código aplicação iis ambiente produção realocar aplicação checkfeeder imc ambiente iis produção
criação chamado verificação vm onde sistema vb chamar nota fiscal aplicação perder conexão banco analise vm sistema vb nota fiscal;Erro;criação chamado verificação onde chamar nota fiscal aplicação perder conexão banco analise nota fiscal
atividader centro trabalho requisição sap integrator mapeamento arbpl ordem sap integrador;Corretiva;atividader centro trabalho requisição integrator mapeamento arbpl ordem integrador
atividade projeto Scm modulo pcp projeto scm modulo pe cp;Avaliação_Técnica;atividade projeto scm modulo pcp projeto scm modulo
analise ne impressão etiqueta não passar serial Leta ab ac analise;Erro;analise impressão etiqueta passar serial leta analise
ajustir tabela campo único turno codlinhar fabrico codlinhaclinete solicitar northon fazer teste patar abrir chamado dataside ajustir tabela campo único;Melhorias;ajustir tabela campo único turno codlinhar fabrico codlinhaclinete solicitar fazer teste patar abrir chamado dataside ajustir tabela campo único
ajustir relatório resumo produção filtro período ano opção resumo modelo radio Botton ar cond correção filtro especifico servir listar somente ac retirar condensadora evaporadora lista ajustir plugin legado geração excel relatório dado não ser transportar controller teste buildr versão ajustar relatório resumo produção ajustir ressumo produção;Melhorias;ajustir relatório resumo produção filtro período ano opção resumo modelo radio botton cond correção filtro especifico servir listar somente retirar condensadora evaporadora lista ajustir plugin legado geração excel relatório transportar controller teste buildr versão ajustar relatório resumo produção ajustir ressumo produção
criação poc servidor linux checkimc teste buildr poc checkfeeder imc ambiente docker homologação linha imc desativação gradual planejar serviço criação poc servidor linux checkimc;Melhorias;criação poc servidor linux checkimc teste buildr imc ambiente docker homologação imc desativação gradual planejar serviço criação poc servidor linux checkimc
conjunto;Melhorias;conjunto
analise relatório produção diário dia requisição postr pagina relatório action producaodiar analise relatório produção diário dia;Corretiva;analise relatório produção diário requisição postr pagina relatório action producaodiar analise relatório produção diário
upgrade permissão acesso dev usar conexão integrar Windows sql server management studio relativo conversa team upgrade permissão acesso dev usar conexão integrar Windows;Melhorias;upgrade permissão dev usar conexão integrar windows sql server management studio relativo conversa team upgrade permissão dev usar conexão integrar windows
Imc conversa sobre melhoria checkfeeder imc registrar posto analise adaptação aplicação mf conversa sobre melhoria checkfeeder imc registrar posto analise;Melhorias;conversa sobre melhoria checkfeeder imc registrar analise adaptação aplicação conversa sobre melhoria checkfeeder imc registrar analise
pe cp rafaelly analise debug tela mapa scrap iac fluxo trabalho sap reorganizar horário criar atividade senão ir ficar evidente trabalho além pcp rafaelly analise debug tela mapa scrap iac fluxo trabalho sap reorganizar horário criar atividade senão ir ficar evidente trabalho além analise debug tela mapa scrap iac fluxo trabalho sap;Melhorias;rafaelly analise debug tela mapa scrap iac fluxo trabalho reorganizar horário criar atividade senão ficar evidente trabalho além debug tela mapa scrap iac fluxo trabalho reorganizar horário criar atividade senão ficar evidente trabalho além analise debug tela mapa scrap iac fluxo trabalho
solicitação implementação monitoramento serviço docker grafana setor infraestrutura ti objetivo garantir confiabilidade continuidade serviço docker alimentar dado corporativo dashboard aplicação crítica fábrica solicitamos implementação sistema monitoramento periódico cada hora utilizar grafana ferramenta visualização objetivo monitoramento monitorar forma consistente centralizar serviço docker realizar atualização dado corporativo fornecer informação crítico assegurar operação contínuo sem interrupção requisito técnico periodicidade monitoramento programar cada hora verificar integridade desempenho serviço docker integração grafana configurar grafana coleta visualização análise dado monitorado grafana permitir criação dashboard personalizado acompanhar métrica relevante alerta automatizar configurar notificação incidente envio alerta ver grupo desenvolvedor previamente designar caso falha irregularidade relatório logs registrar status serviço logs detalhado gerar relatório poder utilizar análise auditoria uso ferramenta existente sempre possível integrar monitoramento ferramenta disponível ambiente corporativo garantir consistência operacional benefício esperar visualização intuitivo uso grafana oferecer dashboard interativo tornar monitoramento serviço acessível compreensível todo equipe envolver prevenção falha verificação regular alerta tempo real possível detectar corrigir problema antes causem impacto significativo eficiência operacional agilidader identificação anomalia grande controle sobre serviço essencial fábrica confiabilidade estratégico garantia serviço responsável dado corporativo dashboard crítico operar dentro expectativa monitoramento serviço docker grafana;Avaliação_Técnica;implementação monitoramento serviço docker grafana setor infraestrutura objetivo garantir confiabilidade continuidade serviço docker alimentar corporativo dashboard aplicação crítica fábrica solicitamos implementação monitoramento periódico cada hora utilizar grafana ferramenta visualização objetivo monitoramento monitorar forma consistente centralizar serviço docker realizar atualização corporativo fornecer informação crítico assegurar operação contínuo interrupção requisito técnico periodicidade monitoramento programar cada hora integridade desempenho serviço docker integração grafana configurar grafana coleta visualização análise monitorado grafana permitir criação dashboard personalizado acompanhar métrica relevante alerta automatizar configurar notificação incidente envio alerta ver grupo desenvolvedor previamente designar caso falha irregularidade relatório logs registrar status serviço logs detalhado gerar relatório poder utilizar análise auditoria uso ferramenta existente sempre possível integrar monitoramento ferramenta disponível ambiente corporativo garantir consistência operacional benefício esperar visualização intuitivo uso grafana oferecer dashboard interativo tornar monitoramento serviço acessível compreensível todo equipe envolver prevenção falha verificação regular alerta tempo real possível detectar corrigir antes causem impacto significativo eficiência operacional agilidader identificação anomalia grande controle sobre serviço essencial fábrica confiabilidade estratégico garantia serviço responsável corporativo dashboard crítico operar dentro expectativa monitoramento serviço docker grafana
disponível versão sisap nº disponível versão prod versão qa favor atualizar deploy sisap homolog versão constar seguinte funcionalidade commitada período head origin Merge branch Paulopc into origin paulopc realizar criação novo item tela detalhamento item campo ultserial sem valor null origin Merge branch into origin implementar método importar atualizar ordem produção skip ordem campo matnr vazio branco ocasionar Delete continuo banco dado Integration implementação envio dti correção Campo matnr tabela ambiente sap merge branch into origin criar estrutura permissão relatorio adcionar coluna operador merge branch into preparação tela inicial dashboard qualidade Merge branch into alteração calciulo minuto hora trabalhar partir horário início fim configuração total intervalo disponível versão sisap;Avaliação_Técnica;disponível versão disponível versão prod versão atualizar deploy homolog versão constar seguinte funcionalidade commitada período head origin merge branch paulopc into origin paulopc realizar criação novo item tela detalhamento item campo ultserial valor null origin merge branch into origin implementar método importar atualizar ordem produção skip ordem campo matnr vazio branco ocasionar delete continuo banco integration implementação envio dti correção campo matnr tabela ambiente merge branch into origin criar estrutura permissão relatorio adcionar coluna operador merge branch into preparação tela inicial dashboard qualidade merge branch into alteração calciulo minuto hora trabalhar partir horário início fim configuração total intervalo disponível versão
disponível versão sisap nº disponível versão prod versão qa favor atualizar deploy sisap homolog versão constar seguinte funcionalidade commitada período cassio ordem planejar sap pcp felipe relatório iac Campo operador supervisor líder linha sênior disponível versão sisap nº;Nova instalação;disponível versão disponível versão prod versão atualizar deploy homolog versão constar seguinte funcionalidade commitada período planejar campo operador supervisor líder sênior disponível versão
disponível versão sisap nº dev disponível versão dev favor atualizar deploy sisap dev informar em esse chamado porta disponível iis reservar deploy versão constar seguinte funcionalidade commitada período ir versão sisap apontar apontar sap t cassio ordem planejar sap pcp felipe relatório iac Campo operador supervisor líder linha sênior versão sisap nº ambiente dev;Nova instalação;disponível versão dev disponível versão dev atualizar deploy dev informar chamado porta disponível iis reservar deploy versão constar seguinte funcionalidade commitada período versão apontar apontar cassio ordem planejar iac campo operador supervisor líder sênior versão ambiente dev
disponível versão sisap nº disponível versão prod versão qa favor atualizar deploy sisap homolog versão constar seguinte funcionalidade commitada período cassio ordem planejar sap pcp atualização volume produção arcon felipe relatório iac Campo operador supervisor líder linha sênior adição dois novo campo relatório bobina não realimentado qtd embalar x qtd frequência tt consumo qtd alimentar tt consumo saldo pendente alimentação alerta amarelo imagem imagem disponível versão sisap nº;Nova instalação;disponível versão disponível versão prod versão atualizar deploy homolog versão constar seguinte funcionalidade commitada período planejar atualização volume produção arcon iac campo operador supervisor líder sênior adição dois novo campo relatório bobina realimentado qtd embalar qtd frequência consumo qtd alimentar consumo saldo pendente alimentação alerta amarelo imagem imagem disponível versão
disponível versão sisap nº disponível versão prod versão qa favor atualizar deploy sisap homolog versão constar seguinte funcionalidade commitada período cassio ordem planejar sap pcp atualização volume produção arcon bug fix volume produção arcon felipe relatório iac Campo operador supervisor líder linha sênior adição dois novo campo relatório bobina não realimentado qtd embalar x qtd frequência tt consumo qtd alimentar tt consumo saldo pendente alimentação alerta amarelo imagem imagem local versão bug fix disponível versão sisap nº;Melhorias;disponível versão disponível versão prod versão atualizar deploy homolog versão constar seguinte funcionalidade commitada período planejar atualização volume produção arcon bug fix volume produção arcon iac campo operador supervisor líder sênior adição dois novo campo relatório bobina realimentado qtd embalar qtd frequência consumo qtd alimentar consumo saldo pendente alimentação alerta amarelo imagem imagem local versão bug fix disponível versão
solicitar criação novo instância iis hospedar aplicação web mvc desenvolver c projeto scm módulo PCP instância essencial scrum master product owner poder validar implementação identificar corrigir possível bugs além sugerir melhoria ajuste regra negócio disponibilização de esse ambiente contribuir significativamente qualidade agilidade desenvolvimento garantir fluxo eficiente teste validação puder criar dns aplicação possível colocar instancia iis velocidade intermediario melhorar velocidade novo instancia iis site scm pcp;Nova instalação;solicitar criação novo instância iis hospedar aplicação web mvc desenvolver projeto scm módulo pcp instância essencial scrum master product owner poder validar implementação identificar corrigir possível bugs além sugerir melhoria ajuste regra negócio disponibilização ambiente contribuir significativamente qualidade agilidade desenvolvimento garantir fluxo eficiente teste validação puder criar dns aplicação possível colocar instancia iis velocidade intermediario melhorar velocidade novo instancia iis site scm pcp
atualização relatório produto atualização código ambiente homologação commit alteração ambiente desenvolvimento atualização relatório produto;Melhorias;atualização relatório produto atualização código ambiente homologação commit alteração ambiente desenvolvimento atualização relatório produto
disponível versão sisap nº dev disponível versão dev favor atualizar deploy disponível sisap dev einformar em esse chamado porta disponível iis reservar essedeploy versão constar seguinte funcionalidade commitada período ir versão sisap apontar apontar sap prod felipe tela associação etiqueta tcl etiqueta fornecedor entreposto iac tela relatório registro ocorrer período tempo entreposto iac buildr relação chamado topdesk versão sisap nº;Nova instalação;disponível versão dev disponível versão dev atualizar deploy disponível dev einformar chamado porta disponível iis reservar essedeploy versão constar seguinte funcionalidade commitada período versão apontar apontar tela associação etiqueta tcl etiqueta fornecedor entreposto iac tela relatório registro ocorrer período tempo entreposto iac buildr relação chamado topdesk versão
ppt versão sisap concluir disponível versão sisap nº disponível versão prod constar seguinte funcionalidade eduarda vasconcelo correção erro Cors api applanejar felipe nascimento adição dois novo campo relatorio bobina não realimentado qtd embalar x qtd frequência tt consumo qtd alimentar tt consumo saldo pendente alimentação alerta amarelo felipe nascimento colocar restrição acesso tabela configuração sisap somete algum pessoa seleto poder usar restringer range data relatório dia acesso configurado banco somente dois usuário dti não nenhum permissão outro usuário empresa momento abertura de esse chamado felipe nascimento atualização relatório produto felipe nascimento Merge branch eduardavr into felipe nascimento Merge branch into felipe nascimento Merge branch into felipe nascimento Merge branch into felipe nascimento Merge branch Paulopc into felipe nascimento novo funcionalidade entreposto iac check etiqueta consócio setor iac felipe nascimento relatório iac Campo operador supervisor líder linha sênior felipe nascimento solicitação fazer andressa Soares ver email dia Paulo Costa inclusão fluxo alternativo processo amarração evap Caixa Eletrica validação mesmo fase arc geração automatica ordem tela detalhamento item agora contemplar criar ordem kit acessorio ordem caixa Eletrica produto adicionar try catch controller exibição visual erro usuario tela quebrar ficar branco Paulo Costa correção template etiqueta pci cx Eletrica arcon atualização volume produção arcon atualização total volume produção favor atualizar deploy servidor produção sisap produção solicitação atualização sisap nº;Adequação de layout;ppt versão concluir disponível versão disponível versão prod constar seguinte funcionalidade eduarda correção erro cors api applanejar nascimento adição dois novo campo relatorio bobina realimentado qtd embalar qtd frequência consumo qtd alimentar consumo saldo pendente alimentação alerta amarelo nascimento colocar restrição tabela configuração somete algum pessoa seleto poder usar range data relatório configurado banco somente dois dti nenhum permissão outro empresa momento abertura chamado nascimento atualização relatório produto nascimento merge branch eduardavr into nascimento merge branch into nascimento merge branch into nascimento merge branch into nascimento merge branch paulopc into nascimento novo funcionalidade entreposto iac check etiqueta consócio setor iac nascimento relatório iac campo operador supervisor líder sênior nascimento fazer ver email inclusão fluxo alternativo processo amarração evap caixa eletrica validação fase arc geração automatica ordem tela detalhamento item agora contemplar criar ordem kit acessorio ordem caixa eletrica produto adicionar try catch controller exibição visual erro usuario tela quebrar ficar branco correção template etiqueta pci eletrica arcon atualização volume produção arcon atualização total volume produção atualizar deploy servidor produção produção atualização
disponível versão sipap nº disponível qa prod constar seguinte funcionalidade northon Luiz Farias melo ajuste remoção estado useeffect evitar valor configuração ppm recarreguem automaticamente ajustir consulta valor configuração correção variável retorno requisição then catch ajustir método modificar cor quadro ppm acordo parâmetro especificar northon Luiz Farias melo alteração criação crud endpoints consulta gravação parâmetro ppm painel adaptação painel iac novo configuração ppm criação método componente distinto indicador ppm inserção configuração ppm menu aplicação disponível versão sipap nº;Adequação de layout;disponível versão sipap disponível prod constar seguinte funcionalidade northon melo ajuste remoção estado useeffect evitar valor configuração ppm recarreguem automaticamente ajustir consulta valor configuração correção variável retorno requisição then catch ajustir método modificar cor quadro ppm acordo parâmetro especificar northon melo alteração criação crud endpoints consulta gravação parâmetro ppm painel adaptação painel iac novo configuração ppm criação método componente distinto indicador ppm inserção configuração ppm menu aplicação disponível versão sipap
preciso agendamento horário expediente empresa execução planejamento engenharia dataside atualizar dois tabela relativo melhoria tela sipap telo ordem alimentação lista detalhamento campo nondocldc banco alter table alter column em omdocldc banco alter table alter column solicitação atulização tabela;Adequação de layout;preciso agendamento horário expediente empresa execução planejamento engenharia dataside atualizar dois tabela relativo melhoria tela sipap telo ordem alimentação lista detalhamento campo nondocldc banco alter table alter column omdocldc banco alter table alter column atulização tabela
verificação bi produção dia executar reprocessamento job dia solicitador melhoria atualização dado ver job cron gatway sincronização dado verificação bi produção ajustir agendamento;Melhorias;verificação produção executar reprocessamento job solicitador melhoria atualização ver job cron gatway sincronização verificação produção ajustir agendamento
atualização mês componente bi produção usar designer relatório workspace power bi web imagem atualização mês power bi produção;Adequação de layout;atualização mês componente produção usar designer relatório workspace power web imagem atualização mês power produção
disponível versão sisap nº disponível versão qa versão prod constar seguinte funcionalidade Luiz farias melo confirmação Merge branch dev semp branch Luiz farias melo confirmação Merge branch dev semp branch melo alteração criação campo oculto armazenar valor serial rede Luiz farias melo ajustir inclusão coluna defeito causa placa geração relatório excel nascimento bug fix correção leitura mesmo etiqueta campo fornecedor Campo tcl ajustir painel verificação cor nascimento check feeder app expansion to imc fg assembly line Vasconcelos visualizarinspecao exibir dado coleta kit acessorio base pedestal Vasconcelos front end backr end pronto primeiro versão fazer gravação corretamente Luiz farias melo alteração desconsiderar valor contingencia calculo diferença acumular manter valor produção acumular melo diferenca acumular Luiz farias melo alteração inclusão parametro flgembduplar url Endpoint histórico amarra lote atual telaamarralote Luiz farias melo alteração alteração cabeçalho nome diretor remoção trecho contingencia calculo produção acumular Luiz farias melo alteração inclusão campo progacumular difacumular vo relatório produção diário x programa inclusão query progdio progdiaplaca obter programação acumular calculo diferença acumular partir programação produção acumular inclusão coluna diferença acumular somatório dif acumular tabela prod diária x programa Luiz farias melo alteração coluna porcentagem inspeção remoção cor quantidade inspecionar relatório detalhar oba tv arcon Vasconcelos input validação menezes atualização check feeder imc lista alimentação Costa bug fix criação automatica ap adicionar valor numop fim tabela criação metodo dao buscar ap Caixa Eletrica partir ap evaporadora controller criar metodo obter ap Caixa Eletrica outro obter informação tabela detalhamento item ne Caixa Eletrica encontrar front end adicionar tratativa aps evaporadora aparecer ap Modeloo Caixa Eletrica ir fazer impressao realizar tamber devir tratativa impressao sem impacto função implementar anteriormente Luiz farias melo alteração remoção funcionalidade auditoria ap posto linha montagem conjunto reder Luiz farias melo alteração inclusão vo método obter defeito placa painel partir serial produto acabar Costa bugfix fazer criação ap caixa Eletrica além escrever precisar tambem escrever ap usar posto coleta favor atualizar deploy servidor produção sisap produção após termino período ppt ppt versão sisap;Nova instalação;disponível versão sis disponível versão versão prod constar seguinte funcionalidade melo confirmação merge branch dev semp branch melo confirmação merge branch dev semp branch melo alteração criação campo oculto armazenar valor serial rede melo ajustir inclusão coluna defeito causa placa geração relatório excel nascimento bug fix correção leitura etiqueta campo fornecedor campo tcl ajustir painel verificação cor nascimento check feeder expansion imc assembly line visualizarinspecao exibir coleta kit acessorio base pedestal front end backr end pronto primeiro versão fazer gravação corretamente melo alteração desconsiderar valor contingencia calculo diferença acumular manter valor produção acumular melo diferenca acumular melo alteração inclusão parametro flgembduplar url endpoint histórico amarra lote atual telaamarralote melo alteração alteração cabeçalho nome diretor remoção trecho contingencia calculo produção acumular melo alteração inclusão campo progacumular difacumular relatório produção diário programa inclusão query obter programação acumular calculo diferença acumular partir programação produção acumular inclusão coluna diferença acumular somatório dif acumular tabela prod diária programa melo alteração coluna porcentagem inspeção remoção cor quantidade inspecionar relatório detalhar oba arcon input validação menezes atualização check feeder imc lista alimentação costa bug fix criação automatica adicionar valor numop fim tabela criação metodo dao buscar caixa eletrica partir evoradora controller criar metodo obter caixa eletrica outro obter informação tabela detalhamento item caixa eletrica encontrar front end adicionar tratativa evoradora arecer modeloo caixa eletrica fazer impressao realizar tamber devir tratativa impressao impacto função implementar anteriormente melo alteração remoção funcionalidade auditoria montagem conjunto reder melo alteração inclusão método obter defeito placa painel partir serial produto acabar fazer criação caixa eletrica além escrever precisar tambem escrever usar coleta atualizar deploy servidor produção sis produção termino período ppt ppt versão sis
disponível versão sisap nº disponível versão qa versão prod disponível versão sisap nº;Nova instalação;disponível versão disponível versão versão prod disponível versão
preciso instalação otimizar produção repositório persistência dado chamar supabase introdução documento fornecer roteiro detalhar implantar supabase postgre auth realtime storage produção utilizar docker compose incluir prática recomendar segurança otimização backup monitoramento antes iniciar ter linux docker docker compose instalar configurar apontar servidor aberta traefik restritar rede interno vpn seguro postgr jwt passo passo implantação repositório oficial supabase copiar diretório docker arquivo variávei obrigatório traefik let encryptr serviço docker compose storage local conforme necessidade exemplo comando subir serviço docker Compose up segurança row level security rls todo tabela expor política acesso mínimas necessário expor frontend ssl restrição rede rate limiting gateway kong cors origem permitida exemplo policy rls alter table enable row level security create policy Owner can readr on select using performance tuning postgresql pool conexão porta aplicação parâmetro r monitoramento índice conforme padrão consulta backup recuperação estratégia recomendar lógico diário físico contínuo periódico restauração exemplo comando postgr appdb checklist final habilitar policie aplicar ativo redirecionamento não expor publicamente habilitar credencial seguro configurar email autenticação limiting configurar gateway testar monitorado referência oficial supabase produção let encrypt tuning anexo exemplo traefik supabase comanr útil Políticas rls adicional poder incluír conforme necessidade poc configuração instalação repositório;Nova instalação;preciso instalação otimizar produção repositório persistência chamar supabase introdução documento fornecer roteiro detalhar implantar supabase postgre auth realtime storage produção utilizar docker compose incluir prática recomendar segurança otimização backup monitoramento antes iniciar ter linux docker docker compose instalar configurar apontar servidor aberta traefik restritar rede interno vpn seguro postgr jwt passo passo implantação repositório oficial supabase copiar diretório docker arquivo variávei obrigatório traefik let encryptr serviço docker compose storage local conforme necessidade exemplo comando subir serviço docker compose segurança row level security rls todo tabela expor política mínimas necessário expor frontend ssl restrição rede rate limiting gateway kong cors origem permitida exemplo policy rls alter table enable row level security create policy owner can readr select using performance tuning postgresql pool conexão porta aplicação parâmetro monitoramento índice conforme padrão consulta backup recuperação estratégia recomendar lógico diário físico contínuo periódico restauração exemplo comando postgr appdb checklist final habilitar policie aplicar ativo redirecionamento expor publicamente habilitar credencial seguro configurar email autenticação limiting configurar gateway testar monitorado referência oficial supabase produção let encrypt tuning anexo exemplo traefik supabase comanr útil políticas rls adicional poder incluír conforme necessidade poc configuração instalação repositório
ppt versão sisap disponível versão sisap nº disponível versão qa versão prod favor atualizar deploy sisap homolog constar seguinte funcionalidade Paula Merge branch headercheckud into hash Vasconcelos Merge branch into headercheckud hash Vasconcelos Merge branch into headercheckud hash Paula Merge branch headercheckud into hash Vasconcelos total leitura quantidade total painei enviar sap não enviar hash Vasconcelos ops lir hash Vasconcelos coluna quantidade ok div resumo ok hash nascimento Bugfix odf ordem produção monitorar tabela todo envio confirmar enviar fluxo código não checar lista vazio hash nascimento Merge branch into hash nascimento pacote commits projeto odf fase hash nascimento Merge branch into hash Paula Merge branch checkbasepedestal into hash Vasconcelos inclusão campo base pedestal modelo hash Paula Merge branch checkbasepedestal into hash Paula Merge branch Paulopc into hash Henrique Pereira Costa Merge branch into paulopc hash Henrique Pereira Costa hash Henrique Pereira Costa inclusão funcionalidade menu permissao acesso cbacesso btncasamentomanualac referencia externa hash Paula Merge branch Paulopc into hash Henrique Pereira Costa Merge branch into paulopc hash Henrique Pereira Costa restrição acesso botão disparo casamento validação cbacesso hash Henrique Pereira Costa retorno procedure int string fazer backup setar null caso ac questão hash Paula Merge branch Paulopc into hash Paula Merge branch into hash henr ppt versão sisap;Nova instalação;ppt versão disponível versão disponível versão versão prod atualizar deploy homolog constar seguinte funcionalidade merge branch into headercheckud hash branch headercheckud into hash total leitura quantidade total painei enviar enviar hash hash coluna quantidade div resumo hash nascimento bugfix odf ordem produção monitorar tabela todo envio confirmar enviar fluxo código checar lista vazio hash nascimento merge branch into hash nascimento pacote commits projeto odf fase hash nascimento merge branch into hash branch checkbasepedestal into hash inclusão campo base pedestal modelo hash branch checkbasepedestal into hash branch paulopc into hash costa merge branch into paulopc hash costa hash costa inclusão funcionalidade menu permissao cbacesso btncasamentomanualac referencia externa hash branch paulopc into hash costa merge branch into paulopc hash costa restrição botão disparo casamento validação cbacesso hash costa retorno procedure int string fazer backup setar null caso questão hash branch paulopc into hash branch into hash henr ppt versão
disponível versão sisap nº disponível versão qa versão prod constar seguinte funcionalidade autor mensagem data felipe nascimento Merge branch into felipe nascimento Merge branch into felipe nascimento adicionar funcionalidade checagem validação registro setup posto felipe nascimento documentação método felipe nascimento correção bug identificar exibição etiqueta fornecedor não seguir padrão Caixa seletiva além apresentar conteúdo composição reduzir exigir ajuste função responsável garantir conformidade formato esperar felipe nascimento add link pagamento painel menu relatório painel produção felipe nascimento Merge branch into felipe nascimento Merge branch into felipe nascimento ajuste módulo checkfeed iac imc mf entreposto iac cássio Paula Merge branch eduardav postoobaobs into eduarda vasconcelo criação parâmetro tipoacesso eduarda vasconcelo refatoração permissão acesso cássio Paula Merge branch eduardav postoobaobs into eduarda vasconcelo alteração parâmetro método acesso Retornologin sessao tipoacesso tipo felipe nascimento Merge branch into oscar menez neto bug fix correção imprimir lista alimentação modelo apenas nível imc felipe nascimento Merge branch into felipe nascimento bug fix ver prd cabeçario simples quebra usar recurso renderização pagina sem login senhar eduarda vasconcelo Merge branch into headercheckud eduarda vasconcelo ops lir cássio Paula Merge branch headercheckud into cássio Paula Merge branch headercheckud into eduarda vasconcelo Merge branch into headercheckud eduarda vasconcelo total leitura quantidade total painei enviar sap não enviar eduarda vasconcelo coluna quantidade ok div resumo ok felipe nascimento bugfix odf ordem produção monitorar tabela todo envio confirmar enviar fluxo código não checar lista vazer felipe nascimento Merge branch into felipe nascimento Merge branch into felipe nascimento pacote commit ppt versão sisap;Nova instalação;disponível versão disponível versão versão prod constar seguinte funcionalidade autor mensagem data nascimento merge branch into nascimento merge branch into nascimento adicionar funcionalidade checagem validação registro setup nascimento documentação método nascimento correção bug identificar exibição etiqueta fornecedor seguir padrão caixa seletiva além apresentar conteúdo composição reduzir exigir ajuste função responsável garantir conformidade formato esperar nascimento add link pagamento painel menu relatório painel produção nascimento merge branch into nascimento merge branch into nascimento ajuste módulo checkfeed iac imc entreposto paula merge branch eduardav postoobaobs into criação parâmetro tipoacesso refatoração permissão branch eduardav postoobaobs into alteração parâmetro método sessao tipoacesso tipo nascimento merge branch into oscar menez neto bug fix correção imprimir lista alimentação modelo apenas nível imc nascimento merge branch into nascimento bug fix ver prd cabeçario simples quebra usar recurso renderização pagina merge branch into headercheckud ops lir branch headercheckud into branch headercheckud into merge branch into headercheckud total leitura quantidade total painei enviar enviar coluna quantidade div resumo nascimento bugfix odf ordem produção monitorar tabela todo envio confirmar enviar fluxo código checar lista vazer nascimento merge branch into nascimento merge branch into nascimento pacote commit ppt versão
gostar solicitar colaboração equipe garantir qualidade estabilidade versão software antes migração produção procedimento propor seguinte alvo sisap hom realise ppt versão sisap ver topdesk analista infraestrutura configurar linha produção monitorar versão homologação período dia semana necessário acompanhar posto configurar sistema utilizar fábrica intervalo analista dever verificar aplicação manter estável constante além registrar qualquer comportamento diferente relação versão anterior final período monitoramento emitir parecer aceite rejeição versão servir base decidir poder avançar fase migração produção contar colaboração todo seguir procedimento forma rigoroso garantir versão entregar alinhada padrão qualidade esperar caso identifiquir ponto melhoria sugestão tornar processo eficiente ficar vontade compartilhar agradeço desde apoio comprometimento processo monitoramento versão homologação ppt tv;Nova instalação;gostar solicitar colaboração equipe garantir qualidade estabilidade versão software antes migração produção procedimento propor seguinte alvo hom realise ppt versão ver topdesk analista infraestrutura configurar produção monitorar versão homologação período semana necessário acompanhar configurar utilizar fábrica intervalo analista dever aplicação manter estável constante além registrar qualquer comportamento diferente relação versão anterior final período monitoramento emitir parecer aceite rejeição versão servir base decidir poder avançar fase migração produção contar colaboração todo seguir procedimento forma rigoroso garantir versão entregar alinhada padrão qualidade esperar caso identifiquir ponto melhoria sugestão tornar processo eficiente ficar vontade compartilhar agradeço desde apoio comprometimento processo monitoramento versão homologação ppt
gostar solicitar colaboração equipe garantir qualidade estabilidade versão software antes migração produção procedimento propor seguinte alvo sisap hom realise ppt versão sisap ver topdesk analista infraestrutura configurar linha produção monitorar versão homologação período dia semana necessário acompanhar posto configurar sistema utilizar fábrica intervalo analista dever verificar aplicação manter estável constante além registrar qualquer comportamento diferente relação versão anterior final período monitoramento emitir parecer aceite rejeição versão servir base decidir poder avançar fase migração produção contar colaboração todo seguir procedimento forma rigoroso garantir versão entregar alinhada padrão qualidade esperar caso identifiquir ponto melhoria sugestão tornar processo eficiente ficar vontade compartilhar agradeço desde apoio comprometimento processo monitoramento versão homologação ppt arcon;Nova instalação;gostar solicitar colaboração equipe garantir qualidade estabilidade versão software antes migração produção procedimento propor seguinte alvo hom realise ppt versão ver topdesk analista infraestrutura configurar produção monitorar versão homologação período semana necessário acompanhar configurar utilizar fábrica intervalo analista dever aplicação manter estável constante além registrar qualquer comportamento diferente relação versão anterior final período monitoramento emitir parecer aceite rejeição versão servir base decidir poder avançar fase migração produção contar colaboração todo seguir procedimento forma rigoroso garantir versão entregar alinhada padrão qualidade esperar caso identifiquir ponto melhoria sugestão tornar processo eficiente ficar vontade compartilhar agradeço desde apoio comprometimento processo monitoramento versão homologação ppt arcon
release computador sisap data registro solicitante felipe nascimento eduarda vasconcelo categoriar legado mns sisap ambiente disponível qa produção novo funcionalidade validação setup posto implementar checagem validação registro setup garantir conformidade operacional novo link menu adicionar acesso relatório painel produção visualização pagamento painel criação tela mockar tabela sem modal criação api getacesso obter dado cbacesso inclusão dao daoacesso query cbacesso renderizar dado api tabela chave acesso sem modal criação modal visualização detalhe chave criação api pra obter departamento criação combobox Departamento ediçao rota edição departamento tabela Cbacesso mockup remoção adição usuário função remoção usuário edição departamento ser gravar cbacesso criação api getusuariosativo modal consumir api botão adicionar usuário gravar tabela criação modal cadastro novo chave criação insert tabela verificação existir implementação popups confirmação refatoração acesso tela caminho menu apontar chave gerenciaracesso correção bugs etiqueta fornecedor corrigido exibição etiqueta padrão Caixa seletiva conteúdo incompleto cabeçalho simples ajustir evitar quebra layout página sem login senha odf listar vazer correção fluxo verificação envio confirmar lista vazio merge refatoração integração branche relacionar Checkfeed iac imc mf entreposto iac qr fornecedor permissão acesso novo parâmetro tipoacesso documentação método extraircampofornecedor ppt versão sisap;Nova instalação;release computador data registro solicitante legado ambiente disponível produção novo funcionalidade validação setup implementar checagem validação registro setup garantir conformidade operacional novo link menu adicionar relatório painel produção visualização pagamento painel criação tela mockar tabela modal criação obter cbacesso inclusão dao daoacesso query cbacesso renderizar api tabela chave modal criação modal visualização detalhe chave criação api pra obter departamento criação combobox departamento ediçao rota edição departamento tabela cbacesso mockup remoção adição função remoção edição departamento gravar cbacesso criação api getusuariosativo modal consumir api botão adicionar gravar tabela criação modal cadastro novo chave criação insert tabela verificação existir implementação popups confirmação refatoração tela caminho menu apontar chave gerenciaracesso correção bugs etiqueta fornecedor corrigido exibição etiqueta padrão caixa seletiva conteúdo incompleto cabeçalho simples ajustir evitar quebra layout página login senha odf listar vazer correção fluxo verificação envio confirmar lista vazio merge refatoração integração branche relacionar checkfeed iac imc entreposto iac fornecedor permissão novo parâmetro tipoacesso documentação método extraircampofornecedor ppt versão
gostar solicitar implantação docmost community edition ambiente docker portainer proxyr reverso tls backup restore monitoramento docmost utilizar wiki Knowledge base colaborativo tempo real equipe técnico sobre ferramenta benefício desenvolvimento análise docmostr docmost wiki Knowledge base oferecer edição colaborativo tempo real space grupo permissão comentário inlinir histórico página busca anexo suporta diagrama mermaid excalidraw organização hierárquico ideal documentação técnico runbooks arquitetura procedimento operacional benefício direto time desenvolvimento analista qualidade edição simultâneo comentário histórico reduzer retrabalho aceler entrega vivo diagrama integrar mermaid excalidraw manter documentação atualizar junto código serviço segurança permissão granular space grupo manter conteúdo sensível protegir auditável centralização elimina documentação espalhar múltiplo ferramenta facilita onboarding resgate conhecimento extensível mantemo controle total dado possibilidade integrar pipeline ci cd automação webhooks scripts tco sem licença usuário infraestrutura simples postgre redis container app operacional runbooks procedimento ficar versionado reduzir mttr incidente padronizar resposta defesa adoção valer pena comprar ideia estratégico centraliza conhecimento crítico diminuir dependência solução proprietário dar soberania sobre dado mensurável melhora onboarding novo devs analista acelerar resolução dúvida reduzir tempo aprovação mudança documento vivo comentável risco compliance trilha histórico controle acesso adequar fácil integração Backups retenção definir robustez funcionar desde único servidor múltiplo réplica atrás proxy lb anexo manter performance alto disponibilidade custo incremental reaproveita base docker portainer prática backup monitoramento existente indicador esperar semana pós tempo onboarding novo membro taxa consulta uso base conhecimento retrabalhar desatualização documento mttr incidente graças runbooks atualizado implantação docmost community edition;Nova instalação;gostar solicitar implantação docmost community edition ambiente docker portainer proxyr reverso tls backup restore monitoramento docmost utilizar wiki knowledge base colaborativo tempo real equipe técnico sobre ferramenta benefício desenvolvimento análise docmostr docmost wiki knowledge base oferecer edição colaborativo tempo real space grupo permissão comentário inlinir histórico página busca anexo suporta diagrama mermaid excalidraw organização hierárquico ideal documentação técnico runbooks arquitetura procedimento operacional benefício direto time desenvolvimento analista qualidade edição simultâneo comentário histórico reduzer retrabalho entrega vivo diagrama integrar mermaid excalidraw manter documentação atualizar junto código serviço segurança permissão granular space grupo manter conteúdo sensível protegir auditável centralização elimina documentação espalhar múltiplo ferramenta facilita onboarding resgate conhecimento extensível mantemo controle total possibilidade integrar pipeline automação webhooks scripts tco licença infraestrutura simples postgre redis container app operacional runbooks procedimento ficar versionado reduzir mttr incidente padronizar resposta defesa adoção valer pena comprar ideia estratégico centraliza conhecimento crítico diminuir dependência solução proprietário dar soberania sobre mensurável melhora onboarding novo devs analista resolução dúvida reduzir tempo aprovação mudança documento vivo comentável risco compliance trilha histórico controle adequar fácil integração backups retenção definir robustez funcionar desde único servidor múltiplo réplica atrás proxy anexo manter performance alto disponibilidade custo incremental reaproveita base docker portainer prática backup monitoramento existente indicador esperar semana pós tempo onboarding novo membro taxa consulta uso base conhecimento retrabalhar desatualização documento mttr incidente graças runbooks atualizado implantação docmost community edition
disponível versão sisap nº disponível versão qa versão prod time infra favor atualizar deploy versão qa sisap homolog versão constar seguinte funcionalidade solicitação topdesk endpoint retornar resumo programação produção dia incluir informação sobre linha modelo fase iac imc mf utilizar consulta rápido sobre programado produção dia informar disponível versão sisap nº;Nova instalação;disponível versão disponível versão versão prod time infra atualizar deploy versão versão constar seguinte funcionalidade topdesk endpoint retornar resumo programação produção incluir informação sobre modelo fase iac imc utilizar consulta rápido sobre programado produção informar disponível versão
fazer processo pesquisa ferramenta utilização equipe pesquisa detalhamento passo tecnologia joarez criar docker primeiro teste ferramenta após contêiner up divulgação envolvido ferramenta documentação docmost;Nova instalação;fazer processo pesquisa ferramenta utilização equipe pesquisa detalhamento passo tecnologia joarez criar docker primeiro teste ferramenta após contêiner divulgação envolvido ferramenta documentação docmost
validação regex campo leitura fornecedor data validade base tabela parametro alimentar integrator sap melhoria sistema coleta datecodeautheticator;Melhorias;validação regex campo leitura fornecedor data validade base tabela parametro alimentar integrator melhoria coleta datecodeautheticator
disponível versão sisap nº disponível versão qa versão prod time infra favor atualizar deploy versão qa sisap homolog versão constar seguinte funcionalidade solicitação topdesk aumento limitador caracter descrição posto técnico ordem alimentação cadastro ponto campo cadastro item imagem disponível versão sisap nº;Nova instalação;disponível versão disponível versão versão prod time infra atualizar deploy versão versão constar seguinte funcionalidade topdesk aumento limitador caracter descrição técnico ordem alimentação cadastro ponto campo cadastro item imagem disponível versão
versão sisap pronto seguir pacote disponível qa prod solicitação infra favor publicar versão qa sisap homolog resumo executivo evolução módulo parada produção arcon plano comunicação relatório produção iac arcon confiabilidade painel produção ritmo produção importante tela detalhe item ampliação limite caracter posto técnico processo impressão etiqueta ac tv incluir mudança identificação fábrica ap Access point detalhe alteração responsável Paulo Costa coder authenticator implementação etiqueta ac coluna alteração método identificação fábrica antes ip impressora agora ap Access point requisito mandatório sistema desvio template impressão reimpressão fábrica ac cód etiqueta coluna duplo contemplação etiqueta único validação processo impressão reimpressão etiqueta tv sem alteração regra oscar menezes módulo parada produção arcon versão inicial comunicação ajuste filtro fábrica habilitar filtro fábrica versão inicial final cadastro lista grupo motivo plano comunicação diálogo ajuste layout lógico aplicar cadastro produção cadastro categoria subcategoria motivo versão inicial edição modal validação lógico numeração parada produção mapeamento código inicial grupo plano comunicação ajuste classe mapeamento tabela comentário ajuste diverso código página diálogo layout lógico northon melo produção iac implementação consulta ponto partir novo tabela ponto iac fallback procedure padrão não registro ajustir permissão acesso cq incluir campo deptoad inclusão data saída prever calcular partir data abertura hora conforme tipo inspeção correção visualização inspeção ver banco dado resolver erro relacionar campo login usuário produção atualização intervalo comercial turno produção recalcular campo meta minuto partir quantidade minuto parametrizar configuração tv arcon comercial turno produção diário x programa arcon inclusão modelo correção bo relatório produção caracterir mesmo linha assinatura método felipe nascimento pack melhoria tela manter detalhe item remoção código comentar inclusão service result tela cadastro múltiplo componente habilitar apenas modo novo edição;Avaliação_Técnica;versão pronto seguir pacote disponível prod infra publicar versão resumo executivo evolução módulo parada produção arcon plano comunicação relatório produção iac arcon confiabilidade painel produção ritmo produção importante tela detalhe item ampliação limite caracter técnico processo impressão etiqueta incluir mudança identificação fábrica access point detalhe alteração responsável coluna alteração método identificação fábrica antes impressora agora access point requisito mandatório desvio template impressão reimpressão fábrica cód etiqueta coluna duplo contemplação etiqueta único validação processo impressão reimpressão etiqueta alteração regra módulo parada produção arcon versão inicial comunicação ajuste filtro fábrica habilitar filtro fábrica versão inicial final cadastro lista grupo motivo plano comunicação diálogo ajuste layout lógico aplicar cadastro produção cadastro categoria subcategoria motivo versão inicial edição modal validação lógico numeração parada produção mapeamento código inicial grupo plano comunicação ajuste classe mapeamento tabela comentário ajuste diverso código página diálogo layout lógico produção iac implementação consulta ponto partir novo tabela ponto iac fallback procedure padrão registro ajustir permissão incluir campo deptoad inclusão data saída prever calcular partir data abertura hora conforme tipo inspeção correção visualização inspeção ver banco resolver erro relacionar campo login produção atualização intervalo comercial turno produção recalcular campo meta minuto partir quantidade minuto parametrizar configuração arcon comercial turno produção diário programa arcon inclusão modelo correção relatório produção caracterir assinatura método nascimento pack melhoria tela manter detalhe item remoção código comentar inclusão service result tela cadastro múltiplo componente habilitar apenas modo novo edição
disponível versão sisap nº disponível versão qa versão prod time infra favor atualizar deploy versão qa sisap homolog versão constar seguinte funcionalidade correção bug linha duplicar implementação novo métricas monitoramento ops ajuste cor formatação melhorar leitura padronização tabela melhoria design geral painel trazer visual limpo intuitivo inclusão novo campo ampliar visão operacional atualização painel check mf novo informação cálculo revisar melhoria renderização imagem imagem disponível versão sisap nº;Nova instalação;disponível versão disponível versão versão prod time infra atualizar deploy versão versão constar seguinte funcionalidade correção bug duplicar implementação novo métricas monitoramento ops ajuste cor formatação melhorar leitura padronização tabela melhoria design geral painel trazer visual limpo intuitivo inclusão novo campo ampliar visão operacional atualização painel check novo informação cálculo revisar melhoria renderização imagem imagem disponível versão
procedure execução cada procedure responsável alimentar painel produção linha tv família lcd dado quase tempo real ser executar automaticamente cada segundo objetivo fornecer time manufatura visão atualizar situação operacional agora cada linha identificar ativo sistema rotina faza cada execução procedure turno atual janela produção válido considerar dia referência turno vigente turno contingência garantir todo produção real capturar período incluída informação várias fonte produção incluir programação diário linha modelo produção efetivo dia modelo ap embalar item painel associar modelo quantidade pagar confirmar wip dentro janela operacional consumo painel posto total histórico consumo turno quantidade total lote ap todo informação tabela staging truncar recarregar cada ciclo garantir somente dado atual exibir snapshot completo linha conter linha ap modelo material painel quantidade programar dia quantidade pagar confirmar consumo total consumo turno tamanho lote ap embalar timestamp último atualização finalidadecom consolidado painel conseguir refletir tempo real produção real x planejar ap modelo cada linha produção dentro turno pagamento painel associar processo benefício operaçãoessa rotino permitir liderança manufatura pcm operação linha Acompanhem performance gargalo desvio ritmo produtivo praticamente tempo real atualização contínuo cada segundo regra negócio central ligação procedure tela colorir cada linha produção base excedente consumo diário painel relação pagar confirmar wip formalmente consumidodia pagar pagar pagar consumidodia classificar crítico consumo sem pagamento contrário aplicar faixa crítico vermelho ok verde preparar amarelo laranja decisão cor aplicar linha linha tabela painel semptclcom conexão procedure campo pagar consumidodia vir exatamente snapshot consolidar procedure grar coluna pagar qtddiario javascript usar dois valor calcular excedente destacar visualmente possível desalinhamento processo consumo painel sem correspondente pagamento lançamento wip nervo central monitoramento agora painel analise especializar procedure;Erro;procedure execução cada procedure responsável alimentar painel produção família lcd quase tempo real executar automaticamente cada segundo objetivo fornecer time manufatura visão atualizar situação operacional agora cada identificar ativo rotina faza cada execução procedure turno atual janela produção válido considerar referência turno vigente turno contingência garantir todo produção real capturar período incluída informação várias fonte produção incluir programação diário modelo produção efetivo modelo embalar item painel associar modelo quantidade pagar confirmar wip dentro janela operacional consumo painel total histórico consumo turno quantidade total lote todo informação tabela staging truncar recarregar cada ciclo garantir somente atual exibir snapshot completo conter modelo material painel quantidade programar quantidade pagar confirmar consumo total consumo turno tamanho lote embalar timestamp último atualização finalidadecom consolidado painel conseguir refletir tempo real produção real planejar modelo cada produção dentro turno pagamento painel associar processo benefício operaçãoessa rotino permitir liderança manufatura pcm operação acompanhem performance gargalo desvio ritmo produtivo praticamente tempo real atualização contínuo cada segundo regra negócio central ligação procedure tela colorir cada produção base excedente consumo diário painel relação pagar confirmar wip formalmente consumidodia pagar pagar pagar consumidodia classificar crítico consumo pagamento contrário aplicar faixa crítico vermelho verde preparar amarelo laranja decisão cor aplicar tabela painel semptclcom conexão procedure campo pagar consumidodia vir exatamente snapshot consolidar procedure grar coluna pagar qtddiario javascript usar dois valor calcular excedente destacar visualmente possível desalinhamento processo consumo painel correspondente pagamento lançamento wip nervo central monitoramento agora painel analise especializar procedure
prefect estrutura orquestração fluxo trabalho construir pipeline dado python maneira simples transformar script aplicação fluxo trabalho interativa prefect poder construir fluxo trabalho resiliente dinâmico reagir ambiente redor recuper mudança inesperar apenas algum decorador prefect turbina código recurso tentativa automático execução distribuir agendamento armazenamento cache atividade fluxo trabalho rastrear poder monitorar instância servidor prefect autogerenciar painel Prefect cloud gerenciar prefect estrutura orquestração fluxo trabalho construir;Nova instalação;prefect estrutura orquestração fluxo trabalho construir pipeline python maneira simples transformar script aplicação fluxo trabalho interativa prefect poder construir fluxo trabalho resiliente dinâmico reagir ambiente redor recuper mudança inesperar apenas algum decorador prefect turbina código recurso tentativa automático execução distribuir agendamento armazenamento cache atividade fluxo trabalho rastrear poder monitorar instância servidor prefect autogerenciar painel prefect cloud gerenciar prefect estrutura orquestração fluxo trabalho construir
solicitar pasta latest solicito pasta latest;Melhorias;solicitar pasta latest pasta latest
solicitar acesso sistema sisap funcionário david William marque itar drt motivo separador material precisar ter acesso informação produção acesso sistema sisap;Melhorias;solicitar funcionário motivo separador material precisar ter informação produção
painel acompanhamento produção iac informação produção prever diferença divergente realidade correção informação produção;Erro;painel acompanhamento produção iac informação produção prever diferença divergente realidade correção informação produção
problema não apontamento placa apresentar problema etiqueta assim ir magazine não percebir revisor linha ficar difícil identificar placo sugestão travar monitor leitura tarja vermelho ate revisor perceba destrave fazer leitura correto placa lir corrija problema placa etiqueta defeito melhoria sistema sisap apontamento placa iac fase top;Melhorias;apontamento placa apresentar etiqueta assim magazine percebir revisor ficar difícil identificar placo sugestão travar monitor leitura tarja vermelho ate revisor perceba destrave fazer leitura correto placa lir corrija placa etiqueta defeito melhoria apontamento placa iac fase top
solução implementar inclusão turno consulta agrupamento dado produção hora hora além realizar correção calculo meta produção partir turno cálculo meta realizar partir somatória meta dividir quantidade minuto produção assim ser caso turno qtdmeta qtdmeta anexo seguir email requisição solução am gmt northon melo corrigir calculo meta produção minuto turnão correto comercial pro horara prod cada minuto turno prod hora prod cada minuto sisap calcular turno comercial pro horara prod cada minuto turno prod hora prod cada minuto fazer calculo correto seguir imagem anexo demonstrar problema produção hora hora correção calculo meta;Corretiva;solução implementar inclusão turno consulta agrupamento produção hora hora além realizar correção calculo meta produção partir turno cálculo meta realizar partir somatória meta dividir quantidade minuto produção assim caso turno qtdmeta qtdmeta anexo seguir email requisição solução gmt northon melo corrigir calculo meta produção minuto horara prod cada minuto turno prod hora prod cada minuto calcular turno comercial pro horara prod cada minuto turno prod hora prod cada minuto fazer calculo correto seguir imagem anexo demonstrar produção hora hora correção calculo meta
solução implementar substituição horário substituição horário ajuste fazer consulta produção hora hora frontend anexo email solicitação solução am gmt northon melo ajustir escala horário relatório produção hora hora decorrência exibição dado incorreto incoerente produção hora hora correção horário;Corretiva;solução implementar substituição horário substituição horário ajuste fazer consulta produção hora hora frontend anexo email solução gmt northon melo ajustir escala horário relatório produção hora hora decorrência exibição incorreto incoerente produção hora hora correção horário
pci iniciar semano produção linha smd por placa registradra defeito ser consertar posto tecnico não conseguinto fazer registro sisap retirada defeito posto conserto placa iac não conseguir retirar defeito;Corretiva;pci iniciar semano produção smd placa registradra defeito consertar tecnico conseguinto fazer registro retirada defeito conserto placa iac conseguir retirar defeito
ajustir lote duplicar lote especificar causar impedimento apontamento solicitar ajustar lote registro duplicar placa lote;Erro;ajustir lote duplicar lote especificar causar impedimento apontamento solicitar ajustar lote registro duplicar placa lote
informação produção realizar nao aparecer tela resumo produção sisap linha iac informação produção realizar nao aparecer sistema sisap iac;Corretiva;informação produção realizar nao aparecer tela resumo produção iac informação produção realizar nao aparecer iac
conceder aceso colaborador thiago execução novo função sisap cadastro capacidade;Melhorias;conceder aceso colaborador execução novo função cadastro capacidade
from Felipe augusto sent saturday june Am to ronald figueredo cassio pereirar cc Pedro Cruz haroldo oliveirar Sebastiao santo andreia ferreira subject exclusão defeito sistema sisap linha ronald conforme conversar seguir lista registro defeito excluir sistema sisap linha mf motivo alimentação painel errar detectar posto teste desassociar painel imagem exclusão defeito sistema sisap linha;Corretiva;from saturday june ronald figueredo cassio pereirar haroldo oliveirar andreia ferreira subject exclusão defeito ronald conforme conversar seguir lista registro defeito excluir motivo alimentação painel errar detectar teste desassociar painel imagem exclusão defeito
solcito seguinte colaborador Pedro augusto Cruz vanessa macambira helton pinherio acesso liberação limpar pasagem modulo clear bar coder sisap acesso limpar passagem supervisor;Melhorias;seguinte colaborador liberação limpar pasagem modulo clear bar coder limpar passagem supervisor
solicitar liberação acesso modulo clear bar coder limpar pasagem aprovador acesso limpar passagem supervisor;Melhorias;solicitar liberação modulo clear bar coder limpar pasagem aprovador limpar passagem supervisor
acesso resumo diario mensal sumarizar sistema parar linha sisap campar datar relatorio diario resumo mensal não aparecer resultado consulta ssumarizar não retornar resultado pesquisa duvir sobre funcionamento modulo parar linha;Avaliação_Técnica;resumo diario mensal sumarizar parar campar datar relatorio diario resumo mensal aparecer resultado consulta retornar resultado pesquisa duvir sobre funcionamento modulo parar
falha lançar defeito ne tv qled tcl falha lançar defeito ne tv qled tcl;Corretiva;falha lançar defeito qled tcl falha lançar defeito qled tcl
incluir dentro guia rh guia sso procedimento sesmt inclusão sso intranet;Melhorias;incluir dentro guia guia sso procedimento sesmt inclusão sso intranet
modificação código fonte sisap tabela banco procedur ajustir horarios resumo produção;Erro;modificação código fonte tabela banco procedur ajustir horarios resumo produção
abrir programa zwcad aparecer mensagem renovação licença lincença zwcad;Corretiva;abrir programa zwcad aparecer mensagem renovação licença lincença zwcad
desenvolvimento novo lay out etiqueta prod integrar informação consumo anatel desenvolvimetno novo lay out et prod;Adequação de layout;desenvolvimento novo lay out etiqueta prod integrar informação consumo anatel desenvolvimetno novo lay out prod
mudança validação rastreabilidade etiqueta pci principal fase Imc mf detalhe anexo padronização lay out etiqueta pci pr conter informação fase imc montar mudança componente radial imc;Avaliação_Técnica;mudança validação rastreabilidade etiqueta pci principal fase detalhe anexo padronização lay out etiqueta pci conter informação fase imc montar mudança componente radial imc
redefiniçao senha sap redefinição senho sap;Melhorias;redefiniçao senha redefinição
demanda criação novo máscara sisap tampa traseiro aceitar leitura tanto etiqueta antigo ex rate labelç modeloç quanto daetiqueta nova neç motivo ecn;Nova instalação;demanda criação novo máscara tampa traseiro aceitar leitura tanto etiqueta antigo rate labelç quanto motivo ecn
confecção template etiqueta rede retrabalho manual confecção template et anatel;Adequação de layout;confecção template etiqueta rede retrabalho manual confecção template anatel
sisap relatorio fazer consulta sql jogar excel tipo atendimento pontual análise dado categoria serviço bi operacional extração dado ci sistema sisap checkfeeder ambiente produção grupo designar informar prioridade impacto urgência médio médio médio solicitante informar responsável felipe nascimento resumo executivo extração uds específica checkfeeder disponibilização excel descrição detalhar síntese consulta sql localizar uds informar compilação entregar planilha escopo extração pontual dado uds histórico lançamento esforço realizar mês h tarefa concluído consulta entregar excel risco dependêncio precisão uds fornecida anexo sugerir planilha entregar consulta executar sisap relatorio fazer consulta sql jogar excel;Corretiva;fazer consulta sql jogar excel tipo atendimento pontual análise categoria serviço operacional extração checkfeeder ambiente produção grupo designar informar prioridade impacto urgência médio médio médio solicitante informar responsável nascimento resumo executivo extração uds específica checkfeeder disponibilização excel descrição detalhar síntese consulta sql localizar uds informar compilação entregar planilha escopo extração pontual uds histórico lançamento esforço realizar mês tarefa concluído consulta entregar excel risco dependêncio precisão uds fornecida anexo sugerir planilha entregar consulta executar fazer consulta sql jogar excel
ajustir rotina considerar estono documento material material ajustir estorno;Melhorias;ajustir rotina considerar estono documento material material ajustir estorno
solicitar atualização registro placa carreta sistema unidade constar sistema não operação precisar substituír placa novo inclusão novo carreta embarque fabrico;Melhorias;solicitar atualização registro placa carreta unidade constar operação precisar substituír placa novo inclusão novo carreta embarque fabrico
devido migração funcionário edmar ribeiro departamento engenharia solicita acesso sistema metro login edmarrr conceder permissâo acesso sistema Metro;Melhorias;devido migração funcionário edmar ribeiro departamento engenharia solicita metro login edmarrr conceder permissâo metro
configuração camera engenharia configuração camera eng;Melhorias;configuração camera engenharia configuração camera eng
favor fazer melhoria conforme anexo acompanhamento processo consolidação separação carga expedição pa acompanhamento separação conferência expedição;Melhorias;fazer melhoria conforme anexo acompanhamento processo consolidação separação carga expedição acompanhamento separação conferência expedição
abap fazer am gmt fabio agusto Silva gome corrigir quantidade linha remessa wms grupo venda correção grupo venda wms;Melhorias;abap fazer corrigir quantidade remessa wms grupo venda correção grupo venda wms
favor fazer manutenção transação ter transtorno leitura nº serie leitura sair caractere manutenção;Erro;fazer manutenção transação ter transtorno leitura serie leitura sair caractere manutenção
srs precisar fazer edição nº série tabela transação edição nº série tabela;Melhorias;srs precisar fazer edição série tabela transação edição série tabela
analise xml empresa arcon geração conhecimento transportadora atilo xml semp tcl arcondicionar correto sistema transportadora carregamento dado errar analise xml venda arcon;Avaliação_Técnica;analise xml empresa arcon geração conhecimento transportadora atilo xml semp tcl arcondicionar correto transportadora carregamento errar analise xml venda arcon
srs bom tarde não conseguir criar dt momento incluír remessa mesmo não gerar não conseguir criar dt;Erro;conseguir criar momento incluír remessa gerar conseguir criar
correção chave busca dar serial origem pm gmt fabio agusto Silva gome favor transferir dado tabela ecxel sap salvar tabela ecxel sap;Melhorias;correção chave busca dar serial origem transferir tabela ecxel salvar tabela ecxel
srs bom tarde dado input local id externar não salvar momento gravar dígito numérico tarnsação conseguir finalizar processo voltar modificar incluir novamente dado erro salvar n id externo;Erro;input local externar salvar momento gravar dígito numérico tarnsação conseguir finalizar processo voltar modificar incluir novamente erro salvar externo
ref abap pm gmt fabio agusto Silva gome favor inserir campo incluirmos agente frente grupo remessa inserir campo incluir agente frete;Melhorias;inserir campo incluirmos agente frente grupo remessa inserir campo incluir agente frete
correção data jit movimentação registro correção data registro jit;Melhorias;correção data jit movimentação registro correção data registro jit
srs não conseguir fazer separação pa devido erro grupo conforme informar erro grupo separação;Melhorias;srs conseguir fazer separação devido erro grupo conforme informar erro grupo separação
problema criar dt problema criar de t;Erro;criar criar
favor aumentar quantidade caracter parte quantidade etiqueta fifo areo suprimento aumento caracter etiqueta fifo;Melhorias;aumentar quantidade caracter parte quantidade etiqueta fifo areo suprimento aumento caracter etiqueta fifo
favor liberar usuário thiagond quebra fifo separação mp estoque atender dat quebra fifo;Melhorias;liberar thiagond quebra fifo separação estoque atender dat quebra fifo
leandro favor inserir nro série faltante confr planilha;Erro;inserir nro série faltante confr planilha
menger erfmg am gmt fabio agusto Silva gome srs bom dia transação não fazer conversão quantidade blank peça hora fazer entrada mp recebimento precisar ajustar processo não impacto saldo material depósito ajustir conversão blank peça;Melhorias;menger erfmg gmt srs transação fazer conversão quantidade blank peça hora fazer entrada recebimento precisar ajustar processo impacto saldo material depósito ajustir conversão blank peça
marco lima conforme conversa adailton favor fazer inserimos texto dado adicional conforme fazer agente frete inserir texto dado adicional conforme dado agente frete;Melhorias;conforme conversa adailton fazer inserimos texto adicional conforme fazer agente frete inserir texto adicional conforme agente frete
leandro bom dia conforme conversar ver zoom solicitamos limpeza ns destaque branco pois erro tabela sistema adailton valente nro serie lançar erro;Erro;conforme conversar ver zoom solicitamos limpeza destaque branco pois erro tabela adailton valente nro serie lançar erro
leandro bom tarde conforme conversar ver zoom solicitar retirada ns destaque tabela motivo avaria número pedido dúvida disposição adailton valente retirar serial avariar leitura;Erro;conforme conversar ver zoom solicitar retirada destaque tabela motivo avaria número pedido dúvida disposição adailton valente retirar serial avariar leitura
srs bom tarde favor habilitar centro impresso etiqueta volume ne modelo pa habilitar Centro inserir ne modelo pa;Melhorias;habilitar centro impresso etiqueta volume modelo habilitar centro inserir modelo
receber sap documento material receber fisico porém sistema continuar não receber ficar cockpit linha recebimento afetar acuracia porque não conseguir fazer recebimento sistema tipo depósito posição nf recebimento prês recebimento remessa;Corretiva;receber documento material receber fisico porém continuar receber ficar cockpit recebimento afetar acuracia porque conseguir fazer recebimento tipo depósito posição recebimento prês recebimento remessa
contagem saldo ot pm gmt leandro Ribeiro pagan considerar leitura transferencia pm gmt leandro Ribeiro pagan acrescentar leitura remessa conferencia centro Am gmt fabio augusto Silva gome precisar melhoria abrir fazer conferente lear etiqueta volume código barra remessa amarrer leitura número série produto cada remessa amarrar nº série produto leitura remessa casar numero série produto;Melhorias;contagem saldo gmt pagan considerar leitura transferencia gmt pagan acrescentar leitura remessa conferencia centro precisar melhoria abrir fazer conferente lear etiqueta volume código barra remessa amarrer leitura número série produto cada remessa amarrar série produto leitura remessa casar numero série produto
favor limpar cockpit recebimento remessa documento travar entrada documento Fô processar dois vez processar documento outro pessoa tela abrir tentar processar ferramenta acusar erro não fazer processo duplicidade limpar documento remessa;Melhorias;limpar cockpit recebimento remessa documento travar entrada documento processar dois vez processar documento outro pessoa tela abrir tentar processar ferramenta acusar erro fazer processo duplicidade limpar documento remessa
favor ativar remessa simbólico possar dar continuidade separação produto acabar ativar remessa simbólico;Erro;ativar remessa simbólico possar dar continuidade separação produto acabar ativar remessa simbólico
srs não conseguir gerar remessa modelo sistema acusar sem saldo porém estoque não conseguir gerar remesso;Erro;srs conseguir gerar remessa modelo acusar saldo porém estoque conseguir gerar remesso
jerry bom dia favor instalar sistema portaria entrada saída usuário fabio sistema portario;Nova instalação;instalar portaria entrada saída fabio portario
srs bom dia favor estornar documento centro documento centro pois gerar duplicidade após entrada sistema sap estorno documento;Melhorias;estornar documento centro documento centro pois gerar duplicidade após entrada estorno documento
dt container mao aliançanav am gmt fabio agusto Silva gome precisar desbloqueiem dts bloqueado sistema poder dar continuidade processo desbloqueio dts;Erro;container mao aliançanav gmt fabio agusto silva gome precisar desbloqueiem dts bloqueado poder dar continuidade processo desbloqueio dts
srs bom tarde documento referente nf fazer entrada somente wms não alimentar saldo módulo mm acontecer devido termo dia bastante queda energia ato recebimento acontecer queda energia favor fazer alimentação saldo módulo mm pendencia entrada mm;Erro;documento referente fazer entrada somente wms alimentar saldo módulo acontecer devido termo bastante queda energia ato recebimento acontecer queda energia fazer alimentação saldo módulo pendencia entrada
srs bom dia presa cockpit recebimento remessa precisar fazer entrada mesmo atender venda nf presa cockpit recebimento remessa;Erro;srs presa cockpit recebimento remessa precisar fazer entrada atender venda presa cockpit recebimento remessa
favor corrigir entrada sistema sap pois mesmo fazer lançamento somente wm ficar pendente entrada mm corrigir entrada cockpit;Erro;corrigir entrada pois fazer lançamento somente ficar pendente entrada corrigir entrada cockpit
leandro bom tarde conforme falar seguir anexo planilha número série contêiner carregar dl qualquer duvida disposição adailton valente mao controle embarque;Melhorias;conforme falar seguir anexo planilha número série contêiner carregar qualquer duvida disposição adailton valente mao controle embarque
precisar fazer limpeza bom visualizar pedido abrir limpeza saldo negativo;Melhorias;precisar fazer limpeza visualizar pedido abrir limpeza saldo negativo
srs bom tarde saldo pequeno mm devido queda energia momento processar entrada nf onde processar somente entrada wm ficar entrar saldo mm penedente entrada saldo pequeno mm;Corretiva;saldo pequeno devido queda energia momento processar entrada onde processar somente entrada ficar entrar saldo penedente entrada saldo pequeno
abap am gmt fabio augusto Silva gome srs bom dia erro transação relatório apresentar divergencia informação não identificar quantidade total dois vez pedido ficar quantidade incorreto duplicar erro relatório;Melhorias;abap gmt fabio augusto silva gome srs erro transação relatório apresentar divergencia informação identificar quantidade total dois vez pedido ficar quantidade incorreto duplicar erro relatório
abap pm gmt fabio augusto Silva gome srs bom tarde favor fazer layout conforme enviar colaborador Henrique faria layout;Melhorias;srs fazer layout conforme enviar colaborador faria layout
favor saida transporte documento devido material blocado não conseguir fazer leitura serial saída transporte;Melhorias;saida transporte documento devido material blocado conseguir fazer leitura serial saída transporte
srs bom dia favor incluir nº série remessa conforme email enviar leandro pagan incluir nº série remessa;Melhorias;incluir série remessa conforme email enviar incluir série remessa
bom dia leandro preciso finalizar saída de esse dt arcon nf referente ne faturar Centro ajustir inventário apoio apenas saldo físico encontrar depósito poder ajudar favor dt atila ferreiro dt ajuste inventário apoio;Melhorias;leandro preciso finalizar saída referente faturar centro ajustir inventário apoio apenas saldo físico encontrar depósito poder ajudar ferreiro ajuste inventário apoio
bom dia leandro favor transferir número série novo remessa conforme falar zoom grupo antigo remesso antigo qtd grupo novo remesso novo qtd grupo antigo remessar qtd grupo novo remessar qtd Henrique faria transferência serial devido devolução carregamento;Melhorias;transferir número série novo remessa conforme falar zoom grupo antigo remesso antigo qtd grupo novo remesso novo qtd grupo antigo remessar qtd grupo novo remessar qtd faria transferência serial devido devolução carregamento
bom tarde leandro problema Internet aqui mao site sefaz ar normalizar nf cássio conseguir liberar porém cockpit não aparecer ordem remessa simbólico sem não com si iniciar carregamento faturar seguir pedido remessa faturar pedir remessar ne descrição qnt cubagem nf valor container ac splitr tcl tcnu ac splitr tcl mrsu ac splitr tcl temu ac splitr tcl tcku ac splitr tcl hasu ac splitr tcl mrku ac split tcl sudu ac split tcl sudu att atila ferreiro nfs não aparecer cockpit retorno simbólico;Erro;leandro internet aqui mao site sefaz normalizar conseguir liberar porém cockpit aparecer ordem remessa simbólico iniciar carregamento faturar seguir pedido remessa faturar pedir remessar descrição qnt cubagem valor splitr splitr splitr tcl splitr tcl splitr split tcl sudu split tcl sudu att atila ferreiro nfs aparecer cockpit retorno simbólico
precisar dar inicio fim transporte ajuste fazer pa aircon favor proceder conforme instrução atila inicio fim transporte;Melhorias;precisar dar inicio fim transporte ajuste fazer aircon proceder conforme instrução atila inicio fim transporte
favor limpar cockpit nf pois mesmo processar porém continuar sistema limpeza cockpit nf;Melhorias;limpar cockpit pois processar porém continuar limpeza cockpit
favor ajustar dois doc atualizar status cancelamento mesmo ajustar documento;Melhorias;ajustar dois doc atualizar status cancelamento ajustar documento
oi leandro bom tarde bom tarde td bem atila ferreiro problema grupo simbólico leitura ebq coletor não reconhecer grupo simbolico blz nro remessa ok nro atila ferreiro reiniciar leitura coletor dep arcon;Corretiva;bem atila ferreiro grupo simbólico leitura ebq coletor reconhecer grupo simbolico remessa nro atila ferreiro reiniciar leitura coletor
tipo manutenção adicionar key user processo transação sim justifique favor liberar usuário adolfocs quebra fifo pois colaborador precisar fazer separação mp fabrica tv dat necessitar quebrar fifo algum material outro informação manutenção perfil sap;Avaliação_Técnica;tipo manutenção adicionar key user processo transação sim justifique liberar adolfocs quebra fifo pois colaborador precisar fazer separação fabrica dat necessitar quebrar fifo algum material outro informação manutenção perfil
favor liberar quebra fifo usuário adolfocs poder fazer separação dat mp sp quebra fifo;Melhorias;liberar quebra fifo adolfocs poder fazer separação dat quebra fifo
precisar habilitar coletor separação conferenciar tipo depósito habilitar coletor separação conferenciar;Melhorias;precisar habilitar coletor separação conferenciar tipo depósito habilitar coletor separação conferenciar
srs bom tarde não conseguir fazer retorno fisico pa sistir enviar mensagem saldo insuficiente porém saldo depósito retorno fisico pa dep fechar fabrica;Melhorias;conseguir fazer retorno enviar mensagem saldo insuficiente porém saldo depósito retorno fisico dep fechar fabrica
favor verificar erro falta saldo devolução fisica bloqueado agora desbloquear fazer transferência falta saldo cancelamento venda arcon;Erro;erro falta saldo devolução fisica bloqueado agora desbloquear fazer transferência falta saldo cancelamento venda arcon
busca ordem canceladas am gmt fabio augusto Silva gome bom dia leandro favor verificar grupo remessar pois fazer leitura conferenciar ir finalizar dts aparecer mensagem não fazer leitura finalizar dt;Melhorias;busca ordem canceladas grupo remessar pois fazer leitura conferenciar finalizar dts aparecer mensagem fazer leitura finalizar
configuração impressora zebro dep impressão etiqueta volume impressora zebro mao configuração impressora zebro dep;Melhorias;configuração impressora zebro dep impressão etiqueta volume impressora zebro mao configuração impressora zebro dep
não conseguir fazer faturamento pedido criar centro transação msg não encontrar dar parâmetro informar nº mensagem não conseguir faturar pedido Centro;Melhorias;conseguir fazer faturamento pedido criar centro transação msg encontrar dar parâmetro informar mensagem conseguir faturar pedido centro
criação edi notfis pm gmt leandro Ribeiro pagan abap metodo busca ordem canceladas pm gmt fabio augusto Silva gome não conseguir fazer inicio fim dts relacionar abaixo favor finalizar processo time logística fazer inicio fim transporte dts;Melhorias;criação edi notfis gmt leandro ribeiro pagan abap metodo busca ordem canceladas gmt conseguir fazer inicio fim dts relacionar abaixo finalizar processo time logística fazer inicio fim transporte dts
mensagem erro popup pm gmt fabio augusto Silva gome srs bom tarde não conseguir fazer faturamento ne centro pois aparecer seguinte msg não selecionar nenhum lista trabalho verificar entrada não conseguir faturar;Melhorias;mensagem erro popup gmt fabio augusto silva gome srs conseguir fazer faturamento centro pois aparecer seguinte msg selecionar nenhum lista trabalho entrada conseguir faturar
precisar definir sistema endereço único entrada transação hoje qualquer posição blocar sistema direcionar receber favor parametrizar unico posição recebimento endereçamento único entrada;Melhorias;precisar definir endereço único entrada transação hoje qualquer posição blocar direcionar receber parametrizar unico posição recebimento endereçamento único entrada
srs bom dia não conseguir fazer faturamento modelo tv qled tcl devido não terr saldo retorno simbólico sistema saldo porém hora faturamento disponibilizado somente falta sem saldo remessa material;Melhorias;conseguir fazer faturamento modelo qled tcl devido terr saldo retorno simbólico saldo porém hora faturamento disponibilizado somente falta saldo remessa material
srs bom dia dois pedido centro não conseguir fazer separação atender expedição pa grupo finalizar;Melhorias;srs dois pedido centro conseguir fazer separação atender expedição grupo finalizar
nfe canceladas am gmt fabio augusto Silva gome srs bom dia não conseguir criar grupo remessa venda via varejo pois todo não conseguir gerar grupo criação grupo;Melhorias;nfe canceladas gmt conseguir criar grupo remessa venda via varejo pois todo conseguir gerar grupo criação grupo
não conseguir gerar remessa venda ne ac splitr tcl quantia porém sistema acusar somente poder ajudar falta saldo estoque;Melhorias;conseguir gerar remessa venda splitr tcl quantia porém acusar somente poder ajudar falta saldo estoque
favor excluir nº série remessa tabela anexa incluir outro conforme tabela excluir incluir nº série;Melhorias;excluir série remessa tabela anexa incluir outro conforme tabela excluir incluir série
srs bom tarde não conseguir fazer recebimento documento recebimento transação não consigar fazer recebimento doc;Melhorias;conseguir fazer recebimento documento recebimento transação consigar fazer recebimento doc
monitor ztdp pm gmt fabio augusto Silva gome sr bom tarde criar tabela istema sap incluir nº serie pa lido expedição fabrico tv hine onde poder pegar serial exportar dentro pedido tranferencia criar centro criar tabela nº série;Melhorias;monitor ztdp gmt criar tabela istema incluir serie lido expedição fabrico hine onde poder pegar serial exportar dentro pedido tranferencia criar centro criar tabela série
srs bom tarde favor retirar incluir nº série conforme email Henrique faria exclusão inclusão nº série;Corretiva;retirar incluir série conforme email faria exclusão inclusão série
srs bom dia favor transferir nº série remessa conforme enviar henrique leandro pagan transferencia nº série remessa;Melhorias;transferir série remessa conforme enviar transferencia série remessa
favor dar refresh nf documento recebimento material cockpit liberação nf;Melhorias;dar refresh documento recebimento material cockpit liberação
remesso retorno simbólico apenas ser remessa venda quantidade remessa retorno divergente remessa venda;Melhorias;retorno simbólico apenas remessa venda quantidade remessa retorno divergente remessa venda
favor incluir nº série conforme email remessar venda remesso retorno quantidade inclusão nº série;Melhorias;incluir série conforme email remessar venda remesso retorno quantidade inclusão série
relacionar am gmt fabio augusto Silva gome srs bom dia favor liberar quebra fifo usuário natanaelpn colaborador precisar de esse função dar seguimento atividade quebra fifo;Melhorias;relacionar liberar quebra fifo natanaelpn colaborador precisar função dar seguimento atividade quebra fifo
solicitamos melhoria processo apontamento ac sap ter impacto processo transferência pa ac produção estoque identificar lote ac sap quebrado palete peça lote ter demora processo rastreio lote produto acomular produção cassio poder ajudar processo melhoria apontamento lote sap ac;Melhorias;solicitamos melhoria processo apontamento ter impacto processo transferência produção estoque identificar lote quebrado palete peça lote ter demora processo rastreio lote produto acomular produção cassio poder ajudar processo melhoria apontamento lote
favor gerar saldo remessa item não conseguir fazer processo devido sisttema acuasr não saldo suficiente estoque porém consulta item saldo suficiente atender remessa favor prosseguir conforme email adailton inserir saldo remessa;Melhorias;gerar saldo remessa item conseguir fazer processo devido saldo suficiente estoque porém consulta item saldo suficiente atender remessa prosseguir conforme email adailton inserir saldo remessa
favor inserir nº séries anexo email remessa inserir n série remessa;Melhorias;inserir séries anexo email remessa inserir série remessa
ajustar status grupo remessar simbólico seguir abaixo remessa venda qtd qtd ajustar status grupo remessar simbólico;Melhorias;ajustar status grupo remessar simbólico seguir abaixo remessa venda qtd qtd ajustar status grupo remessar simbólico
favor liberar faturamento pedido relacionar abaixo conforme conversar via telefone seguir abaixo pedido faturamento pedido;Melhorias;liberar faturamento pedido relacionar abaixo conforme conversar via telefone seguir abaixo pedido faturamento pedido
inserir nº série conforme planilhar anexo inserir nº série fechamento mes;Corretiva;inserir série conforme planilhar anexo inserir série fechamento mes
botão exclusão serial am gmt fabio augusto Silva gome editar número série lir forma possar excluir número série lir erroneamente utilização placa cadastrar sistema fim não utilizar placa fictício limpeza todo placa fictício final mês outubro melhoria transação;Melhorias;botão exclusão serial gmt fabio augusto silva gome editar número série lir forma possar excluir número série lir erroneamente utilização placa cadastrar fim utilizar placa fictício limpeza todo placa fictício final mês outubro melhoria transação
leitura serial pós faturamento am gmt fabio augusto Silva gome criar novo transação leitura nº série remessa faturar retorno simbólico centro criar novo transação z coletor;Melhorias;leitura serial pós faturamento gmt fabio augusto silva gome criar novo transação leitura série remessa faturar retorno simbólico centro criar novo transação coletor
liberação Wm coletor arcon Henrique faria login henriquef liberar configuração de ep arcon;Melhorias;liberação coletor arcon faria login liberar configuração arcon
srs bom dia excluir grupo cockpit não conseguir gerar novo grupo favor atender conforme email ajustir cockpit;Corretiva;srs excluir grupo cockpit conseguir gerar novo grupo atender conforme email ajustir cockpit
srs bom dia favor icluir nº série tabela poder fazer fechamento dt outubro inserir nº série tabela;Melhorias;icluir série tabela poder fazer fechamento outubro inserir série tabela
srs bom tarde favor liberar acesso sistema portaria consulta colaborador arcon leandro Pereira freita colaborador precisar consultar entrada sair veiculo descarregar arcon liberação acesso sistema portaria;Avaliação_Técnica;liberar portaria consulta colaborador pereira freita colaborador precisar consultar entrada sair veiculo descarregar arcon liberação portaria
srs bom tarde não conseguir fazer faturamento pa centro conforme anexo enviar sem saldo geração remessa;Melhorias;conseguir fazer faturamento centro conforme anexo enviar saldo geração remessa
favor ajustar cockpit grupo conforme enviar ajustir grupo;Melhorias;ajustar cockpit grupo conforme enviar ajustir grupo
tentar faturar ne modelo qtd saldo disponível estoque gerar remessa aparecer mensagem saldo pcs impossibilitar criação remessa faturamento sem saldo geração remessa;Melhorias;tentar faturar modelo qtd saldo disponível estoque gerar remessa aparecer mensagem saldo pcs impossibilitar criação remessa faturamento saldo geração remessa
favor completar estorno nf conforme email estorno imcompleto;Melhorias;completar estorno coorme email estorno imcompleto
carregamento arcon lançar nro serie cancelar refaturar outro remessa pc serial reaproveitar att Henrique faria correção serial remesso;Corretiva;carregamento arcon lançar nro serie cancelar refaturar outro remessa serial reaproveitar att henrique faria correção serial remesso
srs bom dia favor transferir numero série remessa antigo novo remessa conforme email Henrique faria transferencia nº série novo remessa;Melhorias;transferir numero série remessa antigo novo remessa conforme email faria transferencia série novo remessa
tipo manutenção adicionar key user processo transação sim justifique favor liberar quebra fifo usuário kleysonsc outro informação manutenção perfil sap;Melhorias;tipo manutenção adicionar key user processo transação sim justifique liberar quebra fifo kleysonsc outro informação manutenção perfil
não saldo suficiente geração remessa sibólico favor gerar slar continuar processo sem saldo geração remesso venda;Erro;saldo suficiente geração remessa sibólico gerar slar continuar processo saldo geração remesso venda
bom tarde leandro favor liberar dts abaixo darmos início fim transporte gerar arquivo edi motivo de esse solicitação causa conferente apagar leitura carregamento fábrica perder número série dts atender dl hoje fazer solicitação consegui número série att Henrique faria perda serial fábrica ref;Corretiva;leandro liberar dts abaixo darmos início fim transporte gerar arquivo edi motivo causa conferente apagar leitura carregamento fábrica perder número série dts atender hoje fazer consegui número série att henrique faria perda serial fábrica ref
favor inserir descrição modelo etiqueta leitura expedição conforme solicitar descrição modelo etiqueta exped arcon;Melhorias;inserir descrição modelo etiqueta leitura expedição conforme solicitar descrição modelo etiqueta exped arcon
favor ampliar transação centro ampliar transação;Melhorias;ampliar transação centro ampliar transação
informação coluna pm gmt fabio augusto Silva gome bom atendimento operação expedição precisar acrescentar coluna transação informar pedido cif fob incluir informação incoterms transação;Melhorias;informação coluna gmt atendimento operação expedição precisar acrescentar coluna transação informar pedido incluir informação incoterms transação
informação incoterms pm gmt fabio augusto Silva gome puxar relatório transação coluna local sair destino divergente conforme inlustração correção informação coluna local transação;Melhorias;informação incoterms gmt puxar relatório transação coluna local sair destino divergente conforme inlustração correção informação coluna local transação
etiqueta expedição am gmt fabio augusto Silva gome inserir etiqueta ne descrição pa corrigir quantidade etiqueta impressas conforme alteração impressão etiqueta expedição;Adequação de layout;etiqueta expedição gmt inserir etiqueta descrição corrigir quantidade etiqueta impressas conforme alteração impressão etiqueta expedição
tipo manutenção adicionar key user processo transação sim justifique srs bom dia favor liberar quebra fifo usuário luizog colaborador ir desempenhar função conferente precisar fazer quebra fifo outro informação configurar quebra fifo we m;Melhorias;tipo manutenção adicionar key user processo transação sim justifique srs liberar quebra fifo luizog colaborador desempenhar função conferente precisar fazer quebra fifo outro informação configurar quebra fifo
etiqueta expedição am gmt leandro pagan etiqueta expedição am gmt leandro pagan inserir etiqueta ne descrição pa corrigir quantidade etiqueta impressas conforme alteração ordenar material ordenar etiqueta volume material;Corretiva;etiqueta expedição gmt leandro pagan etiqueta expedição gmt leandro pagan inserir etiqueta descrição corrigir quantidade etiqueta impressas conforme alteração ordenar material ordenar etiqueta volume material
srs favor desbloquear remessa pois remessa bloqueado devido limite crédito conforme relatar colaborador Jhon leno desbloquear remesso;Melhorias;srs desbloquear remessa pois remessa bloqueado devido limite crédito conforme relatar colaborador leno desbloquear remesso
não conseguir chegar item desejar fazer leitura transação devido erro tempo execução abap acontecer separação dat usuário natancs erro tempo execução abap;Melhorias;conseguir chegar item desejar fazer leitura transação devido erro tempo execução abap acontecer separação dat natancs erro tempo execução abap
srs bom tarde não conseguir fazer endereçamento background tipo depósito endereçamento background;Melhorias;conseguir fazer endereçamento background tipo depósito endereçamento background
devido criação p forma manual transferência Centro controle saldo incorreto correto utilização favor ajustar saldo aparelho ajustir saldo;Corretiva;devido criação forma manual transferência centro controle saldo incorreto correto utilização ajustar saldo aparelho ajustir saldo
abap relatório conferente embarque pm gmt fabio augusto Silva gome nome armador agente frete nº container id container nº lacr id externo id nº booking dado adicional txt adic tipo embarque tp zven ztra suplar po po po pa po tp login conferente nome conferente executar leitura melhoria inclusão informação inserir documento tran;Melhorias;conferente embarque nome armador agente frete container container lacr externo booking adicional txt adic tipo embarque zven ztra suplar login conferente nome conferente executar leitura melhoria inclusão informação inserir documento tran
nf lançar sistema porém saldo movimentar wm deixar movimentar mm erro entrada cockpit recebimento remessa;Melhorias;lançar porém saldo movimentar deixar movimentar erro entrada cockpit recebimento remessa
favor eliminar duplicidade nº série remessa poder continuar processo atividade verificar duplicidade nº série t remessar;Corretiva;eliminar duplicidade série remessa poder continuar processo atividade duplicidade série remessar
Henrique faria enviar setembro bom dia todo paganconforme mostrar via teams algum remessa não conseguir transferir número série remessa Centro mobilidade aparecer seguinte mensagem abaixo seguir abaixo remessa destaque azul não conseguir transferir número série remessa Centro mobilidade verde ajustir item remessa triangular mobilidade;Erro;faria enviar setembro todo paganconforme mostrar via teams algum remessa conseguir transferir número série remessa centro mobilidade aparecer seguinte mensagem abaixo seguir abaixo remessa destaque azul conseguir transferir número série remessa centro mobilidade verde ajustir item remessa triangular mobilidade
erro emitir romaneio embarque carga destino redespacho em ordeste saindo manau incluso remessa dt porém emitir romaneio buscar somente dois remessa exemplo problema geração romaneio;Erro;erro emitir romaneio embarque carga destino redespacho ordeste saindo manau incluso remessa porém emitir romaneio buscar somente dois remessa exemplo geração romaneio
incluir nº série conforme quantidade remessa ajustir nº série;Corretiva;incluir série conforme quantidade remessa ajustir série
ontem adailton valente ajudar nf tá presa processo mensagem documento ser processar doc nfe travar processamento;Erro;ontem adailton valente ajudar presa processo mensagem documento processar doc travar processamento
favor excluir posição branco sistema sap criar forma indevido excluir posição indevido;Melhorias;excluir posição branco criar forma indevido excluir posição indevido
favor incluir novo placa mercosul transferência depósito fechar novo placa;Corretiva;incluir novo placa mercosul transferência depósito fechar novo placa
favor excluir posição palete conforme adailton excluir posição wms;Melhorias;excluir posição palete conforme adailton excluir posição wms
intuito sanar retrabalho ocorrer atualmente processo arcon precisar nota faturar impresso automaticamente sistema processo ocorrer tv precisamo arcon cnpj formulário série impressão automatica nf;Corretiva;intuito sanar retrabalho ocorrer atualmente processo arcon precisar nota faturar impresso automaticamente processo ocorrer precisamo arcon cnpj formulário série impressão automatica
termos grande rastreabilidade processo leitura número série arcon precisar número cond evap registrar leitura separação sistema vez apontar sistema inserir nº série cond Evap leitura sap;Melhorias;termos grande rastreabilidade processo leitura número série arcon precisar número cond evap registrar leitura separação vez apontar inserir série cond evap leitura
informação desvio am gmt fabio augusto Silva gome verificar ausência nota fiscal doc romaneio embarque nota triangulação nf não sair romaneio triangulação;Melhorias;informação desvio ausência nota fiscal doc romaneio embarque nota triangulação sair romaneio triangulação
verificar arquivo edi número nota divergente nf divergente edi;Melhorias;arquivo edi número nota divergente divergente edi
pagan bom dia conforme falar não conseguir fazer estorno entrada devolução pois tipo movimento não configurado wm falta movimento Wm devolução;Erro;pagan conforme falar conseguir fazer estorno entrada devolução pois tipo movimento configurado falta movimento devolução
linkr material ud wm am gmt fabio augusto Silva gome tipo depósito criar endereçar somente ne vez porém aceitar ne único posição conforme email anexo erro endereçamento tipo depósito;Melhorias;linkr material gmt tipo depósito criar endereçar somente vez porém aceitar único posição conforme email anexo erro endereçamento tipo depósito
serial liberar pm gmt fabio augusto Silva gome João mende favor excluir nº série documento onde incluir forma indevido movimentação reserva dia dsup dcq correção serial movimentação vio reservo;Melhorias;serial liberar excluir série documento onde incluir forma indevido movimentação reserva correção serial movimentação vio reservo
apontamento pa arcon bloquear somente mm we m deixar livre conforme conversa supervisor adailton precisar pa bloquear wm apontamento pa arcon;Melhorias;apontamento bloquear somente deixar livre conforme conversa supervisor adailton precisar bloquear apontamento
linkr endereçamento tipo depósito pm gmt leandro pagan bom dia tudo bem vc preciso ajuda relação cadastro capacidade material cadastr capacidade material ser fazer endereçamento não obedecer capacidade inserir cadastro gostar saber algum flag faltar fazer em esse material capacidade material ud wm;Corretiva;linkr endereçamento tipo depósito pagan tudo bem preciso ajuda relação cadastro capacidade material cadastr capacidade material fazer endereçamento obedecer capacidade inserir cadastro gostar saber algum flag faltar fazer material capacidade material
abap valor item imposto am gmt fabio augusto Silva gome incluir valor líquido impor multiplicar quantidade item transação tabela incluir valor total nota transação;Melhorias;abap valor item imposto incluir valor líquido impor multiplicar quantidade item transação tabela incluir valor total nota transação
performance am gmt fabio augusto Silva gome delayr leitura serial recebimento pa depósito transação leitura serial recebimento pa hine;Melhorias;performance gmt fabio augusto silva gome delayr leitura serial recebimento depósito transação leitura serial recebimento hine
seleção job Wm pm gmt leandro pagan correção busca material wm compensar movimentação du gerar confr aprovação lote qa busca precisar acontecer lote qualidade não aleatório correção seleção job wm;Corretiva;seleção job gmt leandro pagan correção busca material compensar movimentação gerar confr aprovação lote busca precisar acontecer lote qualidade aleatório correção seleção job
srs precisar fazer melhoria transação conforme email enviar melhoria não pagar material etiquetamento errar produção iac imc melhoria transação;Melhorias;srs precisar fazer melhoria transação conforme email enviar melhoria pagar material etiquetamento errar produção iac imc melhoria transação
não conseguir fazer movimentação ud acusar não existir gerar transtorno hora fazer movimentação quantidade ud inventário precisar verificar acontecer unidade gestão estoque não existir;Melhorias;conseguir fazer movimentação acusar existir gerar transtorno hora fazer movimentação quantidade inventário precisar acontecer unidade gestão estoque existir
não conseguir movimentar ud sap mensagem aparecer não existir ud não existir;Melhorias;conseguir movimentar mensagem aparecer existir existir
não conseguir fazer confirmação ot ot não confirmar;Corretiva;conseguir fazer confirmação confirmar
não conseguir fazer movimentação ud sistema sap informação aparecer ato movimentação ud inexistente conforme passar solicitação unidade gestão estoque não existir;Melhorias;conseguir fazer movimentação informação aparecer ato movimentação inexistente conforme passar unidade gestão estoque existir
não conseguir movimentar ud devido mesmo não existir gestão estoque ne painel av lateral plastico unidade gestão estoque não existir;Melhorias;conseguir movimentar devido existir gestão estoque painel lateral plastico unidade gestão estoque existir
material possuir centro status suprim depósito registro mestre material atualizar status material campar status mat pcp significar disponibilidade material poder restringer material possuir centro status suprim depósito;Avaliação_Técnica;material possuir centro status suprim depósito registro mestre material atualizar status material campar status mat pcp significar disponibilidade material poder restringer material possuir centro status suprim depósito
favor excluir posição anexo não conseguir fazer exclusão excluir posição;Corretiva;excluir posição anexo conseguir fazer exclusão excluir posição
precisar corrigir etiqueta identificação material area onde lêr descrição pois imprimir serial number ser correto descrição material conforme imagem anexo correção descrição etiqueta;Melhorias;precisar corrigir etiqueta identificação material area onde lêr descrição pois imprimir serial number correto descrição material conforme imagem anexo correção descrição etiqueta
bom tarde pagan solicitação inclusão placa simbólico coletável sap processo carreta ir vir fábrico tv troca carreta;Corretiva;pagan inclusão placa simbólico coletável processo carreta vir fábrico troca carreta
srs bom tarde favor liberar acesso sistema vtin usuário jelisonjs dolicitação vtin;Avaliação_Técnica;liberar jelisonjs dolicitação
colaborador Celiosn não conseguir fazer lançamento xml nfs subcontratação transação colaborador não conseguir fazer lançamento xlml transação;Erro;colaborador conseguir fazer lançamento xml nfs subcontratação transação colaborador conseguir fazer lançamento xlml transação
bom dia precisar ne cadastrado tipo depósito poder gerar ot background fazer ot visível mensagem erro dado p determinação tipo depósito não definido determinação tipo deposito;Melhorias;precisar cadastrado tipo depósito poder gerar background fazer visível mensagem erro determinação tipo depósito definido determinação tipo deposito
criar nt automático apontamento mockup criar nt automatica apontamento mockupdo mockup;Melhorias;criar apontamento mockup criar automatica apontamento mockupdo mockup
colaborador fazer estorno nfs transação porém fazer estorno migo precisar cancelar operação possar fazer processo correto tranzação z estorno indevir migo;Corretiva;colaborador fazer estorno nfs transação porém fazer estorno migo precisar cancelar operação possar fazer processo correto tranzação estorno indevir migo
merge request principal sisap projeto odf;Avaliação_Técnica;merge request principal projeto odf
dia outubro linha trocar necessário fazer setup linha posto amarra painel atualizar tela coletor auditoria ud montagem final preciso melhoria após setup posto amarra painel coletor aviso mudança setup chk mf troca ap;Melhorias;outubro trocar necessário fazer setup amarra painel atualizar tela coletor auditoria montagem final preciso melhoria após setup amarra painel coletor aviso mudança setup
precisar substituir numero série produto conforme tabelar abaixo acontecer devido time ponta linha ter inserir maualmente forma erroneo serial produto diante de esse ocorrer precisar bloquear função substituição serial number;Melhorias;precisar substituir numero série produto conforme tabelar abaixo acontecer devido time ponta ter inserir maualmente forma erroneo serial produto diante ocorrer precisar bloquear função substituição serial number
solicita gentileza equipe desenvolvimento sap ti analiser transação implemente funcionalidade leitura interpretação qr code recebimento material permitir ambos tipo código processar automaticamente fico disposição fornecer detalhe adicional amostra qr code agendar teste necessário leitura qr coder recebimento material;Melhorias;solicita equipe desenvolvimento analiser transação implemente funcionalidade leitura interpretação code recebimento material permitir ambos tipo código processar automaticamente fico disposição fornecer detalhe adicional amostra code agendar teste necessário leitura coder recebimento material
não conseguir fazer movimentação transferencia ne posição precisar fazer movimentação atender processo pagamento produção ne painel av lateral plastico;Corretiva;conseguir fazer movimentação transferencia posição precisar fazer movimentação atender processo pagamento produção painel lateral plastico
sisap melhoria painel odf tipo melhoria performance categoria serviço relatório operacional observabilidade ci sistema sisap painel odf ambiente homologação produção parcial grupo designar informar prioridade impacto urgência alta alto alta solicitante informar responsável felipe nascimento resumo executivo correção duplicidade procedure troca op contingenciamento job cron configurar ajuste apoio dataside otimização descrição detalhar síntese análise segregação query job configuração cron homologação ajuste acompanhamento consumo bd escopo procedurar painel job agendamento histórico lançamento esforço realizar mês h tarefa concluído procedure corrigida job segregar cron configurar mrdeploy aplicar risco dependêncio tuning bd coordenação datasidedti anexo sugerir Logs job mrs métricas consumo sisap melhoria painel odf;Melhorias;melhoria painel odf tipo melhoria performance categoria serviço relatório operacional observabilidade painel odf ambiente homologação produção parcial grupo designar informar prioridade impacto urgência alta alto alta solicitante informar responsável nascimento resumo executivo correção duplicidade procedure troca contingenciamento job cron configurar ajuste apoio dataside otimização descrição detalhar síntese análise segregação query job configuração cron homologação ajuste acompanhamento consumo escopo procedurar painel job agendamento histórico lançamento esforço realizar mês tarefa concluído procedure corrigida job segregar cron configurar mrdeploy aplicar risco dependêncio tuning coordenação datasidedti anexo sugerir logs job mrs métricas consumo melhoria painel odf
abap bloqueio ud x ot fabrica mao am gmt fabio augusto Silva gome srs bom dia hoje tranzação ato pagamento ot iac sistema bloqueia ne posiçâo diferente porém gostariar bloquear transferencia ud ot diferente sistema leitura fizesse comparação ot ne posiçâo ud igual liberar leitura de esse item não acordo bloquear transferencia porém não apagassir material lir bloquear ud ot x fisico diferente;Corretiva;abap bloqueio fabrica mao gmt hoje tranzação ato pagamento iac bloqueia posiçâo diferente porém gostariar bloquear transferencia diferente leitura fizesse comparação posiçâo igual liberar leitura item acordo bloquear transferencia porém apagassir material lir bloquear fisico diferente
urgente produto recebimento dar erro leitura coletor dado não possível determinar posição destino modelo novo material ajustir entrada linha novo;Corretiva;urgente produto recebimento dar erro leitura coletor possível determinar posição destino modelo novo material ajustir entrada novo
solicitar autorização uso código grupo compraddor autorização uso sap cod;Melhorias;solicitar autorização uso código grupo compraddor autorização uso cod
login bloquear login bloquear;Corretiva;login bloquear login bloquear
mudança senha sap login bloquear;Corretiva;mudança senha login bloquear
solicitar desbloqueio acesso sap colaborador Luiz Carlos Souza rodrigue drt desbloqueio sap;Corretiva;solicitar desbloqueio colaborador
atualização login rede novo colaborador setor recebimento atualização login acesso;Melhorias;atualização login rede novo colaborador setor recebimento atualização login
solicitar acesso sistema portaria monitoramento solicitação acesso;Nova instalação;solicitar portaria monitoramento
bom tarde solicitar correção nome motorista motorista correto Gerlailson marques Silva htc sistema anexo portaria sistema portaria correção motorista veículo;Corretiva;solicitar correção nome motorista motorista correto htc anexo portaria portaria correção motorista veículo
bom tarde solicitar correção placa veículo placo correta sistema anexo portaria sistema portaria correção placa veículo;Corretiva;solicitar correção placa veículo placo correta anexo portaria portaria correção placa veículo
solicitar atualização sistema portaria atualização sistema portaria;Avaliação_Técnica;solicitar atualização portaria atualização portaria
bom tarde após análise chamar abrir sistema verificar oportunidade melhoria correção dado veículo após registro entrada conta de isso desenvolver novo funcionalidade permitir ajustir de este dado estarer atualizar chamado andamento atividade obrigado manutenção sistema portaria;Corretiva;após análise chamar abrir oportunidade melhoria correção veículo após registro entrada conta desenvolver novo funcionalidade permitir ajustir estarer atualizar chamado andamento atividade manutenção portaria
erro acesso sistema financeiro run time error type mismatch obs descrição serviço selecione sistema sistema financeiro não opção financeiro acesso sistema;Erro;erro financeiro run time error type mismatch obs descrição serviço selecione financeiro opção financeiro
nota fiscal lançar mês fevereiro sistema sistema financeiro não replicar pagamento sao samel Plano saúde nf lançar dia pagamento não realizar;Corretiva;nota fiscal lançar mês fevereiro financeiro replicar pagamento sao samel plano saúde lançar pagamento realizar
nota fiscal lançar sistema não replicado financeiro realizar pagamento devido problema deixar realizar pagamento diversos fornecedor hoje dia lançeir nota fiscal higino sordi nº não aparecer pagamento pagamento não realizar;Erro;nota fiscal lançar replicado financeiro realizar pagamento devido deixar realizar pagamento diversos fornecedor hoje lançeir nota fiscal higino sordi aparecer pagamento pagamento realizar
duvir emissão nota fiscal erro geração nota fiscal emissão nota fiscal retorno ccmodato;Erro;duvir emissão nota fiscal erro geração nota fiscal emissão nota fiscal retorno ccmodato
não conseguir ter acesso nenhum de esse legar acesso sistema lfeu nota fiscal;Corretiva;conseguir ter nenhum legar lfeu nota fiscal
configuração dll acesso sistema financeiro;Erro;configuração dll financeiro
sem acesso sistema legar acesso sistema financeiro lfeu;Erro;legar financeiro lfeu
erro hora salvar lançamento sistema erro lançamento sistema legar;Erro;erro hora salvar lançamento erro lançamento legar
sem acesso sistema financeiro sistema financeiro;Erro;financeiro financeiro
bom dia nota fiscal ainda pendente finalizar processo devolução saldo ajustir item ainda não possível fazer devolução mesmo migo erro não permitir baixo;Avaliação_Técnica;nota fiscal ainda pendente finalizar processo devolução saldo ajustir item ainda possível fazer devolução migo erro permitir baixo
solicitar criação usuario controle entrada saida baú entrega saer funcionário criação usuario sistema legar;Avaliação_Técnica;solicitar criação usuario controle entrada saida baú entrega saer funcionário criação usuario legar
máquina recebimento lote falha leitura máquina recebimento l;Erro;máquina recebimento lote falha leitura máquina recebimento
atualmente processo realização check List setup produção executar forma manual gerar risco atraso falha registro ausência rastreabilidade atividade realizar falta sistematização dificultar identificação rápido problema durante setup impacta diretamente agilidade liberação produção inclusão sistema sisap necessário permitir checklist executar registrar maneira digital garantir execução rápido padronizar processo sinalização imediato problema desvio histórico sistematizar execução auditoria acompanhamento redução erro retrabalho decorrente Controles manual possibilidade inclusão check List setup produção sistem sisap;Melhorias;atualmente processo realização check list setup produção executar forma manual gerar risco atraso falha registro ausência rastreabilidade atividade realizar falta sistematização dificultar identificação rápido durante setup impacta diretamente agilidade liberação produção inclusão necessário permitir checklist executar registrar maneira digital garantir execução rápido padronizar processo sinalização imediato desvio histórico sistematizar execução auditoria acompanhamento redução erro retrabalho decorrente controles manual possibilidade inclusão check list setup produção sistem
colaborador Lorrane Chaves Carvalho cpf usuario lorranecc acesso idw;Nova instalação;colaborador cpf usuario lorranecc idw
colaborador Lorrane Chaves Carvalho cpf usuario lorranecc acesso pe cp;Nova instalação;colaborador cpf usuario lorranecc
replicar unidade arcon ferramenta sisap conforme demonstrar abaixo objetivo melhorar monitoramento atividade operacional área suprimento desenvolvimento ferramenta sisap arcon;Melhorias;replicar unidade arcon ferramenta conforme demonstrar abaixo objetivo melhorar monitoramento atividade operacional área suprimento desenvolvimento ferramenta arcon
problema job sql executável portal dat updateosproductdelivery conforme anexo job rodar servidor histórico demonstrar rodar algum vez problema atualizar informação portal sobre entrega produto pedido fazer dat aplicação executado tabela atualizar periodicidade execução executar todo dia executar todo dia executar todo dia qualquer dúvida entrar contato job sql updateosproductdelivery;Corretiva;job sql executável portal dat updateosproductdelivery conforme anexo job rodar servidor histórico demonstrar rodar algum vez atualizar informação portal sobre entrega produto pedido fazer dat aplicação executado tabela atualizar periodicidade execução executar todo executar todo executar todo qualquer dúvida entrar contato job sql updateosproductdelivery
tabela dado junho possível julho dado janeiro junho tabela atualização tabela;Avaliação_Técnica;tabela junho possível julho janeiro junho tabela atualização tabela
desenvolvimento painel tempo real homepage sisap solictar gestor dado ser exibir plano embalar diferença prever ppm especificação kpi eficiência desempenho filtro visualização fábrica arc tv botão alternar dado mensal bi dar tempo real painel dado produção tempo real sisap;Melhorias;desenvolvimento painel tempo real homepage solictar gestor exibir plano embalar diferença prever ppm especificação kpi eficiência desempenho filtro visualização fábrica arc botão alternar mensal dar tempo real painel produção tempo real
executar job todo mês agora executar job bi qa;Erro;executar job todo mês agora executar job
plano contingência criação arquivo bi qa ambiente produção pois existir sisap arquivo dev pra falta popular tabela banco trabalho conjunto felipe ronald revisor criar tabela fazer cópia script python commit migração arquivo troca odbc publicação gerar novo link atualizar novo link proxy substituir link encurtar plano cutover fluxo produção bi qualidade;Melhorias;plano contingência criação arquivo ambiente produção pois existir arquivo dev pra falta popular tabela banco trabalho conjunto criar tabela fazer cópia script python commit migração arquivo troca odbc publicação gerar novo link atualizar novo link proxy substituir link encurtar plano cutover fluxo produção qualidade
atualização jobs python desabilitado rodar domingo favor habilitar pois razão regra negócio bi em ecesside dado prod acumular domingo agendar job bi domingo;Melhorias;atualização jobs python desabilitado rodar domingo habilitar pois razão regra negócio ecesside prod acumular domingo agendar job domingo
bi sisap não exibir número produção contingência correção dado contingência bi sisap;Erro;exibir número produção contingência correção contingência
criação documento apoio orientação manutenção bi desenvolver power bi escopo atividade ambiente produção desenvolvimento vms banco arquivo procedimento atualização automático manual monitoramento gateway problema recorrente ação corretivo ajustir filtro virada mês verificação material arquivo imagem objetivo disponibilizar guia prático equipe consiga realizar manutenção básico relatório bi durante ausência documentação manutenção bi;Melhorias;criação documento apoio orientação manutenção desenvolver power escopo atividade ambiente produção desenvolvimento vms banco arquivo procedimento atualização automático manual monitoramento gateway recorrente ação corretivo ajustir filtro virada mês verificação material arquivo imagem objetivo disponibilizar guia prático equipe consiga realizar manutenção básico relatório durante ausência documentação manutenção
disponível versão sisap nº disponível versão qa favor atualizar deploy versão constar seguinte funcionalidade alteração fluxo navegação checkfeeder iac navegar página inicial após concluir leitura condicional alteração aplicar apenas etapa realimentação versão sisap nº;Melhorias;disponível versão disponível versão atualizar deploy versão constar seguinte funcionalidade alteração fluxo navegação checkfeeder iac navegar página inicial após concluir leitura condicional alteração aplicar apenas etapa realimentação versão
atualizar documentação bi vm dev homolog prod mapeamento banco dado arquivo produção documentar etl desde tabela procedur arquivo atualização documentação bi;Melhorias;atualizar documentação dev homolog prod mapeamento banco arquivo produção documentar etl desde tabela procedur arquivo atualização documentação
erro exclusão inclusão calibração sistema Metro;Erro;erro exclusão inclusão calibração metro
solicitar inclusão fornecedor banco dado Metro segundo cadastro improdutivo ativo desde fornecedor trescal grato cadastro fornecedor;Corretiva;solicitar inclusão fornecedor banco metro segundo cadastro improdutivo ativo desde fornecedor trescal grato cadastro fornecedor
criação novo transação basear incluir ultimo custo unitário item produto enhancement;Melhorias;criação novo transação basear incluir ultimo custo unitário item produto enhancement
avaliação adequação layout fornecedor prestigir remessa retorno subcontratação adequação layout arquivo xml retorno subcontratação avaliação layout xml subcontratação;Nova instalação;avaliação adequação layout fornecedor prestigir remessa retorno subcontratação adequação layout arquivo xml retorno subcontratação avaliação layout xml subcontratação
defeito não contabilizar registro posto técnico dar baixa placa defeito sistema campo registro quantidade defeito não contabilizar foto anexo defeito não registrar;Corretiva;defeito contabilizar registro técnico dar baixa placa defeito campo registro quantidade defeito contabilizar foto anexo defeito registrar
correção quantidade consertar posto tecnico turno não aparecer ficar zerado valor correção quantidade consertar posto tecnico turno;Corretiva;correção quantidade consertar tecnico turno aparecer ficar zerado valor correção quantidade consertar tecnico turno
bom dia favor desbloquear cpf tecnico luanderson pacheco desbloquear usuario tecnico;Corretiva;desbloquear cpf tecnico luanderson pacheco desbloquear usuario tecnico
dia realizar produção modelo abaixo Unid cond tcl unid evap tcl qty cada logo ac ac splitr tcl qty porém kit acessorio kit acessorio Evap so apontar qty respectivo dia falta apontamento kit kit acessorio Evap;Corretiva;realizar produção modelo abaixo unid cond tcl unid evap tcl qty cada logo splitr tcl qty porém kit acessorio kit acessorio evap apontar qty respectivo falta apontamento kit kit acessorio evap
dia realizar produção apontamento modelo sisap unid cond tcl unid evap tcl ambos apontar unidade posto embalagem logo apontar ac splitr tcl quantidade correspondente entanto kit acessório kit acessorio Evap apontar unidade falta apontamento kit kit acessorio Evap;Corretiva;realizar produção apontamento modelo unid cond tcl unid evap tcl ambos apontar unidade embalagem logo apontar correspondente entanto kit acessório kit acessorio evap apontar unidade falta apontamento kit kit acessorio evap
modelo ac splitr tcl não conseguir realizar apontamento lote dia erro processar lote modelo;Erro;conseguir realizar apontamento lote erro processar lote modelo
dia realizar produção ac splitr tcl realizar plano máquina condensadora evaporadora modelo respectivo Unid cond tcl unid evap tcl ac splitr tcl porém kit acessório apontar somente kit acessorio Evap falta apontamento kit modelo kit acessorio evap;Corretiva;realizar produção splitr tcl realizar plano máquina condensadora evaporadora modelo respectivo unid cond tcl unid evap tcl splitr tcl porém kit acessório apontar somente kit acessorio evap falta apontamento kit modelo kit acessorio evap
dia lançar posto técnico defeito processo pra lançar máquina linha condensador input defeito processo lançar errar posto técnico;Corretiva;lançar técnico defeito processo pra lançar máquina condensador input defeito processo lançar errar técnico
lote modello Unid cond of tcl Nõ migrar sisap sap lote não migro sisap sap;Corretiva;lote modello unid cond tcl migrar lote migro
lote modelo Unid cond of tcl não apontar transação sistema sap lote não apontar transação;Corretiva;lote modelo unid cond tcl apontar transação lote apontar transação
lote modelo Unid cond tcl unid Evap tcl não migrar par sap respectivamente Unid cond tcl lote unid Evap tcl porém ac ac splitr cassete tcl migrar quantidade apontar sisap conjunto lote não migrar sap modelo Unid cond tcl;Corretiva;lote modelo unid cond tcl unid evap tcl migrar par respectivamente unid cond tcl lote unid evap tcl porém splitr cassete tcl migrar quantidade apontar conjunto lote migrar modelo unid cond tcl
lote correspondente ac splitr tcl lote apresentar erro tela consulta lote modelo unid evap tcl apresentar erro tela sisap consulta lote lote conforme demostrar figura lote erro tela so sisap consulta lote;Corretiva;lote correspondente apresentar erro tela consulta lote modelo unid evap tcl apresentar erro tela consulta lote lote conforme demostrar figura lote erro tela consulta lote
lote descritos abaixo não ser apontar apontamento produção lote não estao ser apontar;Corretiva;lote descritos abaixo apontar apontamento produção lote estao apontar
registro solicitação realizar email diego araújo bom noite mano dar outro problema de aquele bipar etiqueta bugar tirar número mf remoção registro incorreto pôr mf;Corretiva;registro realizar email mano dar outro bipar etiqueta bugar tirar número remoção registro incorreto pôr
erro desassociar painel posto tecnico posto tecnico erro desassociarpainel;Corretiva;erro desassociar painel tecnico tecnico erro desassociarpainel
task fechamento mês tera continuidade mês maio analise caso especifico coletor jig imc onde existir fluxo entrar caos exceção sem notificação reinicialização usuário analista aplicação refatory código executar teste ambiente controlar task trabalhar ainda mês maio tentar previsão teste refatory em esse mês coletor jig Imc;Erro;task fechamento mês tera continuidade mês maio analise caso especifico coletor jig imc onde existir fluxo entrar caos exceção notificação reinicialização analista aplicação refatory código executar teste ambiente controlar task trabalhar ainda mês maio tentar previsão teste refatory mês coletor jig imc
nota chave acesso escriturar transição ser tentar localizar nota dizer q não encontrar sap;Erro;nota chave escriturar transição tentar localizar nota dizer encontrar
solicitar modulo ambiente teste sap t obrigado ambiente testir;Nova instalação;solicitar modulo ambiente teste ambiente testir
instalaçao sistema envio obrigação dia instalaçao sistema legago;Nova instalação;instalaçao envio obrigação instalaçao legago
doc mensagem rejeicao Gtin informar nao informar gtin unidade tributavel nitem código erro nf exportação erro;Corretiva;doc mensagem rejeicao gtin informar nao informar tributavel nitem código erro exportação erro
favor carregar xmls enviar seidor carga xml;Melhorias;carregar xmls enviar seidor carga xml
onde receber currículo não atualizar último atualização dia após tentativa atualizar não conseguir ter êxito pois dar erro não atualizar;Melhorias;onde receber currículo atualizar último atualização após tentativa atualizar conseguir ter êxito pois dar erro atualizar
at reuniâo sistema nota fiscal data topico abordar ncmprodacabar prodacabar entrar nota cfop numero cfop utilizar classificar compra mercadoria destinar industrialização produção rural código aplicar empresa adquirir mercadoria utilizar processo industrialização mercadoria adquirir transformar incorporar novo produto durante processo produtivo acordar prodacabar somente tv passar sr ronaldo após pesquisa poder ter código exclusivo sefaz código ne interno algum produto tcl ncmprodacabar seguir mesmo linha pensamento prodacabar tv outro codpaisorigem ir acorrer informar código ocorrer tag colocar filho produto pesquisar onde colocar tag abaixo porque não encontrar documento onde ficar tag pai origem grande esclarecimento enviar ajustir sistema dia vb;Melhorias;reuniâo nota fiscal data topico abordar entrar nota cfop numero cfop utilizar classificar compra mercadoria destinar industrialização produção rural código aplicar empresa adquirir mercadoria utilizar processo industrialização mercadoria adquirir transformar incorporar novo produto durante processo produtivo acordar prodacabar somente passar após pesquisa poder ter código exclusivo sefaz código interno algum produto tcl ncmprodacabar seguir pensamento prodacabar outro codpaisorigem acorrer informar código ocorrer tag colocar filho produto pesquisar onde colocar tag abaixo porque encontrar documento onde ficar tag pai origem grande esclarecimento enviar ajustir
criar vm temporário windows instalação visual studio sp poc experimental atualização projeto legado vm temporário windows instalação visual studio sp;Melhorias;criar temporário windows instalação visual studio experimental atualização projeto legado temporário windows instalação visual studio
criar vm temporário windows instalação visual studio sp poc experimental atualização projeto legar fazer copia todo pré requisito dever maquina poder prosseguir poc migração código vm temporário windows basear;Melhorias;criar temporário windows instalação visual studio experimental atualização projeto legar fazer copia todo pré requisito dever maquina poder prosseguir poc migração código temporário windows basear
informo não conseguir realizar login sistema liberação acesso sap;Erro;informo conseguir realizar login liberação
solicitar permissão imprimir sistema sap segar abaixo usuário liberação acesso imprimir sap;Melhorias;solicitar permissão imprimir segar abaixo liberação imprimir
solicitar autorização impressão usuário claudineiasp acesso imprimir sap;Melhorias;solicitar autorização impressão claudineiasp imprimir
solicitar desbloqueio senha sap motivo muito tentativa incorreta acabar bloquear senha liberação acesso sap;Retorno;solicitar desbloqueio senha motivo tentativa incorreta acabar bloquear senha liberação
solicitar troca nome ramal suellen pacheco troca nome ramal;Corretiva;solicitar troca nome ramal suellen pacheco troca nome ramal
solicitar fazer alteração nome ramal claudineia pereiro troca nome ramal;Melhorias;solicitar fazer alteração nome ramal troca nome ramal
solicitar fazer backup planilha estoque epi janeiro setembro backup planlha;Corretiva;solicitar fazer backup planilha estoque epi janeiro setembro backup planlha
solicitar liberação acesso tela sap liberação acesso;Melhorias;solicitar liberação tela liberação
solicitar fornecer headphone colaboradora Maria nascimento sesmt aquisição headphone;Melhorias;solicitar fornecer headphone colaboradora nascimento sesmt aquisição headphone
solicitar autorização acesso sistema Cmms controle gerenciamento manutenção usuário claudineiasp liberação acesso;Melhorias;solicitar autorização cmms controle gerenciamento manutenção claudineiasp liberação
solicitar liberação acesso sap usuário claudineiasp bloquear liberação acesso;Erro;solicitar liberação claudineiasp bloquear liberação
falta espaço copiar pasta ambulatório sesmt liberação espaço;Melhorias;falta espaço copiar pasta ambulatório sesmt liberação espaço
falta conexão computador aprendiz falta conexão;Corretiva;falta conexão computador aprendiz falta conexão
senha incorreto redefinição senha;Corretiva;senha incorreto redefinição senha
solicitação conexão rede computador nutricionista solicitação conexão rede;Corretiva;conexão rede computador nutricionista conexão rede
teams não enviar nem receber mensagem teams não funcionando;Corretiva;teams enviar receber mensagem teams funcionando
algum semana vir apresentar mensagem carregamento impossibilitar acessar enquanto não carregar carregar ir abrir outro aparecer novamente mesmo mensagem travar;Corretiva;algum semana vir apresentar mensagem carregamento impossibilitar acessar enquanto carregar carregar abrir outro aparecer novamente mensagem travar
teams não enviar mensagem não Consigo pesquisar nome forma habitual teams problema;Corretiva;teams enviar mensagem pesquisar nome forma habitual teams
ramal inoperante impossibilitar realizar receber chamada ramal dra inoperante;Corretiva;ramal inoperante impossibilitar realizar receber chamada inoperante
ramal provisa inoperante dois semana ramal provisa operação;Corretiva;ramal provisa inoperante dois semana ramal provisa operação
solicitação acesso Word aprendiz acesso Word;Melhorias;word aprendiz word
impressora acusar baixo nível tinta cartucho troca cartucho impressora;Corretiva;impressora acusar baixo nível tinta cartucho troca cartucho impressora
problema apontamento lote apresentar mensagem exatamente n s série vez ter selecionar problema apontamento;Erro;apontamento lote apresentar mensagem exatamente série vez ter selecionar apontamento
criar novo campo sap integrador sisap código campo tabela criar novo campo sap integrador sisap;Melhorias;criar novo campo integrador código campo tabela criar novo campo integrador
clicar botão importar sap dever auto preencher campo descrição resumir campo criar fim importr sap sisap s n cond ar;Melhorias;clicar botão importar dever auto preencher campo descrição resumir campo criar fim cond
implementar funcionalidade pesquisa nome formulário módulo movimentação pessoal portalrh portalrh pesquisa nome;Avaliação_Técnica;implementar funcionalidade pesquisa nome formulário módulo movimentação pessoal portalrh portalrh pesquisa nome
desenvolvimento novo tela inicial apresentar reunião readequar entrada novo módulo portalrh portalrh desenvolvimento tela inicial;Avaliação_Técnica;desenvolvimento novo tela inicial apresentar reunião readequar entrada novo módulo portalrh portalrh desenvolvimento tela inicial
solicitar implementação pesquisa nome drt cpf outro formulário módulo movimentação pessoal projeto portalrhr implementação funcionalidade portalrh;Avaliação_Técnica;solicitar implementação pesquisa nome drt cpf outro formulário módulo movimentação pessoal projeto portalrhr implementação funcionalidade portalrh
solicitar implementação funcionalidade salvar banco informação requisição formulário novo implementação portalrh;Avaliação_Técnica;solicitar implementação funcionalidade salvar banco informação requisição formulário novo implementação portalrh
solicitar implementação tabela tela inicial formulário admissão dado retornados banco implementação tabela portalrh;Avaliação_Técnica;solicitar implementação tabela tela inicial formulário admissão retornados banco implementação tabela portalrh
bom dia solicitar implementação confirmação formulário enviar salvar implementação mensagem confirmação;Melhorias;solicitar implementação confirmação formulário enviar salvar implementação mensagem confirmação
solicitar aplicação fazer limpeza boleto seguinte regra aplicação dever rodar cada hora limpeza somente arquivo limpar somente arquivo hora pasta serviço dever rodar servidor boleto pasta trabalho limpa pasta aplicação limpeza arquivo;Melhorias;solicitar aplicação fazer limpeza boleto seguinte regra aplicação dever rodar cada hora limpeza somente arquivo limpar somente arquivo hora pasta serviço dever rodar servidor boleto pasta trabalho limpa pasta aplicação limpeza arquivo
dar inversão ud número documento boleto ir implementar verificação vio máscaro direcionar corretamente valor ud vir trocar lote sisap check verificação ud boleto;Corretiva;dar inversão número documento boleto implementar verificação vio máscaro direcionar corretamente valor vir trocar lote check verificação boleto
solicitar desenvolvimento front end formulário novo módulo avaliação desempenho base material disponibilizar via portalrh desenvolvimento front end formulário avaliação líder;Avaliação_Técnica;solicitar desenvolvimento front end formulário novo módulo avaliação desempenho base material disponibilizar via portalrh desenvolvimento front end formulário avaliação líder
correção ud inverter doc boleto durante exceção não palatizar posto embalagem mf tv ocorr troca ud numero documento sap reimprimir boleto identificamos função invertendo dentro fonte sisap cenário específico não paletizar cenário não paletizar em esse caso ocorrer fato processamento sap demorar demora associado atividade fechamento mês correção ud inverter doc boleto;Corretiva;correção inverter doc boleto durante exceção palatizar embalagem ocorr troca numero documento reimprimir boleto identificamos função invertendo dentro fonte cenário específico paletizar cenário paletizar caso ocorrer fato processamento demorar demora associado atividade fechamento mês correção inverter doc boleto
criação conta acesso novo colaborador pablo Madeira feire incluir contar ad usuário banco dado acesso vpn contar gitlab criação conta acesso novo colaborador;Nova instalação;criação conta novo colaborador incluir contar banco vpn contar criação conta novo colaborador
solicitar desenvolvimento front end Formulário auto avaliação contemplar novo módulo avaliação desempenho portal front end formulário auto avaliação;Avaliação_Técnica;solicitar desenvolvimento front end formulário auto avaliação contemplar novo módulo avaliação desempenho portal front end formulário auto avaliação
criação vm ubuntu criação vm ubuntu;Avaliação_Técnica;criação ubuntu criação ubuntu
inserir código usuário Allan bitencourt allanl José glauber lima Glauberg rodolfo Cruz rodolfofs Valdemar Ribeiro valdemar formulário alterar alteração etiqueta produto;Melhorias;inserir código rodolfofs valdemar formulário alterar alteração etiqueta produto
simular ultimo item ap não fechar ordem ultimo item revisar tela embalagem;Corretiva;simular ultimo item fechar ordem ultimo item revisar tela embalagem
inclusão benner colaborador admitir fabrica semp amazonas inclusão benner colaborador admitir fabrica semp amazona;Erro;inclusão benner colaborador admitir fabrica semp amazonas inclusão benner colaborador admitir fabrica semp amazona
correção mascara compressor importar mascar alterada ser aprovar ne produto validação datamatix compressor testar regex antes passar produção correção mascara compressor importar;Corretiva;correção mascara compressor importar mascar alterada aprovar produto validação datamatix compressor testar regex antes passar produção correção mascara compressor importar
criar repositório Git lab wm criar repositório Git lab wm;Corretiva;criar repositório git lab criar repositório git lab
bom tarde cassio número serie duplicar dentro de esse lote realizar ajustir gabrielly processar duplicação serial lote;Corretiva;cassio número serie duplicar dentro lote realizar ajustir gabrielly processar duplicação serial lote
bom tarde cassio ocorrência número serie duplicar dentro de esse lote favor realizar ajustir gabrielly processar duplicação serial lote;Corretiva;ocorrência número serie duplicar dentro lote realizar ajustir gabrielly processar duplicação serial lote
separar servidor etiqueta servidor boleto separar servidor etiqueta servidor boleto;Corretiva;separar servidor etiqueta servidor boleto separar servidor etiqueta servidor boleto
iniciar tradução portal rh ver estrutura dicionário remover google translator tradução portal rh office automation;Melhorias;iniciar tradução portal ver estrutura dicionário remover google translator tradução portal office automation
chamar abap am gmt cassio pereirar dois rfc atender módulo reembolso dentro projeto office automation primeiro requisição rfc input cpf output bp contar banco agencer segundo requisição rfc cabeçalho requisição input número documento chave interno gerar sistema total despesa data lançamento centro custo bp item descrição despesa valor item conta despesa datar efetivação taxa moeda conversão solicitação rfc módulo reembolso oa;Avaliação_Técnica;chamar abap gmt cassio pereirar dois rfc atender módulo reembolso dentro projeto office automation primeiro requisição rfc input cpf output contar banco agencer segundo requisição rfc cabeçalho requisição input número documento chave interno gerar total despesa data lançamento centro custo item descrição despesa valor item conta despesa datar efetivação taxa moeda conversão rfc módulo reembolso
etiquetar linha iac check feeder sisap acordo máquina etiquetar linha iac check feeder sisap;Melhorias;etiquetar iac check feeder acordo máquina etiquetar iac check feeder
item não constar base não disponibilidade item;Corretiva;item constar base disponibilidade item
elaboração plano migração procedur end points atual base novo sgbg identificar importação dependente jobs novo base dado plano migração sql server sisap;Avaliação_Técnica;elaboração plano migração procedur end points atual base novo sgbg identificar importação dependente jobs novo base plano migração sql server
chamar am gmt cassio Pereira projeto reembolso office automation atender requisito cliente vincular saldo disponível orçamento solicitação reembolso sem saldo orçamento reembolso não seguir fluxo necessário rfc input valor centro custo conta contábil empresa ano exercício onde processamento saldo disponível valor repassar grande retornar true false rfc consulta orçamento office automation;Avaliação_Técnica;chamar gmt cassio pereira projeto reembolso office automation atender requisito cliente vincular saldo disponível orçamento reembolso saldo orçamento reembolso seguir fluxo necessário rfc input valor centro custo conta contábil empresa ano exercício onde processamento saldo disponível valor repassar grande retornar true false rfc consulta orçamento office automation
precisar reprocessar modelo importar várias ne duplicar posição placa reprocessamento importação bom;Erro;precisar reprocessar modelo importar várias duplicar posição placa reprocessamento importação
criação vm aplicação iis office automation sisap sipap acesso usuário rede time desenvolvimento manau criação vm aplicação iis;Nova instalação;criação aplicação iis office automation sipap rede time desenvolvimento manau criação aplicação iis
preciso estrutura bom servidor homologação banco importação bom ambiente;Melhorias;preciso estrutura servidor homologação banco importação ambiente
mostrar contingência painel resumo produção online acordo filtro flag lsaap mostrar contingência painel resumo produção online;Melhorias;mostrar contingência painel resumo produção online acordo filtro flag lsaap mostrar contingência painel resumo produção online
preciso transferência dado servidor banco dado produção servidor homologação atualização recorrente todo fim semana carga dado;Corretiva;preciso transferência servidor banco produção servidor homologação atualização recorrente todo fim semana carga
ver anexo tela configuração posto pra adicionar flag hablitar desabilitar posto inclusão campo;Melhorias;ver anexo tela configuração pra adicionar flag hablitar desabilitar inclusão campo
autorização atualizar servidor aplicação homologação desenvolvimento sisap sipap portal rh usuario cassiopp autorização atualizar servidor homologação desenvolvimento;Melhorias;autorização atualizar servidor aplicação homologação desenvolvimento sipap portal usuario cassiopp autorização atualizar servidor homologação desenvolvimento
incluir banco cbposto campo flgpermissaocopiaecola tipo dado bit permitir nulo verificar mesmo tabela atualizar trigger tabela tirar dúvida antes analista felipe nascimento inclusão campo;Melhorias;incluir banco cbposto campo flgpermissaocopiaecola tipo bit permitir nulo tabela atualizar trigger tabela tirar dúvida antes analista nascimento inclusão campo
verificação item zerar carregar lsaapitemposição processar itegrator verificação item zerar carregar lsaapitemposição;Corretiva;verificação item zerar carregar lsaapitemposição processar itegrator verificação item zerar carregar lsaapitemposição
desenvolvimento flag tela detalhamento item fazer criação automatica ap impressao etiqueta regra pci rede Skd validar ja existir algum ap modelo geração ap etq rede Skd ver parametro tela detalhamento item;Melhorias;desenvolvimento flag tela detalhamento item fazer criação automatica impressao etiqueta regra pci rede skd validar existir algum modelo geração rede skd ver parametro tela detalhamento item
adicionar filtro query consulta tela detalhamento item puxar somente item ativo otimizar carregamento geral tela filtro query tela detalhamento item;Melhorias;adicionar filtro query consulta tela detalhamento item puxar somente item ativo otimizar carregamento geral tela filtro query tela detalhamento item
todo vez alguir alterar algo configuração posto atulaizar em esse posto drt ultimo modificação criar rastreabilidade cbpostolog gravar drt cbposto;Melhorias;todo vez alguir alterar algo configuração atulaizar drt ultimo modificação criar rastreabilidade cbpostolog gravar drt cbposto
criação carga teste tabela pg carga dado produção criação carga teste tabela pg;Melhorias;criação carga teste tabela carga produção criação carga teste tabela
criar procr pg alimentar tabela criar procr pg alimentar tabela;Avaliação_Técnica;criar procr alimentar tabela criar procr alimentar tabela
transpor defeito relatorio planejar x realizar aps acontecer contingencia dia seguinte produção defeito relatorio planejar x realizar;Corretiva;transpor defeito relatorio planejar realizar aps acontecer contingencia seguinte produção defeito relatorio planejar realizar
alteração proc incluir lsaap ne placa montar coluna codradial tabela caso ir ocorrer ap fase iac alteração proc;Melhorias;alteração proc incluir placa montar coluna codradial tabela caso ocorrer fase iac alteração proc
construção painel power bi sisap ir substituir tela inicial informação ir conter psi planejar x realizar índice scrap contador milhão taxa produtividade índice defeito parada linha hrs upph top defeito oee overall equipment Effectiveness disponibilidade x desempenho x qualidade tempo atravessamento tempo medio setup total setup numero setups realizar giro estoque construção painel power bi sisap;Avaliação_Técnica;construção painel power substituir tela inicial informação conter psi planejar realizar índice scrap contador milhão taxa produtividade índice defeito parada hrs upph top defeito oee overall equipment effectiveness disponibilidade desempenho qualidade tempo atravessamento tempo medio setup total setup numero setups realizar giro estoque construção painel power
atender manutenção integrator colaborador northon trabalhar fazer necessario acesso base premição crud usuario northonfm acesso base;Melhorias;atender manutenção integrator colaborador trabalhar fazer necessario base premição crud usuario base
importar efetuar carga dado somente produto criar diante select from where datacriacao importar post gresql;Melhorias;importar efetuar carga somente produto criar diante select from where datacriacao importar post gresql
após primeiro implementação impressão partir fase top surgir necessidade realizar impressão sem top necessariamente estar cadastrado caso específico levar consideração informação ap realizar impressão manutenção impressão ne top;Corretiva;após primeiro implementação impressão partir fase top surgir necessidade realizar impressão top necessariamente cadastrado caso específico levar consideração informação realizar impressão manutenção impressão top
sistema etiqueta produto apresentar problema imprimir ap refente kit mês outubro corrente setembro alterar ser realizar job análise etiqueta produto;Erro;etiqueta produto apresentar imprimir refente kit mês outubro corrente setembro alterar realizar job análise etiqueta produto
analise tela avaliação desempenho portal rh iis hospedado cajamar simulação visualização tela líder departamento relação visão colaborador liderança checagem base teste produção porque lista não ser carregar analise tela avaliação desempenho portal r h;Avaliação_Técnica;analise tela avaliação desempenho portal iis hospedado cajamar simulação visualização tela líder departamento relação visão colaborador liderança checagem base teste produção porque lista carregar analise tela avaliação desempenho portal
ajustir relatório conforme solicitação po relatório mensal produção mudanca melhoria relatório controladoria;Melhorias;ajustir relatório conforme relatório mensal produção mudanca melhoria relatório controladoria
servidor iis homolog avaliação desempenho servidor alvo cajamar aplicação servidor iis homolog avaliação desempenho;Melhorias;servidor iis homolog avaliação desempenho servidor alvo cajamar aplicação servidor iis homolog avaliação desempenho
modificação relatório Controladoria inclusão campo novo utilizar proc modificação relatório controladoria;Melhorias;modificação relatório controladoria inclusão campo novo utilizar proc modificação relatório controladoria
substituir conexão arquivo pbix qa daily report atualmente fazer forma local arquivo xlsx conexão banco dado postgresql atualmente usar bi sisap dado utilizar produção programação ppm qtd defeito iac imc oqc scrap pqi ncr bi qualidade qa daily report transformar conexão virtual;Melhorias;substituir conexão arquivo pbix daily report atualmente fazer forma local arquivo xlsx conexão banco postgresql atualmente usar utilizar produção programação ppm qtd defeito iac imc oqc scrap pqi ncr qualidade daily report transformar conexão virtual
precisar usuário usrportalrh portalrh acesso tabela executar view portalrh poder existir outro permissão dar dica executar select abaixo usar usuário usrportalrh select from usrportalrh portalrh sem acesso view;Corretiva;precisar usrportalrh portalrh tabela executar view portalrh poder existir outro permissão dar dica executar select abaixo usar usrportalrh select from usrportalrh portalrh view
implementar solução exibir visualmente navegador erro obtenção dado hoje mostrar somente console através aviso formato modal notificação implementar exibição erro painel Real time;Melhorias;implementar solução exibir visualmente navegador erro obtenção hoje mostrar somente console aviso formato modal notificação implementar exibição erro painel real time
melhoria regra negocio relatório onde preciso adicionar regra negocio fazer tratamento placa testar ordem produção iniciar criação função ajustir procedure relatório melhoria relatório produção mensal tv;Melhorias;melhoria regra negocio relatório onde preciso adicionar regra negocio fazer tratamento placa testar ordem produção iniciar criação função ajustir procedure relatório melhoria relatório produção mensal
criação planilha cutover migração artefato docker disponível atuação incremental visar inicialmente liberar produção docker banco dado memoria cache keyval app web python consumo json cache planejamento migração artefato dockerr homologação produção;Nova instalação;criação planilha cutover migração artefato docker disponível atuação incremental visar inicialmente liberar produção docker banco memoria cache keyval app web python consumo json cache planejamento migração artefato dockerr homologação produção
atualmente botão processar ordem gravar somente não correção botão processar ordem;Corretiva;atualmente botão processar ordem gravar somente correção botão processar ordem
problema casamento arcon modelo peça pendente dia resolvir embalar dia problema casamento arcon;Corretiva;casamento arcon modelo peça pendente resolvir embalar casamento arcon
reunião alinhamento projeto etiqueta endereçamento homologação aplicação impressão etiqueta magazine iac testar etiqueta zebro Toshiba acompanhamento impressora zebro convenio acompanhamento impressão fabio gome ambiente t;Melhorias;reunião alinhamento projeto etiqueta endereçamento homologação aplicação impressão etiqueta magazine iac testar etiqueta zebro toshiba acompanhamento impressora zebro convenio acompanhamento impressão ambiente
retirada real time sipap tela inicial retirar real time sipap;Melhorias;retirada real time sipap tela inicial retirar real time sipap
solicitar ajustir hora realizar impressao partir fase top modelo novo campo contador hora imprimir vir null trar impressão correção impressao partir fase top;Corretiva;solicitar ajustir hora realizar impressao partir fase top modelo novo campo contador hora imprimir vir null trar impressão correção impressao partir fase top
correção solicitar eduardo Carneiro top issues página mf replicar mesmo informação Main cause especialmente filtrar painel dia trazer modelo placa campo Component position dia reportar defeito modelo não filtrar ttl total produzir calcular ppm defeito imc pequeno fato registrar correção bi qa;Corretiva;correção solicitar top issues página replicar informação main cause especialmente filtrar painel trazer modelo placa campo component position reportar defeito modelo filtrar ttl total produzir calcular ppm defeito imc pequeno fato registrar correção
api pessoa ir fornecer serial placa linha posto verificar placo possuir registro retorno criar api checagem cbpassagem;Melhorias;api pessoa fornecer serial placa placo possuir registro retorno criar api checagem cbpassagem
sisap;Melhorias;
portaria;Melhorias;portaria
restrição acesso relatório produto segundo analise relatório somente utilizar peloanalista qualidade pl dcq usuário utilizar relatório bom desempenho retorno dado por carga processamento construção relatório grande servidor iis consumir recurso computacional colocar restrição acesso tabela configuração sisap somete algum pessoa seleto poder usar restringer range data relatório dia acesso configurado banco somente dois usuário dti não nenhum permissão outro usuário empresa momento abertura de esse chamado restrição acesso relatório produto;Melhorias;restrição relatório produto segundo analise relatório somente utilizar peloanalista qualidade utilizar relatório desempenho retorno carga processamento construção relatório grande servidor iis consumir recurso computacional colocar restrição tabela configuração somete algum pessoa seleto poder usar range data relatório configurado banco somente dois dti nenhum permissão outro empresa momento abertura chamado restrição relatório produto
solicitar ajustar metodo geração automático ordem tela detalhamento item fluxo contemplar criação ordem rede ajustar comportar criação ordem kit Caixa Eletrica ajustir criação ordem tela detalhamento item;Melhorias;solicitar ajustar metodo geração automático ordem tela detalhamento item fluxo contemplar criação ordem rede ajustar comportar criação ordem kit caixa eletrica ajustir criação ordem tela detalhamento item
atividade projeto Scm Modulo PCP sprint projeto scm Modulo PCP sprint;Avaliação_Técnica;atividade projeto scm modulo pcp sprint projeto scm modulo pcp sprint
analise desenvolviento posto retrabalho verificar regra negocio atual ajustar passar produto ja embalar linha diferente linha lcd retrabalho posto retrabalho;Corretiva;analise desenvolviento retrabalho regra negocio atual ajustar passar produto embalar diferente lcd retrabalho retrabalho
analise restrição funcionalidade coleta numero serie serie fazer analise tela restringir acesso usuário pessoa cadastrar cbacesso checar forma paginar detalhamento passagem caso necessário fazer tratativa try catch pagina não expor excption não poder analise viabilidade haver colateral analise restrição funcionalidade coleta numero serie;Melhorias;analise restrição funcionalidade coleta numero serie serie fazer analise tela restringir pessoa cadastrar cbacesso checar forma paginar detalhamento passagem caso necessário fazer tratativa try catch pagina expor excption poder analise viabilidade colateral analise restrição funcionalidade coleta numero serie
durante visita técnico fábrica arcon ficar fonte carregamento computador precisar embalasse mesmo direcionar motorista aplicativo uber entregar homeoffice uber flash entregar carregador computador;Corretiva;durante visita técnico fábrica arcon ficar fonte carregamento computador precisar embalasse direcionar motorista aplicativo uber entregar homeoffice uber flash entregar carregador computador
acordo passado teams incluir coluna chamar documento material numero documento material obter tabela incluir doc material tela montapalet;Melhorias;acordo passado teams incluir coluna chamar documento material numero documento material obter tabela incluir doc material tela montapalet
realizar prototipagem tela sequenciamento projeto pcp após aceite usuário desenvolvimento funcionalidade crud front end tela sequenciamento;Avaliação_Técnica;realizar prototipagem tela sequenciamento projeto pcp após aceite desenvolvimento funcionalidade crud front end tela sequenciamento
mapeamento processo qualidade documentação área fluxograma processo qualidade;Melhorias;mapeamento processo qualidade documentação área fluxograma processo qualidade
automatizar parâmetro procedure painel virada data contingência colocar data tela parâmetro geral sisap alterar pedir senha restrito controle acesso ti pcp automatizar parâmetro procedure painel virada data contingênci;Melhorias;automatizar parâmetro procedure painel virada data contingência colocar data tela parâmetro geral alterar pedir senha restrito controle pcp automatizar parâmetro procedure painel virada data contingênci
permissão lider linha desbloqueio login sem tempo limite desbloquear permissão lider linha desbloqueio login;Melhorias;permissão lider desbloqueio login tempo limite desbloquear permissão lider desbloqueio login
atividade projeto Scm Modulo PCP sprint projeto scm Modulo PCP sprint;Avaliação_Técnica;atividade projeto scm modulo pcp sprint projeto scm modulo pcp sprint
decorrência grande número solicitação surgir longo ano atividade casamento manual ac mensalmente requer intervenção analista surgir necessidade automação processo acabar ter alocar pessoa realizar todo processo análise fim update execução procedure casamento solicitar desenvolvimento tela hora acesso restrito atingir nível alto maturidade assim deixar processo mão responsável área tela dever conter input aps steps passo passo listar conter mensagem validação cada etapa concluir internamente dever tambem validar programação realizar Backups antes executar update fim operação restaurar configuração tratativa automatizar casamento manual ac;Avaliação_Técnica;decorrência grande número surgir longo ano atividade casamento manual mensalmente requer intervenção analista surgir necessidade automação processo abar ter alocar pessoa realizar todo processo análise fim update execução procedure casamento solicitar desenvolvimento tela hora esso restrito atingir nível alto maturidade assim deixar processo mão responsável área tela dever conter input aps steps passo passo listar conter mensagem validação cada etapa concluir internamente dever tambem validar programação realizar bkups antes executar update fim operação restaurar configuração tratativa automatizar casamento manual
criar cenário teste t função criar ordem planejar parâmetro necessário tal atividader criar cenário teste função criar ordem planejar;Melhorias;criar cenário teste função criar ordem planejar parâmetro necessário tal atividader criar cenário teste função criar ordem planejar
criar cabeçalho relatório check ud wip conter quantidade painel ne ap quantidade envio sap enviar não enviar consultar tabela adicionar coluna quantidade body criar cabeçalho relatório check ud Wip;Melhorias;criar cabeçalho relatório check wip conter quantidade painel quantidade envio enviar enviar consultar tabela adicionar coluna quantidade body criar cabeçalho relatório check wip
realizar correção tela psi desagregação projeto PCP levar consideração seguinte fluxo validar cliente fluxo novo versão selecionar filtro fábrica tipo planejamento mês ano import planilha ação criar novo versão fluxo novo versão gerar novo versão partir selecionar filtro fábrica tipo planejamento versão mês ano botão consultar alteração necessário ação criar novo versão fluxo consultar selecionar filtro fábrica tipo planejamento versão mês ano botão consultar fluxo editar selecionar filtro fábrica tipo planejamento versão mês ano botão consultar alteração necessário ação editar versão atual fluxo excluir selecionar filtro fábrica tipo planejamento versão mês ano botão consultar ação excluir versão atual fluxo solicitar aprovação botão selecionável apenas tipo planejamento versão versão oficial selecionar filtro fábrica tipo planejamento versão aprovação versão mês ano ação solicitar aprovação correção tela psi desagregação projeto pcp;Avaliação_Técnica;realizar correção tela psi desagregação projeto pcp levar consideração seguinte fluxo validar cliente fluxo novo versão selecionar filtro fábrica tipo planejamento mês ano import planilha ação criar novo versão fluxo novo versão gerar novo versão partir selecionar filtro fábrica tipo planejamento versão mês ano botão consultar alteração necessário ação criar novo versão fluxo consultar selecionar filtro fábrica tipo planejamento versão mês ano botão consultar fluxo editar selecionar filtro fábrica tipo planejamento versão mês ano botão consultar alteração necessário ação editar versão atual fluxo excluir selecionar filtro fábrica tipo planejamento versão mês ano botão consultar ação excluir versão atual fluxo solicitar aprovação botão selecionável apenas tipo planejamento versão versão oficial selecionar filtro fábrica tipo planejamento versão aprovação versão mês ano ação solicitar aprovação correção tela psi desagregação projeto pcp
atividade projeto Scm Modulo PCP sprint projeto scm Modulo PCP sprint;Avaliação_Técnica;atividade projeto scm modulo pcp sprint projeto scm modulo pcp sprint
necessidadematerial contabilizar passar retrabalho correção relatório necessidadematerial;Melhorias;necessidadematerial contabilizar passar retrabalho correção relatório necessidadematerial
realizar integração processo pós desagregação tela sequenciamento ajuste tela sequenciamento projeto pcp;Avaliação_Técnica;realizar integração processo pós desagregação tela sequenciamento ajuste tela sequenciamento projeto pcp
reunião diario equipe reunião diario equipe;Avaliação_Técnica;reunião diario equipe reunião diario equipe
melhoria tela distribuição PP integrar processo pós aprovação sequenciamento melhoria tela distribuição PP projeto pcp;Avaliação_Técnica;melhoria tela distribuição integrar processo pós aprovação sequenciamento melhoria tela distribuição projeto pcp
tela gerenciamento usuário utilizar fazer prototipo inicial html apresentar equipe logo seguida desenvolver controller tela gerenciamento usuário;Corretiva;tela gerenciamento utilizar fazer prototipo inicial html apresentar equipe logo seguida desenvolver controller tela gerenciamento
solicitar implementação funcionalidade importar excel sistema pcp tela cadastro elaborar template importação fazer carga sistema cliente baixar preencher implementação importr excel cadastro po Pcp;Avaliação_Técnica;solicitar implementação funcionalidade importar excel pcp tela cadastro elaborar template importação fazer carga cliente baixar preencher implementação importr excel cadastro pcp
desenvolvimento implementação tela gerenciamento sisap tela gerenciamento acesso;Melhorias;desenvolvimento implementação tela gerenciamento tela gerenciamento
atividade projeto Scm Modulo PCP sprint projeto scm Modulo PCP sprint;Avaliação_Técnica;atividade projeto scm modulo pcp sprint projeto scm modulo pcp sprint
implementar automatização virada mês bi sisap não preciser mudar mês manualmente automatização virada mês bi;Melhorias;implementar automatização virada mês mudar mês manualmente automatização virada mês
resolução mudança tamanho caracter etiqueta sair programa precisar alterar várias classe gerar competibilidade temanho colaboração desenv;Melhorias;resolução mudança tamanho caracter etiqueta sair programa precisar alterar várias classe gerar competibilidade temanho colaboração desenv
sisap;Melhorias;
sem informação scrap bi produção analise bi scrap;Corretiva;informação scrap produção analise scrap
porque aplicação crescer ter outro funcionalidade não somente tela cadastro mudança nome dns;Corretiva;porque aplicação crescer ter outro funcionalidade somente tela cadastro mudança nome dns
criação pedido compra não vir anexo cotação requisição nem informação campo observação requisição melhoria criação po refernencia requisição;Melhorias;criação pedido compra vir anexo cotação requisição informação campo observação requisição melhoria criação refernencia requisição
estratégia liberação planto arcon pedido compra nº aparecer di diretoria industrial estratégia sandrini correto de b diretoria ind ac representar silvio riberio estrategia liberação;Erro;estratégia liberação planto arcon pedido compra aparecer diretoria industrial estratégia sandrini correto diretoria representar estrategia liberação
chamar abap pm gmt ver Ferraz problema acessar transação sistema sap erro instalação;Erro;chamar ver ferraz acessar transação erro instalação
referencia chamar original sem acesso transação sap instalação erro programa relatório;Corretiva;referencia chamar original transação instalação erro programa relatório
não conseguir extrair dado sisap planilha excel extração dado sisap excel;Erro;conseguir extrair planilha excel extração excel
gostar habilitar visualização coluna nro serie painel relatório técnico mf tanto versão online sisap quanto versão após download excel habilitar visualização nro serie painel;Adequação de layout;gostar habilitar visualização coluna nro serie painel relatório técnico tanto versão online quanto versão após download excel habilitar visualização nro serie painel
gostar puxar lista serial painel produto acabar lista serial painel;Avaliação_Técnica;gostar puxar lista serial painel produto acabar lista serial painel
gostar verificar serial painel desassociar lista enviar lista serial painel desassociar;Retorno;gostar serial painel desassociar lista enviar lista serial painel desassociar
integrar base dado plataforma jit onlinar dashboard iqc power bi visar obter dado entrada nota fiscal material calço tampa caixa definição plano inspeção iqc integração jig onlinar power bi;Avaliação_Técnica;integrar base plataforma jit onlinar dashboard iqc power visar obter entrada nota fiscal material calço tampa caixa definição plano inspeção iqc integração jig onlinar power
solicitar criação campo sisap seção relatório técnico referente fase painel incluir seguinte informação valor painel número série ne painel adicionalmente necessário corrigir coluna modelo relatório técnico fase painel painel registrar manualmente técnico qualidade solicitação ajustir relátorio técnico fase painel;Melhorias;solicitar criação campo seção relatório técnico referente fase painel incluir seguinte informação valor painel número série painel adicionalmente necessário corrigir coluna modelo relatório técnico fase painel painel registrar manualmente técnico qualidade ajustir relátorio técnico fase painel
inconsistência dado registro defeito painel relatório técnico fase mf relatório técnico fase painel relatório técnico fase mf apontar defeito acumular painel ano relatório técnico fase painel registrar apenas defeito acumular obs número defeito relatório fase painel dever grande pois incluir dado painel não registrar linha produção fase mf inconsistência registro defeito painel sisap;Corretiva;inconsistência registro defeito painel relatório técnico fase relatório técnico fase painel relatório técnico fase apontar defeito acumular painel ano relatório técnico fase painel registrar apenas defeito acumular obs número defeito relatório fase painel dever grande pois incluir painel registrar produção fase inconsistência registro defeito painel
gostar extrair sn painei desassociar produto lista anexo puxar sn painel desassociar;Retorno;gostar extrair desassociar produto lista anexo puxar painel desassociar
solicitar base dado coleta etiqueta qr coder atualizar dia solicitação base dado atualiazar Shelf life;Retorno;solicitar base coleta etiqueta coder atualizar base atualiazar shelf life
solicitar acesso base dado sistema dc autenticador referente período fim análise verificação informação registrar em esse intervalo solicitação acesso base dado dc autenticador;Retorno;solicitar base autenticador referente período fim análise verificação informação registrar intervalo base autenticador
descrição problema solicitar acesso base dado sistema dc autenticador referente período fim análise verificação informação registrar em esse intervalo solicitação acesso base dado dc autenticador;Retorno;descrição solicitar base autenticador referente período fim análise verificação informação registrar intervalo base autenticador
descrição problema descrição problema solicitar acesso base dado sistema dc autenticador referente período fim análise verificação informação registrar em esse intervalo solicitação acesso base dado dc autenticar;Retorno;descrição descrição solicitar base autenticador referente período fim análise verificação informação registrar intervalo base autenticar
solicitar acesso base dado sistema dc autenticador referente período fim análise verificação informação registrar em esse intervalo solicitação acesso base dado dc autenticar;Retorno;solicitar base autenticador referente período fim análise verificação informação registrar intervalo base autenticar
descrição problema solicitar acesso base dado sistema dc autenticador referente período fim análise verificação informação registrar em esse intervalo solicitação acesso base dado dc autenticar;Retorno;descrição solicitar base autenticador referente período fim análise verificação informação registrar intervalo base autenticar
registrar solicitação realizar via chat limpeza defeito serial limpeza defeito número série tv;Corretiva;registrar realizar via chat limpeza defeito serial limpeza defeito número série
analise ne não imprimir pq não cadastro detalhamento item analise ne;Melhorias;imprimir cadastro detalhamento item
organizar cabo rede organização cabo rede;Corretiva;organizar cabo rede organização cabo rede
solicitação acesso dat pasta acesso pasta;Nova instalação;dat pasta pasta
bom dia usuário paulomlr solicito acesso sistema portaria favor acesso portaria;Melhorias;paulomlr portaria portaria
bom dia solicitação acesso sistema portaria usuário Gelisonjs copiar permissão colaborador luizsr acesso portaria;Melhorias;portaria gelisonjs copiar permissão colaborador luizsr portaria
bom dia usuário matheuscf solicitar acesso sistema portaria favor acesso;Corretiva;matheuscf solicitar portaria
bom dia gentileza trocar nome ramal rodrigo seixa brenda Souza alteração nome ramal;Corretiva;trocar nome ramal souza alteração nome ramal
bom dia favor alterar nome ramal recepção adm nilzione portela alteração nome ramal;Corretiva;alterar nome ramal recepção adm nilzione portela alteração nome ramal
solicitar instalação sistema rh instalação sistema re h;Nova instalação;solicitar instalação instalação
bom tarde gostar apoio verificar colaborador cadastrar sami não importar benner colaborador não importar sami benner;Erro;gostar apoio colaborador cadastrar sami importar benner colaborador importar sami benner
solicitar apoio verificação informação sami não ser enviar benner anexo estar em esse chamado mostrar exemplo problema colaboradora férias porém benner constar falta informação sami benner;Avaliação_Técnica;solicitar apoio verificação informação sami enviar benner anexo chamado mostrar exemplo colaboradora férias porém benner constar falta informação sami benner
bom dia informar colaborador anexo em este chamado não aparecer ponto benner desde admissão informo ainda rizomar ericka Gabriela não possuir ctps físico não numeração colocar sami folha pois ctps digital colaborador não aparecer ponto;Erro;informar colaborador anexo chamado aparecer ponto benner desde admissão informo ainda rizomar ericka possuir ctps físico numeração colocar sami folha pois ctps digital colaborador aparecer ponto
bom tarde amando conforme formalizar gostar apoio colaborador Wellinton Costa Serra arcon juliano freita thiago castelo tv não aparecer ponto informo apenas thiago castelo passar aprendiz estagiário demais novato colaborador não aparecer ponto;Erro;amando conforme formalizar gostar apoio colaborador aparecer ponto informo apenas passar aprendiz estagiário demais novato colaborador aparecer ponto
amando bom dia gostar apoio verificar motivo colaborador geandra marinho moriz não aparecer ponto informo aprendiz efetivar possuir drt inativo ativa colaborador não aparecer ponto;Erro;amando gostar apoio motivo colaborador aparecer ponto informo aprendiz efetivar possuir drt inativo ativa colaborador aparecer ponto
colaborador Renato jesus admitir não aparecer sistema ponto benner admissão criar novo cargo nomenclatura vaga gostar apoio ponto colaborador não aparecer ponto;Erro;colaborador admitir aparecer ponto benner admissão criar novo cargo nomenclatura vaga gostar apoio ponto colaborador aparecer ponto
bom dia não conseguir gerar relatório ponto arcon através relatório rh relatório ponto demais empresa funcionar normalmente relatório rh arcon problema;Erro;conseguir gerar relatório ponto arcon relatório relatório ponto demais empresa funcionar normalmente relatório arcon
bom dia peço gentileza apoio atualização benner conforme imagem abaixo pedir atualização atualização benner;Corretiva;peço apoio atualização benner conforme imagem abaixo pedir atualização atualização benner
bom dia gostar apoio atualização sistema ponto benner atualização benner;Melhorias;gostar apoio atualização ponto benner atualização benner
bom dia gentileza poder dar apoio atualização benner atualização benner;Nova instalação;poder dar apoio atualização benner atualização benner
gentileza gostar apoio inclusão cargo analista impex sr benner arcon fizemos admissão data hoje porém mesmo não aparecer ponto devido termos criar cargo unidade citar colaborador não aparecer ponto;Corretiva;gostar apoio inclusão cargo analista impex fizemos admissão data hoje porém aparecer ponto devido termos criar cargo unidade citar colaborador aparecer ponto
bom dia não conseguir gerar relatório ponto arcon através relatório rh relatório ponto demais empresa funcionar normalmente relatório rh arcon problema;Erro;conseguir gerar relatório ponto arcon relatório relatório ponto demais empresa funcionar normalmente relatório arcon
bom tarde amando conforme conversar ver zoom problema encontrar drt arcon dar após admissão estagiária cujo drt dever contratar drt correção fazer sami não atualizar benner fazer colaborador alexsandro drt oficialmente sumisse ponto outro pessoa não conseguir encontrar novo colaborador Douglas Barbosa almeida conforme identificar caso estarar repassar drt não localizar benner;Corretiva;amando conforme conversar ver zoom encontrar arcon dar após admissão estagiária cujo dever contratar correção fazer atualizar benner fazer colaborador oficialmente sumisse ponto outro pessoa conseguir encontrar novo colaborador conforme identificar caso estarar repassar localizar benner
colaborador abaixo não aparecer ponto cleison Souza santo clemerson pimentel rodrigue luca vinicius mendonca luca Medeiros tavar colaborador não aparecer ponto;Erro;colaborador abaixo aparecer ponto cleison tavar colaborador aparecer ponto
amando bom tarde gentileza poder dar ajuda colaborador possuir matrícula após atualização benner registro sumir registro ponto colaboradore drts duplicar;Corretiva;amando poder dar ajuda colaborador possuir matrícula após atualização benner registro sumir registro ponto colaboradore drts duplicar
bom dia solicitar apoio atualização ip relógio arcon relógio rh tv atualização ip relógio;Corretiva;solicitar apoio atualização relógio arcon relógio atualização relógio
erro importar relatório rh erro gerar relatório;Erro;erro importar relatório erro gerar relatório
bom dia gostar ajuda sami pois não conseguir gerar relatório sempre fazer login aparecer erro conectar sistema hoje dificuldade gerar contracheque sami;Erro;gostar ajuda pois conseguir gerar relatório sempre fazer login aparecer erro conectar hoje dificuldade gerar contracheque
não conseguir entrar benner nem sami não conseguir cadastrar biometria através leitor biométrico erro benner sami leitor biometria;Erro;conseguir entrar benner conseguir cadastrar biometria leitor biométrico erro benner leitor biometria
bom dia sami não gerar relatório um semana tá impossibilitar rh executar algum atividade erro iniciar desde sami passar atualização relatório começar sair sem cabeçalho logo após troca computador sami parar gerar relatório sami;Erro;gerar relatório semana impossibilitar executar algum atividade erro iniciar desde passar atualização relatório começar sair cabeçalho logo após troca computador parar gerar relatório
não consigo ativar vídeo ligo vídeo chamar alguém tela ficar preto câmera vídeo;Erro;consigo ativar vídeo ligo vídeo chamar alguém tela ficar preto câmera vídeo
amando bom dia gentileza poder dar ajuda colaborador Leonardo rodrigues Gomes possuir matrícula após atualização benner registro sumir drt antigo estagiário tv drt atual arcon registro ponto Leonardo;Erro;amando poder dar ajuda colaborador possuir matrícula após atualização benner registro sumir drt antigo estagiário drt atual arcon registro ponto
amando bom dia gentileza solicitar acesso opção desconto sinalizar amarelo consiga consultar compra produto colaborador liberação acesso sistema re h;Melhorias;amando solicitar opção desconto sinalizar amarelo consiga consultar compra produto colaborador liberação
gostar ajuda ativação dois colaborador ponto maria cristino nunes nascimento worleson moral freito Maria contratar novo cargo sami data hoje tec seg trabalho jr worlesson promover data hoje cargo analista sso colaborador não aparecer ponto;Corretiva;gostar ajuda ativação dois colaborador ponto nascimento moral freito contratar novo cargo sami data hoje tec seg trabalho promover data hoje cargo analista sso colaborador aparecer ponto
bom dia gostar ajuda md acesso desde ínicio manhã hoje não consigar entrar site importar batida benenr md acesso;Erro;gostar ajuda desde ínicio manhã hoje consigar entrar site importar batida benenr
bom dia solicitar apoio relógio ficar produção pois desde dia registro não subir fechamento incluir marcação manualmente desde então batida aparecer benner vez importar aparecer entrada saída vez nenhum dois registro ponto relógio;Corretiva;solicitar apoio relógio ficar produção pois desde registro subir fechamento incluir marcação manualmente desde então batida aparecer benner vez importar aparecer entrada saída vez nenhum dois registro ponto relógio
bom dia gostar ajuda benner pois dificuldade importar arquivo marcação benner não importar;Erro;gostar ajuda benner pois dificuldade importar arquivo marcação benner importar
bom dia solicitar instalação sistema relatório rh máquina thyciane Loureiro Moreira instalar relatório rh;Nova instalação;solicitar instalação relatório máquina thyciane loureiro moreira instalar relatório
colaborador matheu brito transferir arcon tv matrícula novo não ta aparecer fazer tentativa transferência não conseguir fazer nada ponto tentar mexer aqui tar dar erro ponto rapaz sumir matheu brito ponto benner;Erro;colaborador transferir matrícula novo aparecer fazer tentativa transferência conseguir fazer nada ponto tentar mexer aqui tar dar erro ponto rapaz sumir ponto benner
bom dia gostar ajuda teams pois desde anteontem fiz atualização senha chegar notificação solicitar atualização não funcionar não conseguir acessar outlook nem teams outlook teams não funcionar;Erro;gostar ajuda teams pois desde anteontem fiz atualização senha chegar notificação solicitar atualização funcionar conseguir acessar outlook teams outlook teams funcionar
bom dia gentileza solicitar ajuda relógio tv arcon comunicação oscilar fazer não consigar ver batida nem benner relógio sem comunicação;Corretiva;solicitar ajuda relógio arcon comunicação oscilar fazer consigar ver batida benner relógio comunicação
bom dia gentileza solicitar atualização benner atualização benner;Melhorias;solicitar atualização benner atualização benner
bom dia solicitar recuperação arquivo csv nomear admissão excluir equivocadamente caminho pasta ahgor recuperação arquivo excluir;Corretiva;solicitar recuperação arquivo csv nomear admissão excluir equivocadamente caminho pasta ahgor recuperação arquivo excluir
bom dia solicitar apoio sistema interfaceaghoravisual fazer integração sami x ahgora roder rotina todo dia forma automático partir determinado horário poder partir atualmente precisar fazer processo rotina manual registrar sami acessar interfaceaghoravisual seleciona tipo informação querer enviar funcionário afastamento seleciona empresa processar gostaríamo propor passar funcionar seguinte forma registrar sami interfaceaghoravisual enviar informação automático ahgora interfaceaghoravisual rodar rotina automático;Melhorias;solicitar apoio interfaceaghoravisual fazer integração sami ahgora roder rotina todo forma automático partir determinado horário poder partir atualmente precisar fazer processo rotina manual registrar sami acessar interfaceaghoravisual seleciona tipo informação querer enviar funcionário afastamento seleciona empresa processar gostaríamo propor passar funcionar seguinte forma registrar sami interfaceaghoravisual enviar informação automático ahgora interfaceaghoravisual rodar rotina automático
bom dia solicitar acesso pasta salvar arquivo folha pagamento acesso pasta caminho;Avaliação_Técnica;solicitar pasta salvar arquivo folha pagamento pasta caminho
bom dia gentileza solicitar criação novo usuário sap nome receberar novo atribuição necessitar acesso sistema novo usuário sap;Nova instalação;solicitar criação novo nome receberar novo atribuição necessitar novo
instalação expo maquina beatriz rh instalação expo maquina;Nova instalação;instalação expo maquina beatriz instalação expo maquina
bom dia gentileza solicitar apoio verificação erro impossibilitar acesso sistema legar sistema consulta compra produto rh precisar efetuar cálculo rescisão fechamento Folha sistema legar rh compra produto;Erro;solicitar apoio verificação erro impossibilitar legar consulta compra produto precisar efetuar cálculo rescisão fechamento folha legar compra produto
bom dia solicitar;Erro;solicitar
assunto função relatório produção listar amarração resumo função relatório produção listar amarração retirar sisap impactar negativamente área qualidade pois funcionalidade permitir rastrear produto número série horário amarração ferramento essencial ação contenção bloqueio caso não conformidader além permitir troca emergencial pos sugerir função reativar limitação consulta dia consecutivo consulta extensa fazer via chamar ti solicitação acesso função fazer usuário eduardo Carneiro Barbara mello pereira confirmar liberação tela pedir felipe nascimento verificar acesso acesso função relatório produção listar amarração;Adequação de layout;assunto função relatório produção listar amarração resumo função relatório produção listar amarração retirar impactar negativamente área qualidade pois funcionalidade permitir rastrear produto número série horário amarração ferramento essencial ação contenção bloqueio caso além permitir troca emergencial pos sugerir função reativar limitação consulta consecutivo consulta extensa fazer via chamar função fazer confirmar liberação tela pedir nascimento função relatório produção listar amarração
dia sisap não apontar automaticamente final lote ne cond dois Evap caso apontamento ac ne não conseguir apontar via botão processar consulta lote consideramos fato erro sistema exemplo Unid cond of tcl unid Evap of tcl unid Evap of tcl ac splitr tcl ac splitr tcl problema recorrente em esse caso pedir pcp desamarrar op poder efetuar apontamento além de isso sistema retrabalho gerar problema produção pcp faturamento seguir arquivo anexo evidência solicitar ti proceda alteração forma apontamento op não ne produto retenção apontamento ac apontamento atual ne não op;Erro;apontar automaticamente final lote cond dois evap caso apontamento conseguir apontar via botão processar consulta lote consideramos fato erro exemplo unid cond tcl unid evap tcl unid evap splitr splitr tcl recorrente caso pedir desamarrar poder efetuar apontamento além retrabalho gerar produção faturamento seguir arquivo anexo evidência solicitar proceda alteração forma apontamento produto retenção apontamento apontamento atual
posto leitura amarração compressor linha cond possível realizar leitura consequente amarração compressor não correspondente lista técnico modelo linha processo revisto fim implementar trar dificultar montagem componente essencial incorreto detecção falha somente fase teste considerar sistema amarrar qualquer etiqueta compressor compressor herm skd ne modelo unid cond of Komeco lugar compressor hermetico ne modelo unid cond of tcl amarração indevir compressor condensadora;Erro;leitura amarração compressor cond possível realizar leitura consequente amarração compressor correspondente lista técnico modelo processo revisto fim implementar trar dificultar montagem componente essencial incorreto detecção falha somente fase teste considerar amarrar qualquer etiqueta compressor compressor herm skd modelo unid cond komeco lugar compressor hermetico modelo unid cond tcl amarração indevir compressor condensadora
tratamento dado ap linha compressor tratamento dado ap linha compressor;Corretiva;tratamento compressor tratamento compressor
erro realizar apontamento ac sistema não fazer apontamento ac ac splitr tcl problema ocorrer outro modelo todo modelo produzir apresentar erro apontamento mensagem produto sem pallet cadastrar ausencia apontamento ac;Erro;erro realizar apontamento fazer apontamento splitr tcl ocorrer outro modelo todo modelo produzir apresentar erro apontamento mensagem produto pallet cadastrar ausencia apontamento
produto evaporadora produzir liberar somente pessoa único pessoa produção conseguir habilitar crachá sisap fazer operação todo posto rastreável bloquear acesso geral habilitar acesso individual posto fim evitar liberação produto único pessoa apenas habilitação individual acesso sisap crachá cada posto trabalho;Melhorias;produto evaporadora produzir liberar somente pessoa único pessoa produção conseguir habilitar crachá fazer operação todo rastreável bloquear geral habilitar individual fim evitar liberação produto único pessoa apenas habilitação individual crachá cada trabalho
fazer teste apontamento copper tube engenharia sem ordem produção ocasionar lixo ambiente limpeza zpp copper tube testar;Corretiva;fazer teste apontamento copper tube engenharia ordem produção ocasionar lixo ambiente limpeza testar
solicitar relatorio gerencial produção diario x programa contemplar produção modelo possuir somente idu odu fazer epoca trane conforme relatório anexo adequação relatório produção gerencial;Adequação de layout;solicitar gerencial produção diario programa contemplar produção modelo possuir somente idu odu fazer epoca trane conforme relatório anexo adequação relatório produção gerencial
não conseguir acessar sistema nota fiscal sistema nota fiscal;Erro;conseguir acessar nota fiscal nota fiscal
erro gravação;Erro;erro gravação
instalação easy easy;Nova instalação;instalação easy easy
instalação easy easy;Nova instalação;instalação easy easy
solicitar ative opção cadastro usuário danielyco sistema nota fista;Melhorias;solicitar ative opção cadastro danielyco nota fista
atualização;Erro;atualização
instalação easy maquina anderson easy;Corretiva;instalação easy maquina anderson easy
não abrir sistema sap sistema sap;Erro;abrir
sem acesso sistema nota fiscal abrir ocorrer erro sem acesso sistema nota fiscal;Erro;nota fiscal abrir ocorrer erro nota fiscal
sistema nota fiscal não funcionando pc nota fiscal não funcionar;Erro;nota fiscal funcionando nota fiscal funcionar
configurar sistema dia uso novo computador configuração sismtema dia novo computador;Melhorias;configurar uso novo computador configuração sismtema novo computador
favor verificar problema leitura xml seidor ambiente prd leitura xml seidor;Erro;leitura xml seidor ambiente prd leitura xml seidor
excluir arquivo obrigação dia sistema nota fiscal mês empresa importar arquivo não carregar todo informação acontecer precisar excluir arquivo sistema importar novamente exluir arquivo dia;Corretiva;excluir arquivo obrigação nota fiscal mês empresa importar arquivo carregar todo informação acontecer precisar excluir arquivo importar novamente exluir arquivo
acesso remoto sistema legar nota fiscal acesso sistema legar nota fiscal;Avaliação_Técnica;remoto legar nota fiscal legar nota fiscal
sem acesso sistema legar nota fiscal acesso sistema legar nota fiscal;Erro;legar nota fiscal legar nota fiscal
sem acesso sistema legar nota fiscal acesso sistema legar nota fiscal;Erro;legar nota fiscal legar nota fiscal
miro p calcular imposto valor total nf diferença miro diferença valor imposto;Avaliação_Técnica;calcular imposto valor total diferença miro diferença valor imposto
sem acesso sistema legar nota fiscal acesso sistema legar nota fiscal;Erro;legar nota fiscal legar nota fiscal
sem acesso sistema nota fiscal acesso sistema legar nota fiscal;Erro;nota fiscal legar nota fiscal
relacionar am gmt eduardo maregar solicitação;Avaliação_Técnica;relacionar
bom dia preciso baixar foto ação saúde wattzap web não Consigo poder ajudar aguardo liberação par abaixar foto wattzap;Avaliação_Técnica;preciso baixar foto ação saúde wattzap web poder ajudar aguardo liberação par abaixar foto wattzap
bom tarde gentileza solicitar acesso sami realizar cadastro cargo sami ppp computador sesmt nome agradeço acesso cadastro programa sami ppp;Erro;solicitar sami realizar cadastro cargo sesmt nome agradeço cadastro programa sami ppp
período estarei férias portanto gostar solicitar Sara aparicio lê cópia poder aprovar requisição grupo smt manau sistema sap poder auxiliar demanda usuário andreza liberação requisição;Melhorias;período estarei férias portanto gostar solicitar aparicio cópia poder aprovar requisição grupo smt manau poder auxiliar demanda andreza liberação requisição
conforme falar solicitar alteração fluxo aprovação pedido compra contrato manau grupo comprador smt rhm onde ler gerente gentileza alterar diretor Manuel Moreira fluxo aprovação Manaus rhm smt;Melhorias;conforme falar solicitar alteração fluxo aprovação pedido compra contrato manau grupo comprador smt rhm onde ler gerente alterar diretor fluxo aprovação manaus rhm smt
travar entrada conhecimento transporte grc encerramento conhecimento grc;Avaliação_Técnica;travar entrada conhecimento transporte grc encerramento conhecimento grc
encerramento entrada conhecimento grc encerramento conhecimento grc;Erro;encerramento entrada conhecimento grc encerramento conhecimento grc
não consigo estornar miro anexo erro estornar miro;Erro;consigo estornar miro anexo erro estornar miro
pedido anexo somar valor imposto módulo fm assim consumir orçamento valor despesa imposto fazer teste outro fornecedor mesmo parâmetro sem erro fm pedir somar imposto módulo fm;Erro;pedido anexo somar valor imposto módulo assim consumir orçamento valor despesa imposto fazer teste outro fornecedor parâmetro erro pedir somar imposto módulo
bloquear entrada conhecimento transporte final dia fechamento mês março bloqueio entrada conhecimento transporte;Melhorias;bloquear entrada conhecimento transporte final fechamento mês março bloqueio entrada conhecimento transporte
alteração estratégia liberação rh sesmt planta manau cajamar cristina ir aprovar gestora claudiar diretora necessário criar código liberação novo claudia alteração estratégia liberação rh sesmt;Melhorias;alteração estratégia liberação sesmt planta manau cajamar cristina aprovar gestora claudiar diretora necessário criar código liberação novo claudia alteração estratégia liberação sesmt
bloquear entrada conhecimento transporte fechamento mês abril bloqueio entrada conhecimento transporte;Avaliação_Técnica;bloquear entrada conhecimento transporte fechamento mês abril bloqueio entrada conhecimento transporte
criação pedido contrato sap grupo comprador fsi jum criação pedido contrato sap;Melhorias;criação pedido contrato grupo comprador fsi jum criação pedido contrato
bloqueio entrada conhecimento transporte final dia fechamento mês bloqueio;Corretiva;bloqueio entrada conhecimento transporte final fechamento mês bloqueio
abap pm gmt andressa Soares considerar item nota fiscal controle imposto dir fisc icms código nota saída sucata scrap executar transação código imposto nota fiscal;Melhorias;soares considerar item nota fiscal controle imposto dir fisc icms código nota saída sucata scrap executar transação código imposto nota fiscal
chamar pm gmt andressa Soares inclusão coluna imposto retir inss ir csrf transação coluna cada imposto inclusão coluna imposto reter;Melhorias;chamar andressa soares inclusão coluna imposto retir inss csrf transação coluna cada imposto inclusão coluna imposto reter
fazer bloqueio data hoje fechamento mês bloqueio;Corretiva;fazer bloqueio data hoje fechamento mês bloqueio
solicitar alteração aprovação código Paulo sandrini di período férias Manuel Moreira período aprovação pedido;Melhorias;solicitar alteração aprovação código período férias período aprovação pedido
bloquear conhecimento transporte eletrônico fechamento mês bloqueio;Erro;bloquear conhecimento transporte eletrônico fechamento mês bloqueio
parametrizar crédito pis cofim sobre nota fiscal energia elétrico base valor total fatura código imposto energia;Melhorias;parametrizar crédito sobre nota fiscal energia elétrico base valor total fatura código imposto energia
perfil am gmt eduardo romero simao liberar acesso usuário lucasms criação contrato grupo comprador mpm configurar contrato grupo mpm;Melhorias;perfil gmt eduardo romero simao liberar lucasms criação contrato grupo comprador mpm configurar contrato grupo mpm
bloquear fechamento mês bloqueio;Corretiva;bloquear fechamento mês bloqueio
bloquear conhecimento transporte fechamento bloqueio;Erro;bloquear conhecimento transporte fechamento bloqueio
alteração endereço depósito fechar centro conforme dado cadastral sefaz conforme anexo alteração endereço depósito fechar;Melhorias;alteração endereço depósito fechar centro conforme cadastral sefaz conforme anexo alteração endereço depósito fechar
request subir produção request subir produção;Corretiva;request subir produção request subir produção
andressa soares enviar novembro eduardo maregar cc cleonice oliveira erik carvalho assunto erro lançar miro maregar precisar adicionar usuário centro custo grupo mpm lincoln fazer lançamento despesa importação caso peça reposição máquina att rro lançar miro importação pedir;Melhorias;enviar novembro assunto erro lançar miro maregar precisar adicionar centro custo grupo fazer lançamento despesa importação caso peça reposição máquina att rro lançar miro importação pedir
impossibilidade baixa material pa através migo erro lançamento automático conta classe material x conta contábil baixo material Pa;Melhorias;impossibilidade baixa material migo erro lançamento automático conta classe material conta contábil baixo material
bloqueio fechamento bloqueio;Corretiva;bloqueio fechamento bloqueio
bloquear conhecimento transporte fechamento bloqueio;Corretiva;bloquear conhecimento transporte fechamento bloqueio
não possivel baixar reserva valor zerado reserva baixo reserva valor zero;Erro;possivel baixar reserva valor zerado reserva baixo reserva valor zero
tipo manutenção adicionar key user processo transação sim justifique acesso transação usuária dynnesr outro informação criação contrato smt manutenção perfil sap;Melhorias;tipo manutenção adicionar key user processo transação sim justifique transação usuária dynnesr outro informação criação contrato smt manutenção perfil
bloquear fechamento mensal bloqueio;Corretiva;bloquear fechamento mensal bloqueio
bloqueio fechamento mês fevereiro bloqueio;Corretiva;bloqueio fechamento mês fevereiro bloqueio
bloqueio fechamento mês março bloqueio;Corretiva;bloqueio fechamento mês março bloqueio
alteração endereço fábrica arcon centro rua cumucim nº galpão cep bairro aleixo av oitis nº galpão módulo cep bairro distrito industrial ii encerramento centro depósito fechar alteração endereço fábrica arcon;Melhorias;alteração endereço fábrica arcon centro rua cumucim galpão cep bairro aleixo oitis galpão módulo cep bairro distrito industrial encerramento centro depósito fechar alteração endereço fábrica arcon
bloqueio fechamento mês bloqueio;Corretiva;bloqueio fechamento mês bloqueio
bloquear fechamento mês bloqueio;Corretiva;bloquear fechamento mês bloqueio
bloquear fechamento junho bloqueio;Corretiva;bloquear fechamento junho bloqueio
problema baixa estoque migo devolução mensagem cm não atingir kg msg erro Migo devolução;Avaliação_Técnica;baixa estoque migo devolução mensagem atingir msg erro devolução
alteração unidade medida emissão exportação alteração unidade medida;Corretiva;alteração unidade medida emissão exportação alteração unidade medida
bloqueio fechamento mês julho bloqueio;Corretiva;bloqueio fechamento mês julho bloqueio
alteração unidade medida emissão exportação alteração unidade medida;Corretiva;alteração unidade medida emissão exportação alteração unidade medida
alteração unidade medida emissão exportação alteração unidade medida;Corretiva;alteração unidade medida emissão exportação alteração unidade medida
erro emissão nota fiscal erro emissão nota fiscal;Avaliação_Técnica;erro emissão nota fiscal erro emissão nota fiscal
bloqueio fechamento mês bloqueio;Corretiva;bloqueio fechamento mês bloqueio
bloquear fechamento mês bloqueio;Corretiva;bloquear fechamento mês bloqueio
bloqueio fechamento mês outubro bloqueio;Corretiva;bloqueio fechamento mês outubro bloqueio
bloqueio fechamento bloqueio;Corretiva;bloqueio fechamento bloqueio
bloqueio fechamento mês bloqueio;Corretiva;bloqueio fechamento mês bloqueio
liberação acesso usuário mayramb mariag aba cadastro sistema legar nota fiscal permissão sistema nota fiscal;Erro;liberação mayramb mariag aba cadastro legar nota fiscal permissão nota fiscal
bloqueio fechamento bloqueio;Corretiva;bloqueio fechamento bloqueio
bloqueio fechamento mês fevereiro bloqueio;Corretiva;bloqueio fechamento mês fevereiro bloqueio
bloqueio fechamento mês bloqueio;Corretiva;bloqueio fechamento mês bloqueio
inclusão transação criação contrato sap cento custo sgi inclusão Centro custo abertura contrato;Melhorias;inclusão transação criação contrato cento custo sgi inclusão centro custo abertura contrato
bloqueio fechamento mês abril bloqueio;Corretiva;bloqueio fechamento mês abril bloqueio
bloqueio fechamento mês maio bloqueio;Corretiva;bloqueio fechamento mês maio bloqueio
não gerar dcre dar erro erro dcre;Erro;gerar dcre dar erro erro dcre
bloqueio fechamento mês bloqueio;Corretiva;bloqueio fechamento mês bloqueio
bloqueio fechamento mês agosto bloqueio;Corretiva;bloqueio fechamento mês agosto bloqueio
após upgrade transação não rodar gerar estouro parametro memória categoriar sem erro erro data hora texto breve limited amount of Session memory remaining acontecer the amount of memory Space used at present exceeds The Warning level The Session memory quota poder fazer errors that require solving haver occurred análise erro the amount of memory in byte currently used Was extended memory assigned memory heap short areo paging areo maximum address space Session memory quota Session memory warning Session memory warning Session memory Warning enh após upgrade transação não rodar gerar;Erro;após upgrade transação rodar gerar estouro parametro memória categoriar erro erro data hora texto breve limited amount session memory remaining acontecer the amount memory space used present exceeds the warning level the session memory quota poder fazer errors that require solving occurred análise erro the amount memory byte currently used was extended memory assigned memory heap short areo paging areo maximum address space session memory quota session memory warning session memory warning session memory warning enh após upgrade transação rodar gerar
bloqueio fechamento mês bloqueio;Corretiva;bloqueio fechamento mês bloqueio
bloqueio fechamento bloqueio;Corretiva;bloqueio fechamento bloqueio
bloqueio fechamento bloqueio;Corretiva;bloqueio fechamento bloqueio
bloqueio fechamento bloqueio;Corretiva;bloqueio fechamento bloqueio
bloqueio fechamento bloqueio;Corretiva;bloqueio fechamento bloqueio
bloqueio fechamento bloqueio;Corretiva;bloqueio fechamento bloqueio
bloqueio fechamento mês bloqueio;Corretiva;bloqueio fechamento mês bloqueio
bloqueio fechamento mês maio bloqueio;Corretiva;bloqueio fechamento mês maio bloqueio
bloqueio fechamento bloqueio;Corretiva;bloqueio fechamento bloqueio
criar relatório informação controle imobilizar facilitar envio informação mensal sede tcl relatório ativo imobilizar;Melhorias;criar relatório informação controle imobilizar facilitar envio informação mensal sede tcl relatório ativo imobilizar
necessidade relatório sistema empresa demonstrar cálculo produtividade considerar seguinte fórmula quantidade produzer x tempo padrão cada produto acabar hora produzir relatório precisar demonstrar mês mês totalizar anualmente em este momento demanda arcon atender solicitação sudam razão projeto modernização usufruto beneficio fiscal irpj necessário relatório tv arcon cálculo produtividade;Melhorias;necessidade relatório empresa demonstrar cálculo produtividade considerar seguinte fórmula quantidade produzer tempo padrão cada produto acabar hora produzir relatório precisar demonstrar mês mês totalizar anualmente momento demanda arcon atender sudam razão projeto modernização usufruto beneficio fiscal irpj necessário relatório arcon cálculo produtividade
bloqueio doa fechamento mês bloqueio;Corretiva;bloqueio doa fechamento mês bloqueio
bloqueio fechamento bloqueio;Corretiva;bloqueio fechamento bloqueio
bloqueio fechamento bloqueio;Corretiva;bloqueio fechamento bloqueio
bloqueio fechamento bloqueio;Corretiva;bloqueio fechamento bloqueio
atribuir gripo comprador pma centro custo atribuição centro custo grupo comprador;Corretiva;atribuir gripo comprador pma centro custo atribuição centro custo grupo comprador
bloqueio fechamento janeiro bloqueio;Corretiva;bloqueio fechamento janeiro bloqueio
atualização novo centro custo programa reserva baixo scrap atualização novo centro custo;Corretiva;atualização novo centro custo programa reserva baixo scrap atualização novo centro custo
bloqueio fechamento bloqueio;Corretiva;bloqueio fechamento bloqueio
bloqueio fechamento bloqueio;Corretiva;bloqueio fechamento bloqueio
bloqueio fechamento bloqueio;Corretiva;bloqueio fechamento bloqueio
bloqueio fechamento mês bloqueio;Corretiva;bloqueio fechamento mês bloqueio
bloqueio fechamento bloqueio;Corretiva;bloqueio fechamento bloqueio
favor alterar endereço depósito hine seguir solicitação Manuel Moreira enviar novembro andressa Soares ano Paula ferreiro cc Renato Britto eason xueyx Tony ye Pedro Carvalho decio oliveira beatriz roizman joao mende assunto r alteração endereço depósito hine televisor decio beatriz joao mende andressa soares enviar novembro ana Paula ferreiro cc Manuel Moreira Renato Britto eason xueyx Tony ye Pedro Carvalho assunto alteração endereço depósito hine televisor bom dia dra ana Paula conforme solicitação Manuel ir iniciar processo alteração endereço filial depósito fechar unidade televisor Cnpj alteração dever seguir conforme descrito abaixo avenida oitis nº galpão módulo distribution park manau iii bairro distrito industrial ii cep avenida oitis nº galpão módulo galpão módulo distribution park manau iii bairro distrito industrial ii cep att alteração endereço depósito hine;Melhorias;alterar endereço depósito hine seguir enviar novembro ano ferreiro eason xueyx oliveira beatriz roizman assunto alteração endereço depósito hine televisor decio beatriz andressa soares enviar novembro ana ferreiro eason xueyx assunto alteração endereço depósito hine televisor dra ana conforme iniciar processo alteração endereço filial depósito fechar unidade televisor cnpj alteração dever seguir conforme descrito abaixo avenida oitis galpão módulo distribution park manau iii bairro distrito industrial cep avenida oitis galpão módulo galpão módulo distribution park manau iii bairro distrito industrial cep att alteração endereço depósito hine
erro retificar documento inventario empresa erro retificar documento inventário;Erro;erro retificar documento inventario empresa erro retificar documento inventário
problema carga orçamento manau problema carga orçamento manau;Avaliação_Técnica;carga orçamento manau carga orçamento manau
acesso administradora sistema oa controle orçamentário centro custo bu acesso administradora oa;Nova instalação;administradora controle orçamentário centro custo administradora
ocorrer algum problema digitação documento inventário transação seguir detalhamento arquivo anexo melhoria transação;Melhorias;ocorrer algum digitação documento inventário transação seguir detalhamento arquivo anexo melhoria transação
mudar tipo movimentação reserva criar sisap baixa transação parametrização necessário garantir correto integração fluxo informação sistema baixa de esse material sem emissão nota fiscal baixo scrap;Adequação de layout;mudar tipo movimentação reserva criar baixa transação parametrização necessário garantir correto integração fluxo informação baixa material emissão nota fiscal baixo scrap
permitir posto reparo painel cq tal funcionar reparo placa imc cq poder realizar todo etapa conserto técnico dar baixo defeito manter integridade rastreabilidade demanda fazer necessário pois atualmente reparo painel ser realizar qualidade atividader reparo painel realizar;Adequação de layout;permitir reparo painel tal funcionar reparo placa imc poder realizar todo etapa conserto técnico dar baixo defeito manter integridade rastreabilidade demanda fazer necessário pois atualmente reparo painel realizar qualidade atividader reparo painel realizar
prezar favor habilitar opção origem defeito estoque verificar cadastro origem cadastrar porém não aparecer disponível aba seleção técnico conserto produção qualidade habilitação origem defeito estoque;Melhorias;prezar habilitar opção origem defeito estoque cadastro origem cadastrar porém aparecer disponível aba seleção técnico conserto produção qualidade habilitação origem defeito estoque
necessitar rastrear produto montar componente sensor ir risco falha campo respectivo modelo anexo ir planilha data turno linha ne necessitar sns placa respectivo pas grata rastreio produto placa pas;Retorno;necessitar rastrear produto montar componente sensor risco falha campo respectivo modelo anexo planilha data turno necessitar sns placa respectivo pas grata rastreio produto placa pas
receber notificação tcl informar po painel risco ocorrência linha vertical unidade motivo necessário realizar filtragem de esse item considerar inspeção antecipar operação complexo não possível identificar painel apenas conferência caixa embalagem gostaríamo saber possibilidade configurar algum tipo flag sisap marcar sns de esse forma ser lir linha item automaticamente bloquear evitar amarração lista anexo filtro sn painel risco problema qualidade;Melhorias;receber notificação tcl informar painel risco ocorrência vertical unidade motivo necessário realizar filtragem item considerar inspeção antecipar operação complexo possível identificar painel apenas conferência caixa embalagem gostaríamo saber possibilidade configurar algum tipo flag marcar forma item automaticamente bloquear evitar amarração lista anexo filtro painel risco qualidade
nao conseguir usar checklist apresentar erro momente realizar procedimento tentar acessar check list opoção desaparecer pagina nao conseguir usar checklist;Erro;nao conseguir usar checklist apresentar erro momente realizar procedimento tentar acessar check list opoção desaparecer pagina nao conseguir usar checklist
cadastrar failcode codigo defeito pw exceed the lower limit cadastro defeito;Melhorias;cadastrar failcode codigo defeito exceed the lower limit cadastro defeito
inclusão novo linha produção setor copper Tube fase imc linha coppertube solda capilar ev inclusão novo linha;Adequação de layout;inclusão novo produção setor copper tube fase imc coppertube solda capilar inclusão novo
após atualizão computador sap operação registrar nota através leitura qrcode não funcionar sistema sap pate não operar;Corretiva;após atualizão computador operação registrar nota leitura qrcode funcionar pate operar
ontem volta vtin parar funcionar consigo entrar opção menu porém escolhar qualquer opção aplicação não fazer nada favor verificar problema vtin acesso menu;Corretiva;ontem volta parar funcionar consigo entrar opção menu porém escolhar qualquer opção aplicação fazer nada menu
logo sistema holerite não aparecer mês selecionar nem adiantamento salário decimo problema acessar sistema holerite;Erro;logo holerite aparecer mês selecionar adiantamento salário decimo acessar holerite
colaboradorjefferson pinho marque login redejeffersonpm todo dia nao conseguir usar coletor porque mensagem ja sessao ativo poder verificar problema problema usuario sisap jefferson;Corretiva;login redejeffersonpm todo nao conseguir usar coletor porque mensagem sessao ativo poder usuario jefferson
modifico po sap rejeitar fssc não voltar ficar pendente reiniciar estratégia aprovação;Avaliação_Técnica;modifico rejeitar fssc voltar ficar pendente reiniciar estratégia aprovação
informar teams todo pedido compra gerar login anacf não integrar fssc forma automatizar integrar apenas método manual usar pedir compra gerar login anacf não integrar automaticamente fssc;Avaliação_Técnica;informar teams todo pedido compra gerar login anacf integrar fssc forma automatizar integrar apenas método manual usar pedir compra gerar login anacf integrar automaticamente fssc
fssc duvir outro pedido mesmo solicitação;Avaliação_Técnica;fssc duvir outro pedido
verificar porque algum usuário não demonstrar lista requisição similar ana Paula sup conforme tela anexo pesquisar requisição yan modestojhermerson natalia paula sintese documento;Avaliação_Técnica;porque algum demonstrar lista requisição similar conforme tela anexo pesquisar requisição documento
verificar porque algum usuário não demonstrar lista requisição similar ana Paula sup conforme tela anexo pesquisar requisição yan modestojhermerson natalia paulo analise referente variante sleção;Adequação de layout;porque algum demonstrar lista requisição similar conforme tela anexo pesquisar requisição referente variante sleção
sistema benner apresentar erro antes login conforme anexo atualização benner;Erro;benner apresentar erro antes login conforme anexo atualização benner
instalação benner sami após troca maquina instalação benner sami;Nova instalação;instalação benner sami após troca maquina instalação benner sami
bom dia solicitar substituição arquivo aparecer aba rh chamar norma conduta atualizar formulário anexo seguir atualização documento rher;Adequação de layout;solicitar substituição arquivo aparecer aba chamar norma conduta atualizar formulário anexo seguir atualização documento rher
ocultar arquivo informar aba rh recrutamento seleção político fluxogramar atual ainda citar semp Toshiba arquivo ainda passar atualização breve enviaremo novo publicação enquanto apenas excluir existente atualizar arquivo movimentação pessoal anexado chamado ocultar arquivo;Adequação de layout;ocultar arquivo informar aba recrutamento seleção político atual ainda citar semp toshiba arquivo ainda passar atualização breve enviaremo novo publicação enquanto apenas excluir existente atualizar arquivo movimentação pessoal anexado chamado ocultar arquivo
chamar registrar registro demanda relacionar avaliação performance ciclo;Corretiva;chamar registrar registro demanda relacionar avaliação performance ciclo
senhor bom dia desde inicia uso portal avaliação desempenho descontinuar portal módulo recrutamento gostar favor solicitar possível reativação portal possar voltar automatizar algum processo recrutamento seleção assim realizar algum atualização melhoria reativação portal rh recrutamento;Retorno;senhor desde inicia uso portal avaliação desempenho descontinuar portal módulo recrutamento gostar solicitar possível reativação portal possar voltar automatizar algum processo recrutamento seleção assim realizar algum atualização melhoria reativação portal recrutamento
bom tarde ser sap bloquear recuperação senha sap;Erro;bloquear recuperação senha
abri espaço cota planilha copper tube espaço cota pasta copper tube;Melhorias;abri espaço cota planilha copper tube espaço cota pasta copper tube
dar entrada informação nfe motorista fornecedor salvar informação fornecedor numero documento observação somir não grar sistema poraria;Erro;dar entrada informação nfe motorista fornecedor salvar informação fornecedor numero documento observação grar poraria
solicitar acesso sistema portaria arcon hine tv modulo fiscal acesso sistema portaria;Nova instalação;solicitar portaria arcon hine modulo fiscal portaria
solicitar sistema portaria modulo fiscal controle entrada saída ver apenas operação nenhum unidade solicitar controle entrada saida parametrizar placa veiculo não nf di parametrização sistema portaria arcon;Corretiva;solicitar portaria modulo fiscal controle entrada saída ver apenas operação nenhum unidade solicitar controle entrada saida parametrizar placa veiculo parametrização portaria arcon
solicitar sistema portaria modulo fiscal controle entrada saída ver apenas operação nenhum unidade solicitar controle entrada saida parametrizar placa veiculo não nf di parametrização sistema portaria tv;Corretiva;solicitar portaria modulo fiscal controle entrada saída ver apenas operação nenhum unidade solicitar controle entrada saida parametrizar placa veiculo parametrização portaria
solicitar sistema portaria modulo fiscal controle entrada saída ver apenas operação nenhum unidade solicitar controle entrada saida parametrizar placa veiculo não nf di parametrização sistema portaria hine exp sair;Corretiva;solicitar portaria modulo fiscal controle entrada saída ver apenas operação nenhum unidade solicitar controle entrada saida parametrizar placa veiculo parametrização portaria sair
disponibilizar sistema jit portaria fazer logout esquecimento senha disponibilizar novo senha jit portar;Corretiva;disponibilizar jit portaria fazer logout esquecimento senha disponibilizar novo senha jit portar
solicitar parametrizar sistema portaria movimentação d veículo colocar nf anexo observação realizar parametrizar todo entrada dever ter saída sistema poraria;Melhorias;solicitar parametrizar portaria movimentação veículo colocar anexo observação realizar parametrizar todo entrada dever ter saída poraria
solicitar ajustir sistema portaria saída nf cliente incluir aba sem veiculo pois muito cliente colaborador sair pa rota não cadastrar rota sistema parametrização sistema portaria;Melhorias;solicitar ajustir portaria saída cliente incluir aba veiculo pois cliente colaborador sair rota cadastrar rota parametrização portaria
solicitar correção sistema portaria cadastro entrada saída colaborador pois não registrar entrada solicitar dar entrada drt crachá ajustir sistema portaria;Corretiva;solicitar correção portaria cadastro entrada saída colaborador pois registrar entrada solicitar dar entrada drt crachá ajustir portaria
solicitar retirada sistema portaria portaria deposito portaria computadorpessoal semp tcl mobilidade sistema portaria;Melhorias;solicitar retirada portaria portaria deposito portaria computadorpessoal semp tcl mobilidade portaria
não conseguir inserir sistema portaria modulo fiscal Controles embarque controle embarque;Corretiva;conseguir inserir portaria modulo fiscal controles embarque controle embarque
solicitar acesso edição cadastro motorista prestador serviço outro organização informação sistema portaria modulo fiscal;Melhorias;solicitar edição cadastro motorista prestador serviço outro organização informação portaria modulo fiscal
sistema modulo fiscal não aceitar entrada placa mercosul sistema portaria modulo fiscal;Melhorias;modulo fiscal aceitar entrada placa mercosul portaria modulo fiscal
instalação sami ppp benner sami ppp;Nova instalação;instalação
lançamento produto posto oba não ser lançar posto oba;Corretiva;lançamento produto oba lançar oba
sem acesso cadastro sistema sisap dificultar introdução novo modelo tv modificação correção acesso;Erro;cadastro dificultar introdução novo modelo modificação correção
acesso menu cadastro sistema sisap acesso cadastro sisap;Melhorias;menu cadastro cadastro
favor liberar acesso menu cadastro sisap colaborador abaixo adrian ruiz Allan bitencourt claudio fontão fabio ferreiro fabio Leonel leonar Matos acesso dever semelhante dar colaborador rodolfo Cruz acesso menu cadastro sisap;Melhorias;liberar menu cadastro colaborador abaixo dever semelhante dar colaborador rodolfo cruz menu cadastro
novo regra pci fonte etiqueta qr coder passar caracter novo regra pci fonte;Adequação de layout;novo regra pci fonte etiqueta coder passar caracter novo regra pci fonte
favor desenvolver filtro sisap através informação coletar posto amarração através leitura pci pr montar apesar ter ne sap fisicamentir etiqueta difer descrição id respectivamente;Melhorias;desenvolver filtro informação coletar amarração leitura pci montar apesar ter etiqueta difer descrição respectivamente
necessidade implantar quebra lote processo embalagem bandeja gravação memória quebra lote memória;Melhorias;necessidade implantar quebra lote processo embalagem bandeja gravação memória quebra lote memória
testar alteração fase atual posto conjunto módulo rede troca fasedo posto conj rede;Melhorias;testar alteração fase atual conjunto módulo rede troca fasedo conj rede
acompanhamento limpeza ar condicionar sala dti estoque dti data center acompanhamento limpeza;Melhorias;acompanhamento limpeza condicionar sala dti estoque dti data center acompanhamento limpeza
registro solicitação ja andamento chamar acompanhamento atividade realizar adaptação template impressão etiqueta coluna produto acabar;Melhorias;registro andamento chamar acompanhamento atividade realizar adaptação template impressão etiqueta coluna produto acabar
instalação aplicativo Samifolha aplicativo;Nova instalação;instalação aplicativo samifolha aplicativo
sigar pra cadastrar candidato vaga acabar voltar pagina login portal;Erro;sigar pra cadastrar candidato vaga acabar voltar pagina login portal
não com si baixar arquivo email;Erro;baixar arquivo email
instalação projetor auditório projetor;Melhorias;instalação projetor auditório projetor
solicitar acesso pasta sesmt configurar rede comum acesso pasta sesmt;Melhorias;solicitar pasta sesmt configurar rede comum pasta sesmt
corrigir tela contador defeito logo defeito inserir contador ficar zerado ponto consulta defeito inserir sisap consulta defeito dar baixo sisap visualização defeito linha copper tube;Corretiva;corrigir tela contador defeito logo defeito inserir contador ficar zerado ponto consulta defeito inserir consulta defeito dar baixo visualização defeito copper tube
após inserir vários defeito contador continuar zerar não contar contdor defeito linha copper tube;Corretiva;após inserir vários defeito contador continuar zerar contar contdor defeito copper tube
nome técnico divergente relatório defeito nome técnico divergente relatório defeito;Corretiva;nome técnico divergente relatório defeito nome técnico divergente relatório defeito
insiro cpf acessar sisap não sucesso apresentar seguinte mensagem usuário logar outro estação sessão inativo obs somente acesso computador não existir nenhum outro sessão ativo alexandreo não consigo acessar sisap cpf;Corretiva;insiro cpf acessar sucesso apresentar seguinte mensagem logar outro estação sessão inativo obs somente computador existir nenhum outro sessão ativo alexandreo consigo acessar cpf
tela registrar defeito tanto teste fluxo quanto teste entupimento fazer registro dado leitura hora modelo não carregar tela parte histórico obs logo iniciamos registro funcionar normalmente não carregar dado tela registrar defeito não linha copper tube;Avaliação_Técnica;tela registrar defeito tanto teste fluxo quanto teste entupimento fazer registro leitura hora modelo carregar tela parte histórico obs logo iniciamos registro funcionar normalmente carregar tela registrar defeito copper tube
reset senha usuário reset senha;Corretiva;reset senha reset senha
criar novo senha sap criar novo senha;Erro;criar novo senha criar novo senha
muito lentidao abrir pdf pra imprimir travar hora digitação teams email whatsapp vez ir abrir pdf excel dizer nao responder Alexandre Maciel;Corretiva;abrir pdf pra imprimir travar hora digitação teams email whatsapp vez abrir pdf excel dizer nao responder
preciso acesso sistema portaria pois preciso informação entrada saido mesmo baixa acesso sistema portaria;Melhorias;preciso portaria pois preciso informação entrada saido baixa portaria
favor instalar maquina usuario wilsonsv areo expedição encarregar areo turno sebastião sistema portaria;Retorno;instalar maquina usuario wilsonsv areo expedição encarregar areo turno sebastião portaria
solicitar espelhamento login fabio login alexsb fim monitoramento terceiro motorista apoio sistema portaria;Corretiva;solicitar espelhamento login fabio login alexsb fim monitoramento terceiro motorista apoio portaria
máquina sistema corrompido máquina sistema corrompido;Melhorias;máquina corrompido máquina corrompido
inclusão mecanismo bloqueio busca planilha específico atualizar sesmt diariamente atividade sum importância necessidade melhorar controle acesso terceiro planta stcl manau atualização sistema acesso portaria;Melhorias;inclusão mecanismo bloqueio busca planilha específico atualizar sesmt diariamente atividade sum importância necessidade melhorar controle terceiro planta stcl manau atualização portaria
registrar solicitação realizar via chat mano defeito linha resgistrar linha airan Moreira favor ajustir eu airan Moreira ajustir registro defeito posto técnico;Corretiva;registrar realizar via chat mano defeito resgistrar airan ajustir airan ajustir registro defeito técnico
demanda usuário adicionar observação registro defeito conforme email passar anexo registro demanda solicitar presencialmente;Corretiva;demanda adicionar observação registro defeito conforme email passar anexo registro demanda solicitar presencialmente
sipap;Corretiva;sipap
algum dia percebemos horário não mostrar eficiência correto painel min dever considerar apenas min pois turno iniciar precisar considerar completo imaginar considerar apenas devido horário tv imaginar iniciar levar mostrar gráfico visual errar diretoria fábrica eficiência min arcon;Corretiva;algum percebemos horário mostrar eficiência correto painel min dever considerar apenas min pois turno iniciar precisar considerar completo imaginar considerar apenas devido horário imaginar iniciar levar mostrar gráfico visual errar diretoria fábrica eficiência min arcon
iniciar máquina necessário fazer configuração posto preencher opção fábrica linha produção escolha posto configuração posto;Corretiva;iniciar máquina necessário fazer configuração preencher opção fábrica produção escolha configuração
problema sistema sem travamento físico linha melhoria integração sistema arduino gerar sinal elétrico causar travamento motor conveyor melhoria sisap check feeder;Melhorias;travamento físico melhoria integração arduino gerar sinal elétrico causar travamento motor conveyor melhoria check feeder
melhoria configurar impressora zebro entreposto iac impressão sequêncial etiqueta utilizar bandeja memória gravar processador melhoria inclusão bandeja leitura sistema sisap necessário configurar sistema aceitar dado etiqueta bandeja sequencial série;Melhorias;melhoria configurar impressora zebro entreposto iac impressão sequêncial etiqueta utilizar bandeja memória gravar processador melhoria inclusão bandeja leitura necessário configurar aceitar etiqueta bandeja sequencial série
solicito melhoria sistema sisap check feeder melhoria função inclusão saldo manual bobina falha saldo op obs função disponível somente supervisor operador senior melhoria saldo check feeder;Melhorias;melhoria check feeder melhoria função inclusão saldo manual bobina falha saldo obs função disponível somente supervisor operador senior melhoria saldo check feeder
sistema importanto item baixa indevido ano baixa ano automáticamente impossibilitar baixa regular mensal causar saldo sistemico positivo wip iac poder acarretar parada produção falta componente fisicamente scrap iac idw;Corretiva;importanto item baixa indevido ano baixa ano automáticamente impossibilitar baixa regular mensal causar saldo sistemico positivo wip iac poder acarretar parada produção falta componente fisicamente scrap iac idw
sistema realimentação atualmente possibilidade falha filtro somente leitura posição z leitura carretel ação incluir sistema leitura feeder equipamento amarração posição z leitura carretel ficar assim processo robusto filtro leitura feeder;Melhorias;realimentação atualmente possibilidade falha filtro somente leitura posição leitura carretel ação incluir leitura feeder equipamento amarração posição leitura carretel ficar assim processo robusto filtro leitura feeder
sistema aceitar realimentação forma liberal sem controle saldo positivo fazer vario realimentação registrar sem necessidade ação incluir sistema check feeder tela relatório necessidade realimentação visível operador façam atividade realimentação conforme necessidade real relatório consumo necessidade realimentação;Melhorias;aceitar realimentação forma liberal controle saldo positivo fazer vario realimentação registrar necessidade ação incluir check feeder tela relatório necessidade realimentação visível operador façam atividade realimentação conforme necessidade real relatório consumo necessidade realimentação
inserção dado scrap linha sisap mês janeiro atualização scrap linha sisap;Erro;inserção scrap mês janeiro atualização scrap
importação dado gerar scrap linha siplace sisap realizar solicitação baixo mês feveiro importação arquivo sisap scrap linha Siplace;Corretiva;importação gerar scrap realizar baixo mês feveiro importação arquivo scrap siplace
demanda inclusão sisap rejeito maio linha registro demanda via email;Corretiva;demanda inclusão rejeito maio registro demanda via email
registro demanda via teams solicitar possível verificar relatório erro junto alimentação forma sequencial análises alimentação correção erro atualmente necessário consultar relatório diferente extrair analisar dado conseguir consultar informação ajustir relatório check feeder iac;Melhorias;registro demanda via teams solicitar possível relatório erro junto alimentação forma sequencial análises alimentação correção erro atualmente necessário consultar relatório diferente extrair conseguir consultar informação ajustir relatório check feeder iac
solicitar inclusão informação descarte componente plataforma asm sistema idw sisap scrap iac idw;Adequação de layout;solicitar inclusão informação descarte componente plataforma asm idw scrap iac idw
solicitar alteração senha sap dever outro pessoa estar usar usuário alteração senhar sap;Corretiva;solicitar alteração senha dever outro pessoa usar alteração senhar
solicitar inclusão informação descarte componente plataforma asm sistema idw sisap scrap iac idw;Adequação de layout;solicitar inclusão informação descarte componente plataforma asm idw scrap iac idw
operador linha iac informar tentar fazer operação check porém aplicação informar bobina não alimentar item analise posição máquina ordem alimentação ud ocorrência iac analise op;Avaliação_Técnica;operador iac informar tentar fazer operação check porém aplicação informar bobina alimentar item analise posição máquina ordem alimentação ocorrência iac analise
solicitar inclusão informação descarte componente plataforma asm sistema idw scrap componente iac;Adequação de layout;solicitar inclusão informação descarte componente plataforma asm idw scrap componente iac
confeccionar tela inclusão ignorar tela baixa scrap poder acontecer caso mudar lista hoje filtro hard coder sisap tela parametro scrap;Melhorias;confeccionar tela inclusão ignorar tela baixa scrap poder acontecer caso mudar lista hoje filtro hard coder tela parametro scrap
ir permitir operador migrar carretel módulo outro caso ocorrer caso maquina quebrar componente alimentar precisar realocar outro modulo restrito somente adriandson funcionalidade hora funcionalidade carretel sistema check feeder;Melhorias;permitir operador migrar carretel módulo outro caso ocorrer caso maquina quebrar componente alimentar precisar realocar outro modulo restrito somente adriandson funcionalidade hora funcionalidade carretel check feeder
descrição problema solicitar inclusão informação descarte componente plataforma asm sistema idw scrap componente iac;Adequação de layout;descrição solicitar inclusão informação descarte componente plataforma asm idw scrap componente iac
realizar estudo confeccionar query ir tornar possível procedure realizar coleta insert dado sisap pegar tabela asm Siplace automatização coleta scrap linha ae sm;Melhorias;realizar estudo confeccionar query tornar possível procedure realizar coleta insert pegar tabela asm siplace automatização coleta scrap
existir bug sisap homolog após entrega checkerfeeder campo fornecedor não seguir ordem foco aplicação operação alimentação realimentação check botão leitura acionar on sistema fazer leitura automático z ir campo fornecedor campo leitura componente botão leitura acionar off pessoa fazer leitura z ir campo fornecedor campo leitura componente bug acontecer após mensagem sucesso erro aviso acontecer foco ir ultimo componente tipo input html bug completar leitura checkfeed iac;Erro;existir bug após entrega checkerfeeder campo fornecedor seguir ordem foco aplicação operação alimentação realimentação check botão leitura acionar fazer leitura automático campo fornecedor campo leitura componente botão leitura acionar off pessoa fazer leitura campo fornecedor campo leitura componente bug acontecer após mensagem sucesso erro aviso acontecer foco ultimo componente tipo input html bug completar leitura checkfeed iac
solicitar inclusão informação descarte componente plataforma asm sistema idw sisap scrap iac idw;Adequação de layout;solicitar inclusão informação descarte componente plataforma asm idw scrap iac idw
tela alerta amarelo iac procurar forma após passar determinar tempo parametrizável exemplo minuto alerta recorrente mesmo linha relacionar falta realimentação componente alerta sejir gravar relatório conferencia poder possível enviar via microsoft teams notificação lider sênior melhoria alertar amarelo ckeck cheeder iac;Melhorias;tela alerta amarelo iac procurar forma após passar determinar tempo parametrizável exemplo minuto alerta recorrente relacionar falta realimentação componente alerta sejir gravar relatório conferencia poder possível enviar via microsoft teams notificação lider sênior melhoria alertar amarelo
solicitar inclusão informação descarte componente plataforma asm sistema idw sisap scrap iac idw;Adequação de layout;solicitar inclusão informação descarte componente plataforma asm idw scrap iac idw
solicitar inclusão informação descarte componente plataforma asm sistema idw sisap scrap iac idw;Adequação de layout;solicitar inclusão informação descarte componente plataforma asm idw scrap iac idw
sisap tela scrap botão gerar dado diário não importar dado scrap idw registro solicitação botão gerar scrap diário não importar;Corretiva;tela scrap botão gerar diário importar scrap idw registro botão gerar scrap diário importar
iniciar processo leitura bandejas memória gravadas op novembro erro apontamento;Corretiva;iniciar processo leitura bandejas memória gravadas novembro erro apontamento
realizar estorno placa modelo precisar limpar dado lote sistema sisap sap limpeza lote;Corretiva;realizar estorno placa modelo precisar limpar lote limpeza lote
erro baixa reserva rejeito iac plataforma sap erro reserva sap;Corretiva;erro baixa reserva rejeito iac plataforma erro reserva
detectar duplicidade informação lançar relatório defeito iac problema detectar colaborador beatriz castro durante relatório diário logo informar equipe ti duplicidade defeito;Corretiva;detectar duplicidade informação lançar relatório defeito iac detectar colaborador durante relatório diário logo informar equipe duplicidade defeito
analise funcionalidade gerenciar placa molde adriandom controle placa solda analise chamado adriandson relacionar logs maquina impressão solda aplicativo conveio mqtt analisar recuperar maquina log stencil impressão solda analise demanda;Melhorias;analise funcionalidade gerenciar placa molde adriandom controle placa solda analise chamado adriandson relacionar logs maquina impressão solda aplicativo conveio mqtt recuperar maquina log stencil impressão solda analise demanda
analisar caso saldo iac alimentador fazer buffer grande aplicação saldo componente tela manutenção saldo não projetar trabalhar op rodar estudo sobre fazer baixa ajuste necessidade alimentação linha funcionar analise ocorrência ajustir saldo iac;Melhorias;caso saldo iac alimentador fazer buffer grande aplicação saldo componente tela manutenção saldo projetar trabalhar rodar estudo sobre fazer baixa ajuste necessidade alimentação funcionar analise ocorrência ajustir saldo iac
Adriandson Carvalho analise correção procedure scrap selecionar maquina grande produção lançar scrap analise correção procedure scrap selecionar maquina m;Melhorias;adriandson carvalho analise correção procedure scrap selecionar maquina grande produção lançar scrap analise correção procedure scrap selecionar maquina
analise reunião necessidade melhoria processo coleta scrap analise reunião necessidade melhoria processo coleta scrap;Melhorias;analise reunião necessidade melhoria processo coleta scrap analise reunião necessidade melhoria processo coleta scrap
linha smd sem comunicação idw falha comunicação idw;Corretiva;smd comunicação idw falha comunicação idw
Siplace analise não importação maquina não aparecer relatório scrap siplace analise não importação maquina;Corretiva;importação maquina aparecer relatório scrap siplace analise importação maquina
ir permitir operador migrar carretel módulo outro caso ocorrer caso maquina quebrar componente alimentar precisar serrealocar outro modulo restrito somente adriandson funcionalidade hora funcionalidade carretel sistema check feeder;Melhorias;permitir operador migrar carretel módulo outro caso ocorrer caso maquina quebrar componente alimentar precisar serrealocar outro modulo restrito somente adriandson funcionalidade hora funcionalidade carretel check feeder
sistema realimentação atualmente possibilidade falha filtro somente leitura posição z leitura carretel ação incluir sistema leitura feeder equipamento amarração posição z leitura carretel ficar assim processo robusto filtro leitura feeder;Melhorias;realimentação atualmente possibilidade falha filtro somente leitura posição leitura carretel ação incluir leitura feeder equipamento amarração posição leitura carretel ficar assim processo robusto filtro leitura feeder
atividader analise reunião laboratório parceria iac;Melhorias;reunião laboratório parceria iac
analise debug aplicação coleta etl scrap simplace linha checagem analise debug dia operação linha dia operação maquina modelo pci pr passar linha analise debug aplicação coleta etl scrap simplace linha;Erro;analise debug aplicação coleta etl scrap simplace checagem analise debug operação operação maquina modelo pci passar analise debug aplicação coleta etl scrap simplace
liberar função ajustir ud pessoa abaixo haroldo oliveira Helton Pinheiro Felipe augusto andreia nogueira haroldo oliveirar haroldoo Helton Pinheiro heltons felipe augusto felipe andreia Nogueira andreiafnr liberar função ajustir ud pessoa descrição;Adequação de layout;liberar função ajustir pessoa abaixo haroldoo andreiafnr liberar função ajustir pessoa descrição
necessidade check ne preparação material entreposto iac melhoria criar sisap web opção preparação material chegar embalar fornecedor identificar iac ação ver leitura crachá separador material reimpressão etiqueta tcl entreposto iac check etiqueta tcl x fornecedor gerar relatório leitura realizar coluna relatório operador data leitura etiqueta leitura etiqueta resultar check preparação material iac;Melhorias;necessidade check preparação material entreposto iac melhoria criar web opção preparação material chegar embalar fornecedor identificar iac ação ver leitura crachá separador material reimpressão etiqueta tcl entreposto iac check etiqueta tcl fornecedor gerar relatório leitura realizar coluna relatório operador data leitura etiqueta leitura etiqueta resultar check preparação material iac
novo operador máquina sênior necessitar usuário login senha ter acesso sistema teams novo usuario;Nova instalação;novo operador máquina sênior necessitar login senha ter teams novo usuario
registro erro estação z sistema check feeder operador esquecer mudar etapa novo realimentação solicitar alteração loop tela inicial coleta equipamento check feeder;Melhorias;registro erro estação check feeder operador esquecer mudar etapa novo realimentação solicitar alteração loop tela inicial coleta equipamento check feeder
descrição realizar processo amarração lote ver login crachá após configurar linha posto preencher dado ap campo posição relatório técnico defeito aceitar texto livre comprometar integridade dado comportamento esperar campo não permitir entrada livre sigar máscara validação passo reproduzir ver crachá linha posto fábrica iac linha smd 0x posto revisão fechamento formulário código fábrica número ap válido data atual acessar relatório técnico defeito impacto sem alternativa contorno disponível urgência média tela relatório defeito campo posição aceitar texto livre;Erro;descrição realizar processo amarração lote ver login crachá após configurar preencher campo posição relatório técnico defeito aceitar texto livre comprometar integridade comportamento esperar campo permitir entrada livre sigar máscara validação passo reproduzir ver crachá fábrica iac smd revisão fechamento formulário código fábrica número válido data atual acessar relatório técnico defeito impacto alternativa contorno disponível urgência média tela relatório defeito campo posição aceitar texto livre
falha somatória total baixa romaneio item scrap sisap idw;Corretiva;falha somatória total baixa romaneio item scrap idw
inclusão item sistema scrap idw seguir baixa novembro scrap sisap idw;Corretiva;inclusão item scrap idw seguir baixa novembro scrap idw
sap login usuario bloquear desbloqueio sap;Corretiva;login usuario bloquear desbloqueio
necessito inclusão item sistema sisap scrp idw scrap sisap idw;Corretiva;necessito inclusão item scrp idw scrap idw
sistema scrap sisap idw não gerar relatório rejeito dia equipamento relacionar idw scrap sisap idw;Corretiva;scrap idw gerar relatório rejeito equipamento relacionar idw scrap idw
escopo frente frente docker cópia configuração linha disponibilizar instância isolar aplicação dockerr linha linha linha variável volume independente healthcheck logs segregado contêiner linha contêiner execução monitorado registro logs linha frente b relé iac montagem esquemático preparar ex nodemcu conectar módulo relé iac esquemático elétrico físico locação microcontrolador relé linha esquemático anexo gpio alimentação opto acoplamento posicionamento painel linha listar material conversor relé iac cabo fonte caixa trilho din aplicável dispositivo montar testar led status acionamento relé isolamento frente c tasmoto mqtt flash config validação gravar tasmoto configurar mqtt Broker credencial tópico linha mapear gpio relé validar publicação assinatura firmware tasmoto estável gravar mqtt configurar host porta usuário senha tópico checklist teste evidência prints comando acionar relé app linha tasmoto mqtt;Nova instalação;escopo frente frente docker cópia configuração disponibilizar instância isolar aplicação dockerr variável volume independente healthcheck logs segregado contêiner contêiner execução monitorado registro logs frente relé iac montagem esquemático preparar nodemcu conectar módulo relé iac esquemático elétrico físico locação microcontrolador relé esquemático anexo gpio alimentação opto acoplamento posicionamento painel listar material conversor relé iac cabo fonte caixa trilho din aplicável dispositivo montar testar led status acionamento relé isolamento frente tasmoto mqtt flash config validação gravar tasmoto configurar mqtt broker credencial tópico mapear gpio relé validar publicação assinatura firmware tasmoto estável gravar mqtt configurar host porta senha tópico checklist teste evidência prints comando acionar relé app tasmoto mqtt
rejeito componente linha não integrado sistema scrap sisap idw realizar baixa componente scrap sisap idw;Adequação de layout;rejeito componente integrado scrap idw realizar baixa componente scrap idw
solicitar inclusão sistema iac idw componente rejeitar durante produção linha scrap sisap idw;Adequação de layout;solicitar inclusão iac idw componente rejeitar durante produção scrap idw
projeto controle stencil iac ajuste adequação campo tipo select box tela prt alteração funcionalidade tirar serviço mokar novo classe persistência banco migração formulário protótipo frontend projeto conjunto componente funcionalidade sistema próximo protótipo inicio analise debug procedur regra negocio aplicação inicio analise debug procedur regra negocio aplicação projeto stencil;Avaliação_Técnica;projeto controle stencil iac ajuste adequação campo tipo select box tela prt alteração funcionalidade tirar serviço mokar novo classe persistência banco migração formulário protótipo frontend projeto conjunto componente funcionalidade próximo protótipo inicio analise debug procedur regra negocio aplicação inicio analise debug procedur regra negocio aplicação projeto stencil
ap painel iac numero produção após analise identificar junto paulo apontar normalmente sisap problema somente painel não inicializar plano dia reportaremos equipe continuidade atividade analise ap painel iac numero produção;Avaliação_Técnica;painel iac numero produção após analise identificar junto paulo apontar normalmente somente painel inicializar plano reportaremos equipe continuidade atividade analise painel iac numero produção
registro erro estação z sistema check feeder operador esquecer mudar etapa novo realimentação solicitar alteração loop tela inicial coleta equipamento check feeder;Melhorias;registro erro estação check feeder operador esquecer mudar etapa novo realimentação solicitar alteração loop tela inicial coleta equipamento check feeder
rejeito linha não integrado sistema sisap scrap iac idw scrap sisap idw;Adequação de layout;rejeito integrado scrap iac idw scrap idw
rejeito linha não incluído sistema sisap scrap iac idw scrap sisap idw;Adequação de layout;rejeito incluído scrap iac idw scrap idw
caso carrossel reutilizar etapa alimentação modal não dever fechar após cada leitura dever ocorrer somente etapa realimentação fluxo esperar alimentação fechar modal bobina reutilizar concluir leitura possível continuar leitura fluxo esperar realimentação fechar modal bobina reutilizar concluir leitura fechar modal leitura finalizar leitura redirecionar novamente tela inicial alteração check iac carrossel reaproveitar;Corretiva;caso carrossel reutilizar etapa alimentação modal dever fechar após cada leitura dever ocorrer somente etapa realimentação fluxo esperar alimentação fechar modal bobina reutilizar concluir leitura possível continuar leitura fluxo esperar realimentação fechar modal bobina reutilizar concluir leitura fechar modal leitura finalizar leitura redirecionar novamente tela inicial alteração check iac carrossel reaproveitar
rejeito linha smd não integrado sistema scrap sisap idw scrap sisap idw;Erro;rejeito smd integrado scrap idw scrap idw
ver arquivo obs acontecer situação calcular diferança extremamente negativo ocorrer positivo sisap calculo previsão;Melhorias;ver arquivo obs acontecer situação calcular diferança extremamente negativo ocorrer positivo calculo previsão
pp ajustir pm gmt joao mende correção transação carregar roteiro item incorretamente ajustir;Erro;ajustir gmt correção transação carregar roteiro item incorretamente ajustir
thiago Silva eduardo romero favor liberar acesso cadastro carga ibp sap ir precisar ter acesso usuário adrian criar usuário ibp engenharer;Melhorias;liberar cadastro carga ibp precisar ter adrian criar ibp engenharer
não consigar acessar email desde ontem mail sem acesso;Corretiva;consigar acessar email desde ontem mail
geração venda ativo semp Am correção geração Semp Am;Avaliação_Técnica;geração venda ativo semp correção geração semp
ademir informar sistema não permitir dar entrada nota fiscal entrada motivo problema numeração numeração miro;Erro;informar permitir dar entrada nota fiscal entrada motivo numeração numeração miro
favor verificar rotina vtin pois lançar miro mesmo gravar gerar número informação não gravadas vtin precisar lançar novamente não conseguir excluir problema miro Vtin;Corretiva;rotina pois lançar miro gravar gerar número informação gravadas precisar lançar novamente conseguir excluir miro
melo romero bom tarde favor ajuda nota fiscal status não estornar porém processo efetuar mao conforme prints abaixo status transferência aircon;Melhorias;ajuda nota fiscal status estornar porém processo efetuar mao conforme prints abaixo status transferência aircon
erro registro entrada remessa depósito fechar hine erro cockpit;Erro;erro registro entrada remessa depósito fechar hine erro cockpit
centro am gmt adailton Silva valente correção transferênciar mp retorno depósito fechar fábrica transferir centro centro incorreto ser correto operação centro erro;Corretiva;centro gmt adailton silva valente correção transferênciar retorno depósito fechar fábrica transferir centro centro incorreto correto operação centro erro
documento inventário depósito;Corretiva;documento inventário depósito
etiqueta venda expedição não mostrar descrição produto ne código ajustir etiqueta expedição;Corretiva;etiqueta venda expedição mostrar descrição produto código ajustir etiqueta expedição
srs bom dia preciso ajuda problema transferência saldo mm sem movimentar wm migo migo erro transferência pa;Erro;srs preciso ajuda transferência saldo movimentar migo migo erro transferência
tipo manutenção adicionar key user processo transação sim justifique acesso quebra fifo atividade conferência outro informação nicolassp autorização quebra fifo;Melhorias;tipo manutenção adicionar key user processo transação sim justifique quebra fifo atividade conferência outro informação nicolassp autorização quebra fifo
erro registro entrada remessa depósito fechar hine erro cockpit;Corretiva;erro registro entrada remessa depósito fechar hine erro cockpit
mudança am gmt adailton Silva valente saldo pendente transferência saldo;Corretiva;mudança gmt adailton silva valente saldo pendente transferência saldo
bom dia erro registro entrada remessa depósito fechar hine erro cockpit;Corretiva;erro registro entrada remessa depósito fechar hine erro cockpit
bom dia erro registro entrada remessa depósito fechar hine erro cockpit;Corretiva;erro registro entrada remessa depósito fechar hine erro cockpit
bom dia erro registro entrada remessa depósito fechar hine nf documento erro cockpit;Corretiva;erro registro entrada remessa depósito fechar documento erro cockpit
consulta Wm nfe pm gmt leandro pagan calculo unidade am gmt adailton Silva valente verificar volume separação wm volume separação;Erro;consulta nfe gmt leandro pagan calculo unidade gmt adailton silva valente volume separação volume separação
campo tipo estoque am gmt adailton Silva valente olá adequação transação mostrar status q s transação ac;Adequação de layout;campo tipo estoque gmt adailton silva valente olá adequação transação mostrar status transação
bom dia erro registro entrada remessa depósito fechar hine nf documento erro cockpit;Corretiva;erro registro entrada remessa depósito fechar documento erro cockpit
doc nfe presa sistema processamento nfe presa sistema;Corretiva;presa processamento nfe presa
bom dia favor colocar qubra fifo usuário sap jhonatassa miguels quebra fifo;Adequação de layout;colocar qubra fifo jhonatassa miguels quebra fifo
bom dia favor excluir posição n deposito deposito posição posição criar deposito errar;Corretiva;excluir posição deposito deposito posição posição criar deposito errar
transação am gmt adailton Silva valente bom dia favor colocar trava transação evitar criação posição errar deposito trar transação;Corretiva;transação gmt adailton silva valente colocar trava transação evitar criação posição errar deposito trar transação
bom dia favor colocar quebra fifo usuário tiagol sem substituição quebra fifo;Corretiva;colocar quebra fifo tiagol substituição quebra fifo
bom dia cd hine fazer movimentação entrada normal deposito wm mm nf fazer entrada seguida estornar erro operacional saldo mm ficar pendente transito necessitar correção saldo ok correção saldo movimentação errar;Corretiva;hine fazer movimentação entrada normal deposito fazer entrada seguida estornar erro operacional saldo ficar pendente transito necessitar correção saldo correção saldo movimentação errar
tipo manutenção adicionar key user processo transação sim justifique bom dia liberar acesso quebra fifo usuário sielsoro atividade expedição outro informação usuário sielsoro quebra fifo exped mao;Melhorias;tipo manutenção adicionar key user processo transação sim justifique liberar quebra fifo sielsoro atividade expedição outro informação sielsoro quebra
executar refresh tela documento processar nf entrada Transf dep;Erro;executar refresh tela documento processar entrada transf dep
quantidade remessa simbólico pequeno remessa venda marco conforme falar rmessa simbólico excluir divergênciar remesso venda simbólico;Erro;quantidade remessa simbólico pequeno remessa venda marco conforme falar rmessa simbólico excluir divergênciar remesso venda simbólico
nota fiscal sem informação dado adicional nota fiscal;Erro;nota fiscal informação adicional nota fiscal
não conseguir executar segundo etapa processo faturamento geração remessa simbólico dado erro enviar marco lima ver teams erro cockpit;Erro;conseguir executar segundo etapa processo faturamento geração remessa simbólico erro enviar marco lima ver teams erro cockpit
bom tarde erro registro entrada remessa depósito fechar fábrica tv cd hine nf documento erro documento ser processar executar refresh tela erro cockpit;Corretiva;erro registro entrada remessa depósito fechar fábrica hine documento erro documento processar executar refresh tela erro cockpit
criar trava inserir remessa diferente local org transporte ex local org transporte remesso inserido local transporte de esse remessa remesso correta local transporte Centro trar criação dt;Melhorias;criar trava inserir remessa diferente local org transporte local org transporte remesso inserido local transporte remessa remesso correta local transporte centro trar criação
bom tarde erro registro entrada remessa depósito fechar fábrica tv cd hine nf documento erro documento ser processar executar refresh tela erro cockpit;Corretiva;erro registro entrada remessa depósito fechar fábrica hine documento erro documento processar executar refresh tela erro cockpit
erro registro entrada remessa depósito fechar fábrica tv cd hine nf documento erro documento ser processar executar refresh tela erro cockpit;Corretiva;erro registro entrada remessa depósito fechar fábrica hine documento erro documento processar executar refresh tela erro cockpit
bom tarde solicito espelhamento usuário rede ismaelss usuário milsonrp espelhamento acesso usuário;Nova instalação;espelhamento rede ismaelss milsonrp espelhamento
executar refresh tela transação não conseguir entrada nota fiscal refresh tela;Erro;executar refresh tela transação conseguir entrada nota fiscal refresh tela
tela status operação logística possível acompanhar sisap informação imputar adm dlog seguir anexo exemplo fazer excel qualquer duvida disposição resumo operação;Melhorias;tela status operação logística possível acompanhar informação imputar seguir anexo exemplo fazer excel qualquer duvida disposição resumo operação
bom tarde favor verificar cfop remessa faturamento fabrico tv cd hine remessa cfop nao aparecer precisar incluir manual cfop errar remessa;Corretiva;remessa faturamento fabrico hine remessa nao aparecer precisar incluir manual errar remessa
saldo material constar sistema quantia tentar gerar remessa transferência armazém informar quantia pequeno saldo divergente;Corretiva;saldo material constar quantia tentar gerar remessa transferência armazém informar quantia pequeno saldo divergente
não conseguir registrar número série remessa deposito manau erro leitura ee bq;Erro;conseguir registrar número série remessa deposito manau erro leitura
favor autorizar usuário brunocs quebra fifo depósito quebra fifo;Corretiva;autorizar brunocs quebra fifo depósito quebra fifo
executar refresh tela transação não conseguir entrada nota fiscal nf doc erro cockpit;Corretiva;executar refresh tela transação conseguir entrada nota fiscal doc erro cockpit
liberação quebra fifo novo colaborador ivanka cristianma gilsonmg erro leitura ee bq;Melhorias;liberação quebra fifo novo colaborador ivanka cristianma gilsonmg erro leitura
erro entrada erro cockpit;Erro;erro entrada erro cockpit
não consigar gerar documento remessar simbólico grupo cockpit remessa venda verificação;Corretiva;consigar gerar documento remessar simbólico grupo cockpit remessa venda verificação
solicitar ajustir fluxo aprovação pedido ativo fixo pois devido ajuste bu bg processo logístico bg ficar sobre responsabilidade gerencia daniel fonseca diretoria roberto Silva de esse modo precisar caso bg tanto manau sp precisar ficar fluxo aprovação fluxo;Corretiva;solicitar ajustir fluxo aprovação pedido ativo fixo pois devido ajuste processo logístico ficar sobre responsabilidade gerencia diretoria modo precisar caso tanto manau precisar ficar fluxo aprovação fluxo
bom dia favor ajude processo correção saldo disponível ne peça disponível apenas criar remessa transação saldo insuficiente criar remessa transferencia;Corretiva;ajude processo correção saldo disponível peça disponível apenas criar remessa transação saldo insuficiente criar remessa transferencia
posição criar formato imprimir etiqueta sair faltar digito impressão descrição endereço etiqueta;Corretiva;posição criar formato imprimir etiqueta sair faltar digito impressão descrição endereço etiqueta
criar layout transação impressão etiqueta pequeno endereçamento cd tucunaré impressão etiqueta pequeno;Corretiva;criar layout transação impressão etiqueta pequeno endereçamento tucunaré impressão etiqueta pequeno
produto acabar constar sem saldo centro saldo disponível sistema peça tentar gerar remesso saldo disponível peça apenas sem saldo geração remessa;Corretiva;produto acabar constar saldo centro saldo disponível peça tentar gerar remesso saldo disponível peça apenas saldo geração remessa
bom dia solicitar;Corretiva;solicitar
bom análise rastreio documento transporte divergência relação fob venda cif transferencia onde consigar identificar caso documento transporte criar erroneamente consigar sanar impacto precisar conter transação opção tipo transporte contir transação abaixo bom entendimento melhoria;Melhorias;análise rastreio documento transporte divergência relação fob venda cif transferencia onde consigar identificar caso documento transporte criar erroneamente consigar sanar impacto precisar conter transação opção tipo transporte contir transação abaixo entendimento melhoria
tipo manutenção adicionar key user processo transação sim justifique favor autorizar quebra fifo conferente adrianovp marcosln seguir atividade dlog depósito outro informação adrianovpr marcosln wm autorizar quebra fifo;Melhorias;tipo manutenção adicionar key user processo transação sim justifique autorizar quebra fifo conferente adrianovp marcosln seguir atividade dlog depósito outro informação adrianovpr marcosln autorizar quebra fifo
transação andamento inventário deposito arcon nao informar seguinte informação ult inventário doc invent item comentário favor poder seguir seguinte informação em este transação anexo prints transação dep modelo dep tv dado servir exemplo dado inventário transação;Corretiva;transação andamento inventário deposito arcon nao informar seguinte informação ult inventário doc invent item comentário poder seguir seguinte informação transação anexo prints transação dep modelo dep servir exemplo inventário transação
projeto aplicação logística tipo projeto evolução categoriaserviço logística vite cisistema ambiente homologação grupo designar informar prioridade impacto urgência médiaalta alto média solicitante informar responsável felipe nascimento resumo executivo;Avaliação_Técnica;projeto aplicação logística tipo projeto evolução categoriaserviço logística vite cisistema ambiente homologação grupo designar informar prioridade impacto urgência médiaalta alto média solicitante informar responsável nascimento resumo executivo
favor ajude processo correção saldo disponível ne peça disponível apenas criar remessa erro criação remessa;Erro;ajude processo correção saldo disponível peça disponível apenas criar remessa erro criação remessa
não ser possivel transferência serial fábrica tv Cd tucunaré exemplo anexo transferência serial;Corretiva;possivel transferência serial fábrica tucunaré exemplo anexo transferência serial
favor preciso;Corretiva;preciso
favor;Corretiva;
abap ajuster etiqueta reduzir mao pm gmt adailton Silva valente solicitar adequação etiqueta volume utilizar logística manau devido necessidade estoque precisar adequação novo medida etiqueta disponível seguir anexo etiqueta volume mao;Adequação de layout;reduzir mao gmt adailton silva valente solicitar adequação etiqueta volume utilizar logística manau devido necessidade estoque precisar adequação novo medida etiqueta disponível seguir anexo etiqueta volume mao
leandro bom tarde conforme falamo erro geração remessa simbólico remessa venda abaixo favor fazer correção seguir processo wm grato erro geração remessa simbólico;Corretiva;conforme falamo erro geração remessa simbólico remessa venda abaixo fazer correção seguir processo grato erro geração remessa simbólico
não possível gerar remessa simbólico cockpit programação coleta carga hoje mao erro cockpit;Erro;possível gerar remessa simbólico cockpit programação coleta carga hoje mao erro cockpit
não possível gerar remessa simbólico cockbit conforme informar via teams erro processamento remessa simbólico;Erro;possível gerar remessa simbólico cockbit conforme informar via teams erro processamento remessa simbólico
Solicito o retorno do equipamento CLP da linha de montagem após manutenção preventiva.;Retorno;retorno equipamento clp montagem após manutenção preventiva
Equipamento de leitura da catraca devolvido ao TI, favor processar o retorno no sistema de patrimônio.;Retorno;equipamento leitura catraca devolvido processar retorno patrimônio
Registro de retorno da câmera de inspeção para o estoque central da engenharia após testes da POC.;Retorno;registro retorno câmera inspeção estoque central engenharia após testes poc
O dispositivo de monitoramento de telemetria retornou da assistência técnica e precisa ser reativado no painel.;Retorno;dispositivo monitoramento telemetria retornou assistência técnica precisa reativado painel
Confirmação de entrada e retorno do lote de placas eletrônicas para revisão do setor de qualidade.;Retorno;confirmação entrada retorno lote placas eletrônicas revisão setor qualidade
Informo o retorno do terminal coletor de dados utilizado no inventário de suprimentos logísticos.;Retorno;informo retorno terminal coletor dados utilizado inventário suprimentos logísticos
Retorno do notebook de uso da supervisão que estava em análise técnica, pronto para reconfiguração de rede.;Retorno;retorno notebook uso supervisão análise técnica pronto reconfiguração rede
Solicitação de retorno de equipamento de rede substituído durante a janela de manutenção noturna.;Retorno;retorno equipamento rede substituído durante janela manutenção noturna
Necessário ajustar o layout das etiquetas de identificação dos equipamentos, redimensionando o espaço para o nome.;Adequação de layout;necessário ajustar layout etiquetas identificação equipamentos redimensionando espaço nome
Solicito adequação no layout do dashboard MQTT para melhor visualização da centralização dos dados dos CLPs.;Adequação de layout;adequação layout dashboard mqtt melhor visualização centralização dados clps
Alteração do layout da tela de cadastro de acesso nas catracas do sistema da fábrica.;Adequação de layout;alteração layout tela cadastro catracas fábrica
Revisão urgente do layout de impressão das etiquetas datamatrix para o blank de placas eletrônicas.;Adequação de layout;revisão urgente layout impressão etiquetas datamatrix blank placas eletrônicas
Adequar a disposição dos gráficos de previsão de série temporal no painel principal de monitoramento.;Adequação de layout;adequar disposição gráficos previsão série temporal painel principal monitoramento
Ajuste de margens e fontes no layout do relatório de exportação do sistema de suprimentos.;Adequação de layout;ajuste margens fontes layout relatório exportação suprimentos
Modificação do layout do crachá de identificação funcional para incluir marcadores de corte precisos.;Adequação de layout;modificação layout crachá identificação funcional incluir marcadores corte precisos
Redesenho do layout da interface do operador na IHM para facilitar a inserção de parâmetros de máquina.;Adequação de layout;redesenho layout interface operador ihm facilitar inserção parâmetros máquina
Solicito avaliação técnica para implantação de câmera com modelo de detecção de objetos na esteira de produção.;Avaliação_Técnica;avaliação técnica implantação câmera modelo detecção objetos esteira produção
Análise de viabilidade para a rotina de carga em massa de dados de novos funcionários nas catracas de teste.;Avaliação_Técnica;análise viabilidade rotina carga massa dados novos funcionários catracas teste
Avaliação técnica da infraestrutura de rede necessária para suportar o tráfego do broker MQTT dos equipamentos.;Avaliação_Técnica;avaliação técnica infraestrutura rede necessária suportar tráfego broker mqtt equipamentos
Estudo técnico para definição do banco de dados de alta performance ideal para atuar como historiador industrial.;Avaliação_Técnica;estudo técnico definição banco dados alta performance ideal atuar historiador industrial
Avaliação de requisitos para a integração da API do sistema de logística com o novo ERP do almoxarifado.;Avaliação_Técnica;avaliação requisitos integração api logística novo erp almoxarifado
Necessito de uma avaliação técnica sobre a melhor arquitetura de processamento para rodar os notebooks do projeto.;Avaliação_Técnica;necessito avaliação técnica sobre melhor arquitetura processamento rodar notebooks projeto
Solicitação de análise técnica para homologação do novo lote de sensores da linha de montagem.;Avaliação_Técnica;análise técnica homologação novo lote sensores montagem
Avaliação técnica de segurança para liberação das portas de comunicação entre as redes de automação e corporativa.;Avaliação_Técnica;avaliação técnica segurança liberação portas comunicação redes automação corporativa
Solicito o retorno do CLP de testes que estava com a equipe de automação no setor de engenharia.;Retorno;retorno clp testes equipe automação setor engenharia
Devolução e retorno do equipamento de CFTV utilizado na POC de controle de acesso das catracas.;Retorno;devolução retorno equipamento cftv utilizado poc controle catracas
Confirmar o processo de retorno do notebook de alto desempenho cedido provisoriamente para a equipe de dados.;Retorno;confirmar processo retorno notebook alto desempenho cedido provisoriamente equipe dados
Registro de retorno da câmera industrial usada para capturar as fotos dos blanks na esteira de montagem.;Retorno;registro retorno câmera industrial usada capturar fotos blanks esteira montagem
Equipamento de roteamento substituído ontem, solicitamos o processo de retorno físico ao almoxarifado de TI.;Retorno;equipamento roteamento substituído ontem solicitamos processo retorno físico almoxarifado
Retorno do monitor secundário utilizado pela supervisão para exibir os dashboards do historiador MQTT.;Retorno;retorno monitor secundário utilizado supervisão exibir dashboards historiador mqtt
Favor registrar o retorno da placa de desenvolvimento de IA emprestada para os testes de inferência.;Retorno;registrar retorno placa desenvolvimento emprestada testes inferência
O sensor de telemetria do equipamento apresentou falha intermitente e precisa de retorno imediato para o fabricante.;Retorno;sensor telemetria equipamento apresentou falha intermitente precisa retorno imediato fabricante
Precisamos de uma adequação no layout das etiquetas de identificação dos ativos, garantindo que o fundo fique perfeitamente uniforme para a leitura do scanner.;Adequação de layout;precisamos adequação layout etiquetas identificação ativos garantindo fundo fique perfeitamente uniforme leitura scanner
Adequar o layout da tela do dashboard de previsão de séries temporais para incluir a opção de granularidade mensal e diária.;Adequação de layout;adequar layout tela dashboard previsão séries temporais incluir opção granularidade mensal diária
Ajuste urgente no layout de impressão dos crachás, favor inserir os marcadores de corte nas extremidades do arquivo.;Adequação de layout;ajuste urgente layout impressão crachás inserir marcadores corte extremidades arquivo
Modificar o layout da planilha de exportação de dados históricos para alinhar com o novo formato de ingestão do banco.;Adequação de layout;modificar layout planilha exportação dados históricos alinhar novo formato ingestão banco
Solicito adequação de layout na interface da IHM da máquina para destacar visualmente as leituras críticas de telemetria dos CLPs.;Adequação de layout;adequação layout interface ihm máquina destacar visualmente leituras críticas telemetria clps
O layout atual da interface do sistema de suprimentos e logística precisa de adequação para melhor usabilidade em coletores de dados.;Adequação de layout;layout atual interface suprimentos logística precisa adequação melhor usabilidade coletores dados
Revisão do layout de captura da câmera para garantir que o código datamatrix da placa eletrônica fique sempre centralizado no frame.;Adequação de layout;revisão layout captura câmera garantir código datamatrix placa eletrônica fique sempre centralizado frame
Ajustar o design do layout do portal de relatórios, aplicando um tema visual com cores mais vibrantes e contraste adequado.;Adequação de layout;ajustar design layout portal relatórios aplicando tema visual cores vibrantes contraste adequado
Solicito avaliação técnica para implantação de pipeline de Machine Learning focado em previsão de falhas de hardware.;Avaliação_Técnica;avaliação técnica implantação pipeline machine learning focado previsão falhas hardware
Avaliação técnica sobre a integração do banco de dados de alta performance com a rede de CLPs do chão de fábrica via protocolo MQTT.;Avaliação_Técnica;avaliação técnica sobre integração banco dados alta performance rede clps chão fábrica via protocolo mqtt
Análise e avaliação técnica do script em Python responsável pela captura e salvamento em pasta das imagens da linha de produção.;Avaliação_Técnica;análise avaliação técnica script python responsável captura salvamento pasta imagens produção
Necessária avaliação técnica para validar a viabilidade do uso de modelos YOLOv11 para inspeção automatizada na esteira.;Avaliação_Técnica;necessária avaliação técnica validar viabilidade uso modelos yolov inspeção automatizada esteira
Solicitação de avaliação técnica dos requisitos de rede para o novo modelo de catracas de controle de acesso de funcionários.;Avaliação_Técnica;avaliação técnica requisitos rede novo modelo catracas controle funcionários
Estudo e avaliação técnica para a estruturação de um ambiente Jupyter Notebook padronizado para os usuários do setor de engenharia.;Avaliação_Técnica;estudo avaliação técnica estruturação ambiente jupyter notebook padronizado usuários setor engenharia
Avaliação técnica de viabilidade para criação de um robô de automação que extraia os dados de cotações financeiras diretamente do portal externo.;Avaliação_Técnica;avaliação técnica viabilidade criação robô automação extraia dados cotações financeiras diretamente portal externo
Solicito avaliação técnica da capacidade atual do servidor local para suportar processamento de inferência de visão computacional em tempo real.;Avaliação_Técnica;avaliação técnica capacidade atual servidor local suportar processamento inferência visão computacional tempo real
